"region","code_iso3","country_name","city","measure_year","measure_pm25_ug_m3","measure_pm10_ug_m3","measure_no2_ug_m3","pm25_temporal_coverage","pm10_temporal_coverage","no2_temporal_coverage","source","monitoring_station_number","database_version","status"
"European Region","AND","Andorra","Escaldes-Engordany",2017,NA,26.3,28.74,NA,NA,95.10273973,"European Environment Agency (downloaded in 2021)",NA,2022,NA
"European Region","AND","Andorra","Escaldes-Engordany",2018,NA,23.2,26.55,NA,NA,93.39041096,"European Environment Agency (downloaded in 2021)",NA,2022,NA
"European Region","AND","Andorra","Escaldes-Engordany",2019,NA,24.58,31.01,NA,NA,92.1803653,"European Environment Agency (downloaded in 2021)",NA,2022,NA
"European Region","AUT","Austria","Amstetten",2017,NA,18.87,21.11,NA,NA,95.46803653,"European Environment Agency (downloaded in 2021)",NA,2022,NA
"European Region","AUT","Austria","Amstetten",2018,NA,21.22,20.52,NA,NA,95.14840183,"European Environment Agency (downloaded in 2021)",NA,2022,NA
"European Region","AUT","Austria","Amstetten",2019,NA,17.43,18.87,NA,NA,95.53652968,"European Environment Agency (downloaded in 2021)",NA,2022,NA
"European Region","AUT","Austria","Bad Vöslau",2017,NA,16.47,11.71,NA,NA,95.50228311,"European Environment Agency (downloaded in 2021)",NA,2022,NA
"European Region","AUT","Austria","Bad Vöslau",2018,NA,19.1,13.34,NA,NA,95.53652968,"European Environment Agency (downloaded in 2021)",NA,2022,NA
"European Region","AUT","Austria","Bad Vöslau",2019,NA,13.72,10,NA,NA,95.58219178,"European Environment Agency (downloaded in 2021)",NA,2022,NA
"European Region","AUT","Austria","Biedermannsdorf",2017,NA,19.69,26.25,NA,NA,94.38356164,"European Environment Agency (downloaded in 2021)",NA,2022,NA
"European Region","AUT","Austria","Biedermannsdorf",2018,NA,22.8,23.35,NA,NA,95.51369863,"European Environment Agency (downloaded in 2021)",NA,2022,NA
"European Region","AUT","Austria","Biedermannsdorf",2019,NA,16.53,21.15,NA,NA,95.59360731,"European Environment Agency (downloaded in 2021)",NA,2022,NA
"European Region","AUT","Austria","Bludenz",2017,NA,13.76,22.27,NA,NA,95.46803653,"European Environment Agency (downloaded in 2021)",NA,2022,NA
"European Region","AUT","Austria","Bratislava",2017,NA,21.78,14.32,NA,NA,94.15525114,"European Environment Agency (downloaded in 2021)",NA,2022,NA
"European Region","AUT","Austria","Bratislava",2018,NA,25.25,14.24,NA,NA,95.44520548,"European Environment Agency (downloaded in 2021)",NA,2022,NA
"European Region","AUT","Austria","Bratislava",2019,NA,19.35,12.2,NA,NA,95.73059361,"European Environment Agency (downloaded in 2021)",NA,2022,NA
"European Region","AUT","Austria","Braunau Am Inn",2018,13.27,17.83,18.89,NA,NA,93.80136986,"European Environment Agency (downloaded in 2021)",NA,2022,NA
"European Region","AUT","Austria","Braunau Am Inn",2019,12.48,17.83,17.68,NA,NA,93.74429224,"European Environment Agency (downloaded in 2021)",NA,2022,NA
"European Region","AUT","Austria","Bruck An Der Mur",2017,NA,18.96,18.5,NA,NA,95.65068493,"European Environment Agency (downloaded in 2021)",NA,2022,NA
"European Region","AUT","Austria","Bruck An Der Mur",2018,NA,17.75,16.26,NA,NA,95.60502283,"European Environment Agency (downloaded in 2021)",NA,2022,NA
"European Region","AUT","Austria","Bruck An Der Mur",2019,NA,15.29,14.86,NA,NA,95.63926941,"European Environment Agency (downloaded in 2021)",NA,2022,NA
"European Region","AUT","Austria","Burgfried",2017,12.72,17.18,40.19,NA,NA,95.61643836,"European Environment Agency (downloaded in 2021)",NA,2022,NA
"European Region","AUT","Austria","Burgfried",2018,13.03,17.55,36.9,NA,NA,95.57077626,"European Environment Agency (downloaded in 2021)",NA,2022,NA
"European Region","AUT","Austria","Burgfried",2019,10.68,15.11,36,NA,NA,95.68493151,"European Environment Agency (downloaded in 2021)",NA,2022,NA
"European Region","AUT","Austria","Deutschlandsberg",2017,NA,18.31,13.97,NA,NA,91.87214612,"European Environment Agency (downloaded in 2021)",NA,2022,NA
"European Region","AUT","Austria","Deutschlandsberg",2018,NA,18.21,13.22,NA,NA,93.78995434,"European Environment Agency (downloaded in 2021)",NA,2022,NA
"European Region","AUT","Austria","Deutschlandsberg",2019,NA,16.03,11.71,NA,NA,95.54794521,"European Environment Agency (downloaded in 2021)",NA,2022,NA
"European Region","AUT","Austria","Donawitz",2017,NA,17.57,17.84,NA,NA,95.66210046,"European Environment Agency (downloaded in 2021)",NA,2022,NA
"European Region","AUT","Austria","Donawitz",2018,NA,17.55,15.68,NA,NA,95.06849315,"European Environment Agency (downloaded in 2021)",NA,2022,NA
"European Region","AUT","Austria","Donawitz",2019,NA,15.61,15.08,NA,NA,95.61643836,"European Environment Agency (downloaded in 2021)",NA,2022,NA
"European Region","AUT","Austria","Dornbirn",2017,9.66,14.21,29.87,NA,NA,95.25114155,"European Environment Agency (downloaded in 2021)",NA,2022,NA
"European Region","AUT","Austria","Dornbirn",2018,10.51,16.34,28.46,NA,NA,95.1369863,"European Environment Agency (downloaded in 2021)",NA,2022,NA
"European Region","AUT","Austria","Dornbirn",2019,9.28,14.77,26.58,NA,NA,94.7716895,"European Environment Agency (downloaded in 2021)",NA,2022,NA
"European Region","AUT","Austria","Eisenstadt",2017,12.85,19.83,18.2,NA,NA,95.50228311,"European Environment Agency (downloaded in 2021)",NA,2022,NA
"European Region","AUT","Austria","Eisenstadt",2018,13.79,23.47,17.03,NA,NA,95.46803653,"European Environment Agency (downloaded in 2021)",NA,2022,NA
"European Region","AUT","Austria","Eisenstadt",2019,10.66,18.36,15.58,NA,NA,94.82876712,"European Environment Agency (downloaded in 2021)",NA,2022,NA
"European Region","AUT","Austria","Enns",2017,13.78,20.41,43.61,NA,NA,93.10502283,"European Environment Agency (downloaded in 2021)",NA,2022,NA
"European Region","AUT","Austria","Enns",2018,16.76,23.13,38.36,NA,NA,94.37214612,"European Environment Agency (downloaded in 2021)",NA,2022,NA
"European Region","AUT","Austria","Enns",2019,12.11,18.81,36.98,NA,NA,94.10958904,"European Environment Agency (downloaded in 2021)",NA,2022,NA
"European Region","AUT","Austria","Feldkirch",2017,NA,15.43,41.02,NA,NA,94.84018265,"European Environment Agency (downloaded in 2021)",NA,2022,NA
"European Region","AUT","Austria","Feldkirch",2018,NA,16.83,37.83,NA,NA,95.1826484,"European Environment Agency (downloaded in 2021)",NA,2022,NA
"European Region","AUT","Austria","Feldkirch",2019,NA,15.77,35.78,NA,NA,95.4109589,"European Environment Agency (downloaded in 2021)",NA,2022,NA
"European Region","AUT","Austria","Freistadt",2017,8.75,11.96,5.75,NA,NA,92.3173516,"European Environment Agency (downloaded in 2021)",NA,2022,NA
"European Region","AUT","Austria","Freistadt",2018,10.23,14.28,5.11,NA,NA,93.19634703,"European Environment Agency (downloaded in 2021)",NA,2022,NA
"European Region","AUT","Austria","Freistadt",2019,7.25,9.77,4.05,NA,NA,94.26940639,"European Environment Agency (downloaded in 2021)",NA,2022,NA
"European Region","AUT","Austria","Furstenfeld",2017,NA,20.8,17.79,NA,NA,95.21689498,"European Environment Agency (downloaded in 2021)",NA,2022,NA
"European Region","AUT","Austria","Furstenfeld",2018,NA,21.15,15.31,NA,NA,95.62785388,"European Environment Agency (downloaded in 2021)",NA,2022,NA
"European Region","AUT","Austria","Furstenfeld",2019,NA,17.97,14.44,NA,NA,95.67351598,"European Environment Agency (downloaded in 2021)",NA,2022,NA
"European Region","AUT","Austria","Gänserndorf",2017,NA,20.32,12.42,NA,NA,95.57077626,"European Environment Agency (downloaded in 2021)",NA,2022,NA
"European Region","AUT","Austria","Gänserndorf",2018,NA,22.3,10.99,NA,NA,95.25114155,"European Environment Agency (downloaded in 2021)",NA,2022,NA
"European Region","AUT","Austria","Gänserndorf",2019,NA,17.05,9.79,NA,NA,95.50228311,"European Environment Agency (downloaded in 2021)",NA,2022,NA
"European Region","AUT","Austria","Gemeinde Imst",2017,NA,13.23,34.08,NA,NA,95.55936073,"European Environment Agency (downloaded in 2021)",NA,2022,NA
"European Region","AUT","Austria","Gemeinde Imst",2018,NA,15.4,32.4,NA,NA,95.62785388,"European Environment Agency (downloaded in 2021)",NA,2022,NA
"European Region","AUT","Austria","Gemeinde Imst",2019,NA,13.51,29.35,NA,NA,95.51369863,"European Environment Agency (downloaded in 2021)",NA,2022,NA
"European Region","AUT","Austria","Gmunden",2017,8.74,12.08,14.76,NA,NA,94.98858447,"European Environment Agency (downloaded in 2021)",NA,2022,NA
"European Region","AUT","Austria","Gmunden",2018,10.37,14.75,13.23,NA,NA,95.03424658,"European Environment Agency (downloaded in 2021)",NA,2022,NA
"European Region","AUT","Austria","Gmunden",2019,8.42,12.51,12.39,NA,NA,94.46347032,"European Environment Agency (downloaded in 2021)",NA,2022,NA
"European Region","AUT","Austria","Goss",2017,NA,16.9,24.59,NA,NA,95.65068493,"European Environment Agency (downloaded in 2021)",NA,2022,NA
"European Region","AUT","Austria","Goss",2018,NA,18.68,23.36,NA,NA,95.59360731,"European Environment Agency (downloaded in 2021)",NA,2022,NA
"European Region","AUT","Austria","Goss",2019,NA,15.57,22.26,NA,NA,95.67351598,"European Environment Agency (downloaded in 2021)",NA,2022,NA
"European Region","AUT","Austria","Graz",2017,19.95,25.66,32.31,NA,NA,95.07039574,"European Environment Agency (downloaded in 2021)",NA,2022,NA
"European Region","AUT","Austria","Graz",2018,19.27,25.27,28.57,NA,NA,95.39573821,"European Environment Agency (downloaded in 2021)",NA,2022,NA
"European Region","AUT","Austria","Graz",2019,15.46,21.63,26.36,NA,NA,95.51560122,"European Environment Agency (downloaded in 2021)",NA,2022,NA
"European Region","AUT","Austria","Graz-Umgebung",2017,NA,18.51,17.55,NA,NA,95.53652968,"European Environment Agency (downloaded in 2021)",NA,2022,NA
"European Region","AUT","Austria","Graz-Umgebung",2018,NA,17.25,14.83,NA,NA,95.66210046,"European Environment Agency (downloaded in 2021)",NA,2022,NA
"European Region","AUT","Austria","Graz-Umgebung",2019,NA,12.22,14.55,NA,NA,95.29680365,"European Environment Agency (downloaded in 2021)",NA,2022,NA
"European Region","AUT","Austria","Hainburg An Der Donau",2017,NA,21.13,14.99,NA,NA,95.62785388,"European Environment Agency (downloaded in 2021)",NA,2022,NA
"European Region","AUT","Austria","Hainburg An Der Donau",2018,NA,23.92,13.96,NA,NA,94.85159817,"European Environment Agency (downloaded in 2021)",NA,2022,NA
"European Region","AUT","Austria","Hainburg An Der Donau",2019,NA,17.42,12.63,NA,NA,95.59360731,"European Environment Agency (downloaded in 2021)",NA,2022,NA
"European Region","AUT","Austria","Hall In Tirol",2017,NA,16.71,35.95,NA,NA,95.60502283,"European Environment Agency (downloaded in 2021)",NA,2022,NA
"European Region","AUT","Austria","Hall In Tirol",2018,NA,17.36,33.08,NA,NA,95.46803653,"European Environment Agency (downloaded in 2021)",NA,2022,NA
"European Region","AUT","Austria","Hall In Tirol",2019,NA,16.26,32.04,NA,NA,95.65068493,"European Environment Agency (downloaded in 2021)",NA,2022,NA
"European Region","AUT","Austria","Hallein",2017,12.72,17.71,33.79,NA,NA,95.74961948,"European Environment Agency (downloaded in 2021)",NA,2022,NA
"European Region","AUT","Austria","Hallein",2018,13.03,17.64,31.03,NA,NA,95.57458143,"European Environment Agency (downloaded in 2021)",NA,2022,NA
"European Region","AUT","Austria","Hallein",2019,10.68,16.04,29.16,NA,NA,95.71917808,"European Environment Agency (downloaded in 2021)",NA,2022,NA
"European Region","AUT","Austria","Hallstatt",2019,NA,10.84,9.84,NA,NA,81.94063927,"European Environment Agency (downloaded in 2021)",NA,2022,NA
"European Region","AUT","Austria","Hartberg",2017,NA,20.49,19.21,NA,NA,94.88584475,"European Environment Agency (downloaded in 2021)",NA,2022,NA
"European Region","AUT","Austria","Hartberg",2018,NA,21.6,16.81,NA,NA,95.2283105,"European Environment Agency (downloaded in 2021)",NA,2022,NA
"European Region","AUT","Austria","Hartberg",2019,NA,18.72,15.41,NA,NA,95.65068493,"European Environment Agency (downloaded in 2021)",NA,2022,NA
"European Region","AUT","Austria","Haselbach",2018,13.27,17.83,18.89,NA,NA,93.80136986,"European Environment Agency (downloaded in 2021)",NA,2022,NA
"European Region","AUT","Austria","Haselbach",2019,12.48,17.83,17.68,NA,NA,93.74429224,"European Environment Agency (downloaded in 2021)",NA,2022,NA
"European Region","AUT","Austria","Heiterwang",2017,NA,9.8,17.51,NA,NA,95.61643836,"European Environment Agency (downloaded in 2021)",NA,2022,NA
"European Region","AUT","Austria","Heiterwang",2018,NA,10.92,15.68,NA,NA,95.49086758,"European Environment Agency (downloaded in 2021)",NA,2022,NA
"European Region","AUT","Austria","Heiterwang",2019,NA,9.18,14.69,NA,NA,95.66210046,"European Environment Agency (downloaded in 2021)",NA,2022,NA
"European Region","AUT","Austria","Hermagor",2017,NA,6.59,2.5,NA,NA,93.50456621,"European Environment Agency (downloaded in 2021)",NA,2022,NA
"European Region","AUT","Austria","Hermagor",2018,NA,7.82,2.47,NA,NA,92.8196347,"European Environment Agency (downloaded in 2021)",NA,2022,NA
"European Region","AUT","Austria","Hermagor",2019,NA,6.26,2.28,NA,NA,94.42922374,"European Environment Agency (downloaded in 2021)",NA,2022,NA
"European Region","AUT","Austria","Herzogberg",2017,NA,14.34,10.76,NA,NA,95.10273973,"European Environment Agency (downloaded in 2021)",NA,2022,NA
"European Region","AUT","Austria","Herzogberg",2018,NA,14.82,8.72,NA,NA,93.20776256,"European Environment Agency (downloaded in 2021)",NA,2022,NA
"European Region","AUT","Austria","Herzogberg",2019,NA,11.91,6.35,NA,NA,95.62785388,"European Environment Agency (downloaded in 2021)",NA,2022,NA
"European Region","AUT","Austria","Höchst",2017,NA,16.81,36.99,NA,NA,95.61643836,"European Environment Agency (downloaded in 2021)",NA,2022,NA
"European Region","AUT","Austria","Höchst",2018,NA,18.96,33.4,NA,NA,95.39954338,"European Environment Agency (downloaded in 2021)",NA,2022,NA
"European Region","AUT","Austria","Höchst",2019,NA,16.71,32.85,NA,NA,95.01141553,"European Environment Agency (downloaded in 2021)",NA,2022,NA
"European Region","AUT","Austria","Hollabrunn",2017,NA,16.28,8.63,NA,NA,94.9543379,"European Environment Agency (downloaded in 2021)",NA,2022,NA
"European Region","AUT","Austria","Hollabrunn",2018,NA,18.19,8.2,NA,NA,94.38356164,"European Environment Agency (downloaded in 2021)",NA,2022,NA
"European Region","AUT","Austria","Hollabrunn",2019,NA,14.52,7.39,NA,NA,95.05707763,"European Environment Agency (downloaded in 2021)",NA,2022,NA
"European Region","AUT","Austria","Illmitz",2017,13,16.61,8.44,NA,NA,86.08447489,"European Environment Agency (downloaded in 2021)",NA,2022,NA
"European Region","AUT","Austria","Illmitz",2018,14.64,19.81,8.27,NA,NA,90.11415525,"European Environment Agency (downloaded in 2021)",NA,2022,NA
"European Region","AUT","Austria","Illmitz",2019,11.08,15.37,7.65,NA,NA,91.24429224,"European Environment Agency (downloaded in 2021)",NA,2022,NA
"European Region","AUT","Austria","Innsbruck",2017,10.56,15.13,30.38,NA,NA,95.45662101,"European Environment Agency (downloaded in 2021)",NA,2022,NA
"European Region","AUT","Austria","Innsbruck",2018,10.92,15.97,27.42,NA,NA,95.61643836,"European Environment Agency (downloaded in 2021)",NA,2022,NA
"European Region","AUT","Austria","Innsbruck",2019,9.03,14.13,26.1,NA,NA,95.51750381,"European Environment Agency (downloaded in 2021)",NA,2022,NA
"European Region","AUT","Austria","Jennersdorf",2017,NA,20.62,10.12,NA,NA,86.06164384,"European Environment Agency (downloaded in 2021)",NA,2022,NA
"European Region","AUT","Austria","Judenburg",2017,NA,14.04,14.15,NA,NA,93.49315068,"European Environment Agency (downloaded in 2021)",NA,2022,NA
"European Region","AUT","Austria","Judenburg",2018,NA,15.54,12.63,NA,NA,95.54794521,"European Environment Agency (downloaded in 2021)",NA,2022,NA
"European Region","AUT","Austria","Judenburg",2019,NA,14.65,11.48,NA,NA,95.54794521,"European Environment Agency (downloaded in 2021)",NA,2022,NA
"European Region","AUT","Austria","Judendorf-Strassengel",2017,NA,22.37,23.32,NA,NA,95.65068494,"European Environment Agency (downloaded in 2021)",NA,2022,NA
"European Region","AUT","Austria","Judendorf-Strassengel",2018,NA,22.86,21.58,NA,NA,95.53082192,"European Environment Agency (downloaded in 2021)",NA,2022,NA
"European Region","AUT","Austria","Judendorf-Strassengel",2019,NA,19.33,20.85,NA,NA,95.50228311,"European Environment Agency (downloaded in 2021)",NA,2022,NA
"European Region","AUT","Austria","Kapfenberg",2017,NA,16.47,19.12,NA,NA,95.63926941,"European Environment Agency (downloaded in 2021)",NA,2022,NA
"European Region","AUT","Austria","Kapfenberg",2018,NA,16.67,18.77,NA,NA,94.8630137,"European Environment Agency (downloaded in 2021)",NA,2022,NA
"European Region","AUT","Austria","Kapfenberg",2019,NA,15.5,16.48,NA,NA,95.59360731,"European Environment Agency (downloaded in 2021)",NA,2022,NA
"European Region","AUT","Austria","Kematen An Der Ybbs",2017,NA,14.16,13.38,NA,NA,94.5890411,"European Environment Agency (downloaded in 2021)",NA,2022,NA
"European Region","AUT","Austria","Kematen An Der Ybbs",2018,NA,16.34,12.22,NA,NA,95.44520548,"European Environment Agency (downloaded in 2021)",NA,2022,NA
"European Region","AUT","Austria","Kematen An Der Ybbs",2019,NA,15.19,11.18,NA,NA,95.50228311,"European Environment Agency (downloaded in 2021)",NA,2022,NA
"European Region","AUT","Austria","Klagenfurt Am Worthersee",2017,13.86,20.92,30.1,NA,NA,94.60045662,"European Environment Agency (downloaded in 2021)",NA,2022,NA
"European Region","AUT","Austria","Klagenfurt Am Worthersee",2018,12.57,21.62,24.22,NA,NA,95.21974886,"European Environment Agency (downloaded in 2021)",NA,2022,NA
"European Region","AUT","Austria","Klagenfurt Am Worthersee",2019,9.99,17.81,24.8,NA,NA,95.52226027,"European Environment Agency (downloaded in 2021)",NA,2022,NA
"European Region","AUT","Austria","Klöchberg",2017,NA,17.58,8.28,NA,NA,86.51826484,"European Environment Agency (downloaded in 2021)",NA,2022,NA
"European Region","AUT","Austria","Klöchberg",2018,NA,16.82,7.33,NA,NA,93.82420091,"European Environment Agency (downloaded in 2021)",NA,2022,NA
"European Region","AUT","Austria","Klöchberg",2019,NA,14.47,6.92,NA,NA,91.59817352,"European Environment Agency (downloaded in 2021)",NA,2022,NA
"European Region","AUT","Austria","Klosterneuburg",2017,NA,22.78,13.76,NA,NA,95.36529681,"European Environment Agency (downloaded in 2021)",NA,2022,NA
"European Region","AUT","Austria","Klosterneuburg",2018,NA,23.98,13.11,NA,NA,95.06563927,"European Environment Agency (downloaded in 2021)",NA,2022,NA
"European Region","AUT","Austria","Klosterneuburg",2019,NA,18.92,12,NA,NA,95.3652968,"European Environment Agency (downloaded in 2021)",NA,2022,NA
"European Region","AUT","Austria","Knittelfeld",2017,NA,16.64,18.08,NA,NA,95.53652968,"European Environment Agency (downloaded in 2021)",NA,2022,NA
"European Region","AUT","Austria","Knittelfeld",2018,NA,15.81,16.08,NA,NA,94.8630137,"European Environment Agency (downloaded in 2021)",NA,2022,NA
"European Region","AUT","Austria","Knittelfeld",2019,NA,15.55,15.34,NA,NA,95.71917808,"European Environment Agency (downloaded in 2021)",NA,2022,NA
"European Region","AUT","Austria","Koflach",2017,NA,25.77,19.64,NA,NA,95.62785388,"European Environment Agency (downloaded in 2021)",NA,2022,NA
"European Region","AUT","Austria","Koflach",2018,NA,23.67,18.64,NA,NA,95.46803653,"European Environment Agency (downloaded in 2021)",NA,2022,NA
"European Region","AUT","Austria","Koflach",2019,NA,18.1,16.86,NA,NA,95.25114155,"European Environment Agency (downloaded in 2021)",NA,2022,NA
"European Region","AUT","Austria","Krems An Der Donau",2017,NA,17.16,18.55,NA,NA,95.43378995,"European Environment Agency (downloaded in 2021)",NA,2022,NA
"European Region","AUT","Austria","Krems An Der Donau",2018,NA,19.58,17.58,NA,NA,95.33105023,"European Environment Agency (downloaded in 2021)",NA,2022,NA
"European Region","AUT","Austria","Krems An Der Donau",2019,NA,17.45,17.53,NA,NA,95.456621,"European Environment Agency (downloaded in 2021)",NA,2022,NA
"European Region","AUT","Austria","Kreuth",2017,NA,6.59,2.5,NA,NA,93.50456621,"European Environment Agency (downloaded in 2021)",NA,2022,NA
"European Region","AUT","Austria","Kreuth",2018,NA,7.82,2.47,NA,NA,92.8196347,"European Environment Agency (downloaded in 2021)",NA,2022,NA
"European Region","AUT","Austria","Kreuth",2019,NA,6.26,2.28,NA,NA,94.42922374,"European Environment Agency (downloaded in 2021)",NA,2022,NA
"European Region","AUT","Austria","Kriegen",2017,10.4,14.14,11.35,NA,NA,91.00456621,"European Environment Agency (downloaded in 2021)",NA,2022,NA
"European Region","AUT","Austria","Kriegen",2018,12.46,16.43,11.14,NA,NA,93.86986301,"European Environment Agency (downloaded in 2021)",NA,2022,NA
"European Region","AUT","Austria","Kriegen",2019,9.63,12.2,10.41,NA,NA,90.51369863,"European Environment Agency (downloaded in 2021)",NA,2022,NA
"European Region","AUT","Austria","Kufstein",2017,NA,10.35,24.1,NA,NA,95.63926941,"European Environment Agency (downloaded in 2021)",NA,2022,NA
"European Region","AUT","Austria","Kufstein",2018,NA,14.04,21.72,NA,NA,95.62785388,"European Environment Agency (downloaded in 2021)",NA,2022,NA
"European Region","AUT","Austria","Kufstein",2019,NA,12.02,21.89,NA,NA,95.66210046,"European Environment Agency (downloaded in 2021)",NA,2022,NA
"European Region","AUT","Austria","Lamm",2019,NA,11.57,19.06,NA,NA,82.62557078,"European Environment Agency (downloaded in 2021)",NA,2022,NA
"European Region","AUT","Austria","Leibnitz",2017,15.96,21.36,17.43,NA,NA,95.57077626,"European Environment Agency (downloaded in 2021)",NA,2022,NA
"European Region","AUT","Austria","Leibnitz",2018,15.74,22.05,15.15,NA,NA,95.33675799,"European Environment Agency (downloaded in 2021)",NA,2022,NA
"European Region","AUT","Austria","Leibnitz",2019,NA,18.54,15.21,NA,NA,95.2739726,"European Environment Agency (downloaded in 2021)",NA,2022,NA
"European Region","AUT","Austria","Lenzing",2017,9.82,13.45,13.61,NA,NA,93.47031963,"European Environment Agency (downloaded in 2021)",NA,2022,NA
"European Region","AUT","Austria","Lenzing",2019,NA,13.8,11.83,NA,NA,77.0890411,"European Environment Agency (downloaded in 2021)",NA,2022,NA
"European Region","AUT","Austria","Leoben",2017,NA,21.88,19.02,NA,NA,95.54794521,"European Environment Agency (downloaded in 2021)",NA,2022,NA
"European Region","AUT","Austria","Lienz",2017,10.91,15.56,24.97,NA,NA,95.19406393,"European Environment Agency (downloaded in 2021)",NA,2022,NA
"European Region","AUT","Austria","Lienz",2018,11.65,16.93,23.68,NA,NA,95.40525114,"European Environment Agency (downloaded in 2021)",NA,2022,NA
"European Region","AUT","Austria","Lienz",2019,10.11,16.67,22.95,NA,NA,95.53082192,"European Environment Agency (downloaded in 2021)",NA,2022,NA
"European Region","AUT","Austria","Liezen",2017,NA,13.3,15.9,NA,NA,95.65068493,"European Environment Agency (downloaded in 2021)",NA,2022,NA
"European Region","AUT","Austria","Liezen",2018,NA,14.58,14.77,NA,NA,95.63926941,"European Environment Agency (downloaded in 2021)",NA,2022,NA
"European Region","AUT","Austria","Liezen",2019,NA,13.82,14.57,NA,NA,95.66210046,"European Environment Agency (downloaded in 2021)",NA,2022,NA
"European Region","AUT","Austria","Linz",2017,15.25,21.39,32.88,NA,NA,91.35559361,"European Environment Agency (downloaded in 2021)",NA,2022,NA
"European Region","AUT","Austria","Linz",2018,15.04,22.4,31.36,NA,NA,93.64155251,"European Environment Agency (downloaded in 2021)",NA,2022,NA
"European Region","AUT","Austria","Linz",2019,13.28,19.51,29.56,NA,NA,93.95547945,"European Environment Agency (downloaded in 2021)",NA,2022,NA
"European Region","AUT","Austria","Lustenau",2017,10.38,16.1,31.97,NA,NA,95.35958904,"European Environment Agency (downloaded in 2021)",NA,2022,NA
"European Region","AUT","Austria","Lustenau",2018,11.65,17.43,28.59,NA,NA,95.55365297,"European Environment Agency (downloaded in 2021)",NA,2022,NA
"European Region","AUT","Austria","Lustenau",2019,10.77,16.13,37.17,NA,NA,95.57077626,"European Environment Agency (downloaded in 2021)",NA,2022,NA
"European Region","AUT","Austria","Modling",2017,NA,20.37,15.73,NA,NA,95.55936073,"European Environment Agency (downloaded in 2021)",NA,2022,NA
"European Region","AUT","Austria","Modling",2018,NA,20.13,16.17,NA,NA,95.23972603,"European Environment Agency (downloaded in 2021)",NA,2022,NA
"European Region","AUT","Austria","Modling",2019,NA,16.54,14.22,NA,NA,95.60502283,"European Environment Agency (downloaded in 2021)",NA,2022,NA
"European Region","AUT","Austria","Murzzuschlag",2017,NA,14.89,16.37,NA,NA,95.52511416,"European Environment Agency (downloaded in 2021)",NA,2022,NA
"European Region","AUT","Austria","Murzzuschlag",2018,NA,15.86,15.02,NA,NA,95.1369863,"European Environment Agency (downloaded in 2021)",NA,2022,NA
"European Region","AUT","Austria","Murzzuschlag",2019,NA,13.99,14.31,NA,NA,94.85159817,"European Environment Agency (downloaded in 2021)",NA,2022,NA
"European Region","AUT","Austria","Natters",2017,NA,14.59,43.02,NA,NA,95.61643836,"European Environment Agency (downloaded in 2021)",NA,2022,NA
"European Region","AUT","Austria","Natters",2018,NA,16.99,40.8,NA,NA,95.34246575,"European Environment Agency (downloaded in 2021)",NA,2022,NA
"European Region","AUT","Austria","Natters",2019,NA,15.46,36.41,NA,NA,95.52511416,"European Environment Agency (downloaded in 2021)",NA,2022,NA
"European Region","AUT","Austria","Oberschutzen",2017,NA,19.92,9.73,NA,NA,82.26027397,"European Environment Agency (downloaded in 2021)",NA,2022,NA
"European Region","AUT","Austria","Oberschutzen",2018,NA,19.5,8.03,NA,NA,95.63926941,"European Environment Agency (downloaded in 2021)",NA,2022,NA
"European Region","AUT","Austria","Oberschutzen",2019,NA,17.13,8.52,NA,NA,95.51369863,"European Environment Agency (downloaded in 2021)",NA,2022,NA
"European Region","AUT","Austria","Obervellach-West",2017,NA,10.8,10.86,NA,NA,95.1369863,"European Environment Agency (downloaded in 2021)",NA,2022,NA
"European Region","AUT","Austria","Obervellach-West",2018,NA,12.43,9.1,NA,NA,94.92009132,"European Environment Agency (downloaded in 2021)",NA,2022,NA
"European Region","AUT","Austria","Obervellach-West",2019,NA,10.72,9.09,NA,NA,95.1826484,"European Environment Agency (downloaded in 2021)",NA,2022,NA
"European Region","AUT","Austria","Peggau",2017,NA,20.85,20.25,NA,NA,95.70776256,"European Environment Agency (downloaded in 2021)",NA,2022,NA
"European Region","AUT","Austria","Reichraming",2017,4.7,5.94,3.19,NA,NA,94.37214612,"European Environment Agency (downloaded in 2021)",NA,2022,NA
"European Region","AUT","Austria","Reichraming",2018,7.16,8.37,3.65,NA,NA,93.74429224,"European Environment Agency (downloaded in 2021)",NA,2022,NA
"European Region","AUT","Austria","Reichraming",2019,5.17,6.37,2.37,NA,NA,86.56392694,"European Environment Agency (downloaded in 2021)",NA,2022,NA
"European Region","AUT","Austria","Salzburg",2017,12.13,18.94,32.23,NA,NA,95.5936073,"European Environment Agency (downloaded in 2021)",NA,2022,NA
"European Region","AUT","Austria","Salzburg",2018,12.47,19.49,28.54,NA,NA,95.46423136,"European Environment Agency (downloaded in 2021)",NA,2022,NA
"European Region","AUT","Austria","Salzburg",2019,9.79,16.53,26.82,NA,NA,95.65449011,"European Environment Agency (downloaded in 2021)",NA,2022,NA
"European Region","AUT","Austria","Sankt Pöelten",2017,12.81,19.29,26.07,NA,NA,94.94292238,"European Environment Agency (downloaded in 2021)",NA,2022,NA
"European Region","AUT","Austria","Sankt Pöelten",2018,15.78,22.08,24.58,NA,NA,95.42808219,"European Environment Agency (downloaded in 2021)",NA,2022,NA
"European Region","AUT","Austria","Sankt Pöelten",2019,12.65,17.83,22.56,NA,NA,95.32534247,"European Environment Agency (downloaded in 2021)",NA,2022,NA
"European Region","AUT","Austria","Sankt Veit An Der Glan District",2017,NA,11.19,12.48,NA,NA,95.25114155,"European Environment Agency (downloaded in 2021)",NA,2022,NA
"European Region","AUT","Austria","Sankt Veit An Der Glan District",2018,NA,14.62,12.81,NA,NA,95.29680365,"European Environment Agency (downloaded in 2021)",NA,2022,NA
"European Region","AUT","Austria","Sankt Veit An Der Glan District",2019,NA,12.85,11.44,NA,NA,94.61187215,"European Environment Agency (downloaded in 2021)",NA,2022,NA
"European Region","AUT","Austria","Schondorf",2017,12.23,15.29,15.61,NA,NA,93.57305936,"European Environment Agency (downloaded in 2021)",NA,2022,NA
"European Region","AUT","Austria","Schondorf",2018,13.25,17.23,14.66,NA,NA,92.10045662,"European Environment Agency (downloaded in 2021)",NA,2022,NA
"European Region","AUT","Austria","Schondorf",2019,11.38,14.29,14.04,NA,NA,94.06392694,"European Environment Agency (downloaded in 2021)",NA,2022,NA
"European Region","AUT","Austria","Schwechat",2017,13.4,20.83,21.92,NA,NA,95.54794521,"European Environment Agency (downloaded in 2021)",NA,2022,NA
"European Region","AUT","Austria","Schwechat",2018,16.47,23.08,20.28,NA,NA,95.35388128,"European Environment Agency (downloaded in 2021)",NA,2022,NA
"European Region","AUT","Austria","Schwechat",2019,12.78,18.21,19.96,NA,NA,95.39383562,"European Environment Agency (downloaded in 2021)",NA,2022,NA
"European Region","AUT","Austria","Schweighof",2017,NA,8.59,3.35,NA,NA,95.54794521,"European Environment Agency (downloaded in 2021)",NA,2022,NA
"European Region","AUT","Austria","Schweighof",2018,NA,11.89,3.45,NA,NA,95.62785388,"European Environment Agency (downloaded in 2021)",NA,2022,NA
"European Region","AUT","Austria","Schweighof",2019,NA,10.32,3.03,NA,NA,95.53652968,"European Environment Agency (downloaded in 2021)",NA,2022,NA
"European Region","AUT","Austria","Spittal An Der Drau",2017,NA,17.76,21.83,NA,NA,95.58219178,"European Environment Agency (downloaded in 2021)",NA,2022,NA
"European Region","AUT","Austria","Spittal An Der Drau",2018,NA,18.57,19.12,NA,NA,95.73059361,"European Environment Agency (downloaded in 2021)",NA,2022,NA
"European Region","AUT","Austria","Spittal An Der Drau",2019,NA,16.98,18.71,NA,NA,94.12100457,"European Environment Agency (downloaded in 2021)",NA,2022,NA
"European Region","AUT","Austria","Steyr",2017,12.31,15.3,16.35,NA,NA,93.89269406,"European Environment Agency (downloaded in 2021)",NA,2022,NA
"European Region","AUT","Austria","Steyr",2018,13.58,17.52,14.52,NA,NA,93.92694064,"European Environment Agency (downloaded in 2021)",NA,2022,NA
"European Region","AUT","Austria","Steyr",2019,10.95,14.66,14.27,NA,NA,94.20091324,"European Environment Agency (downloaded in 2021)",NA,2022,NA
"European Region","AUT","Austria","Steyregg",2017,14.63,19.35,20.85,NA,NA,93.88127854,"European Environment Agency (downloaded in 2021)",NA,2022,NA
"European Region","AUT","Austria","Steyregg",2018,13.77,18.86,16.75,NA,NA,93.96118721,"European Environment Agency (downloaded in 2021)",NA,2022,NA
"European Region","AUT","Austria","Steyregg",2019,12.45,17.55,17.5,NA,NA,93.96118721,"European Environment Agency (downloaded in 2021)",NA,2022,NA
"European Region","AUT","Austria","Stixneusiedl",2017,NA,18.03,10.99,NA,NA,95.53652968,"European Environment Agency (downloaded in 2021)",NA,2022,NA
"European Region","AUT","Austria","Stixneusiedl",2018,NA,21.14,10.8,NA,NA,95.25114155,"European Environment Agency (downloaded in 2021)",NA,2022,NA
"European Region","AUT","Austria","Stixneusiedl",2019,NA,15.28,9.9,NA,NA,94.62328767,"European Environment Agency (downloaded in 2021)",NA,2022,NA
"European Region","AUT","Austria","Stockerau",2017,NA,20.46,24.69,NA,NA,95.2739726,"European Environment Agency (downloaded in 2021)",NA,2022,NA
"European Region","AUT","Austria","Stockerau",2018,NA,22.91,23.37,NA,NA,95.55936073,"European Environment Agency (downloaded in 2021)",NA,2022,NA
"European Region","AUT","Austria","Stockerau",2019,NA,20.44,21.67,NA,NA,95.33105023,"European Environment Agency (downloaded in 2021)",NA,2022,NA
"European Region","AUT","Austria","Streithofen",2017,NA,15.66,9.74,NA,NA,95.47945205,"European Environment Agency (downloaded in 2021)",NA,2022,NA
"European Region","AUT","Austria","Streithofen",2018,NA,20.72,8.05,NA,NA,95.01141553,"European Environment Agency (downloaded in 2021)",NA,2022,NA
"European Region","AUT","Austria","Streithofen",2019,NA,15.55,5.71,NA,NA,95.20547945,"European Environment Agency (downloaded in 2021)",NA,2022,NA
"European Region","AUT","Austria","Tamsweg",2017,NA,13.91,20.75,NA,NA,95.20547945,"European Environment Agency (downloaded in 2021)",NA,2022,NA
"European Region","AUT","Austria","Tamsweg",2018,NA,11.97,18.7,NA,NA,95.5650685,"European Environment Agency (downloaded in 2021)",NA,2022,NA
"European Region","AUT","Austria","Tamsweg",2019,NA,9.79,13.73,NA,NA,95.47945205,"European Environment Agency (downloaded in 2021)",NA,2022,NA
"European Region","AUT","Austria","Thaures",2017,NA,13.48,6.01,NA,NA,95.52511416,"European Environment Agency (downloaded in 2021)",NA,2022,NA
"European Region","AUT","Austria","Thaures",2018,NA,17.58,6,NA,NA,91.36986301,"European Environment Agency (downloaded in 2021)",NA,2022,NA
"European Region","AUT","Austria","Thaures",2019,NA,11.81,5.39,NA,NA,95.51369863,"European Environment Agency (downloaded in 2021)",NA,2022,NA
"European Region","AUT","Austria","Traismauer",2017,NA,19.92,13.82,NA,NA,95.39954338,"European Environment Agency (downloaded in 2021)",NA,2022,NA
"European Region","AUT","Austria","Traismauer",2018,NA,21.95,13.22,NA,NA,95.35388128,"European Environment Agency (downloaded in 2021)",NA,2022,NA
"European Region","AUT","Austria","Traismauer",2019,NA,14.9,13.17,NA,NA,94.8630137,"European Environment Agency (downloaded in 2021)",NA,2022,NA
"European Region","AUT","Austria","Traun",2017,14.59,18.67,20.65,NA,NA,92.69406393,"European Environment Agency (downloaded in 2021)",NA,2022,NA
"European Region","AUT","Austria","Traun",2018,14.92,19.54,20.73,NA,NA,90.50228311,"European Environment Agency (downloaded in 2021)",NA,2022,NA
"European Region","AUT","Austria","Traun",2019,12.98,17.11,20.14,NA,NA,94.37214612,"European Environment Agency (downloaded in 2021)",NA,2022,NA
"European Region","AUT","Austria","Tulln An Der Donau",2017,NA,21.71,16.77,NA,NA,95.61643836,"European Environment Agency (downloaded in 2021)",NA,2022,NA
"European Region","AUT","Austria","Tulln An Der Donau",2018,NA,21.35,12.26,NA,NA,95.57077626,"European Environment Agency (downloaded in 2021)",NA,2022,NA
"European Region","AUT","Austria","Tulln An Der Donau",2019,NA,16.39,13.17,NA,NA,94.55479452,"European Environment Agency (downloaded in 2021)",NA,2022,NA
"European Region","AUT","Austria","Villach",2017,NA,18.34,28.87,NA,NA,95.66210046,"European Environment Agency (downloaded in 2021)",NA,2022,NA
"European Region","AUT","Austria","Villach",2018,NA,18.72,24.65,NA,NA,93.01369863,"European Environment Agency (downloaded in 2021)",NA,2022,NA
"European Region","AUT","Austria","Villach",2019,NA,16.87,24.56,NA,NA,95.68493151,"European Environment Agency (downloaded in 2021)",NA,2022,NA
"European Region","AUT","Austria","Voitsberg",2017,12.21,20.55,16.7,NA,NA,95.57077626,"European Environment Agency (downloaded in 2021)",NA,2022,NA
"European Region","AUT","Austria","Voitsberg",2018,13.28,21.82,16.43,NA,NA,86.64383562,"European Environment Agency (downloaded in 2021)",NA,2022,NA
"European Region","AUT","Austria","Voitsberg",2019,10.14,16.75,14.83,NA,NA,95.62785388,"European Environment Agency (downloaded in 2021)",NA,2022,NA
"European Region","AUT","Austria","Vomp",2017,NA,14.33,44.43,NA,NA,95.55936073,"European Environment Agency (downloaded in 2021)",NA,2022,NA
"European Region","AUT","Austria","Vomp",2018,NA,16.84,41.16,NA,NA,95.44520548,"European Environment Agency (downloaded in 2021)",NA,2022,NA
"European Region","AUT","Austria","Vomp",2019,NA,14.58,39.65,NA,NA,95.54223744,"European Environment Agency (downloaded in 2021)",NA,2022,NA
"European Region","AUT","Austria","Weiz",2017,13.91,21.56,22.86,NA,NA,95.68493151,"European Environment Agency (downloaded in 2021)",NA,2022,NA
"European Region","AUT","Austria","Weiz",2018,14.96,20.97,21.23,NA,NA,95.53652968,"European Environment Agency (downloaded in 2021)",NA,2022,NA
"European Region","AUT","Austria","Weiz",2019,11.65,18.48,19.52,NA,NA,94.82876712,"European Environment Agency (downloaded in 2021)",NA,2022,NA
"European Region","AUT","Austria","Wels",2017,14.24,18.83,24.34,NA,NA,92.53424658,"European Environment Agency (downloaded in 2021)",NA,2022,NA
"European Region","AUT","Austria","Wels",2018,14.71,19.85,23.15,NA,NA,93.28767123,"European Environment Agency (downloaded in 2021)",NA,2022,NA
"European Region","AUT","Austria","Wels",2019,12.17,17.3,23.16,NA,NA,93.40182648,"European Environment Agency (downloaded in 2021)",NA,2022,NA
"European Region","AUT","Austria","Wien",2017,13.9,19.43,24.33,NA,NA,95.34460616,"European Environment Agency (downloaded in 2021)",NA,2022,NA
"European Region","AUT","Austria","Wien",2018,15.89,22.63,23.6,NA,NA,95.144121,"European Environment Agency (downloaded in 2021)",NA,2022,NA
"European Region","AUT","Austria","Wien",2019,12.59,17.79,21.78,NA,NA,94.50342466,"European Environment Agency (downloaded in 2021)",NA,2022,NA
"European Region","AUT","Austria","Wiener Neudorf",2017,12.41,19.42,24.95,NA,NA,92.28310502,"European Environment Agency (downloaded in 2021)",NA,2022,NA
"European Region","AUT","Austria","Wiener Neudorf",2018,15.31,21.86,24.72,NA,NA,95.54794521,"European Environment Agency (downloaded in 2021)",NA,2022,NA
"European Region","AUT","Austria","Wiener Neudorf",2019,12.62,17.87,21.14,NA,NA,95.51369863,"European Environment Agency (downloaded in 2021)",NA,2022,NA
"European Region","AUT","Austria","Wiener Neustadt",2017,NA,17.82,15.35,NA,NA,95.55936073,"European Environment Agency (downloaded in 2021)",NA,2022,NA
"European Region","AUT","Austria","Wiener Neustadt",2018,NA,21.56,13.01,NA,NA,95.50228311,"European Environment Agency (downloaded in 2021)",NA,2022,NA
"European Region","AUT","Austria","Wiener Neustadt",2019,NA,19.96,13.01,NA,NA,95.3196347,"European Environment Agency (downloaded in 2021)",NA,2022,NA
"European Region","AUT","Austria","Wildon",2017,NA,18.21,12.53,NA,NA,95.50228311,"European Environment Agency (downloaded in 2021)",NA,2022,NA
"European Region","AUT","Austria","Wildon",2018,NA,18.47,10.89,NA,NA,95.60502283,"European Environment Agency (downloaded in 2021)",NA,2022,NA
"European Region","AUT","Austria","Wildon",2019,NA,14.81,10.72,NA,NA,95.62785388,"European Environment Agency (downloaded in 2021)",NA,2022,NA
"European Region","AUT","Austria","Wolfsberg",2017,16.07,21.79,26.42,NA,NA,94.8173516,"European Environment Agency (downloaded in 2021)",NA,2022,NA
"European Region","AUT","Austria","Wolfsberg",2018,16.06,23.65,23.54,NA,NA,94.8173516,"European Environment Agency (downloaded in 2021)",NA,2022,NA
"European Region","AUT","Austria","Wolfsberg",2019,12.83,19.77,22,NA,NA,95.79908676,"European Environment Agency (downloaded in 2021)",NA,2022,NA
"European Region","AUT","Austria","Worgl",2017,NA,13.24,26.29,NA,NA,95.62785388,"European Environment Agency (downloaded in 2021)",NA,2022,NA
"European Region","AUT","Austria","Worgl",2018,NA,17.02,24.37,NA,NA,95.55936073,"European Environment Agency (downloaded in 2021)",NA,2022,NA
"European Region","AUT","Austria","Worgl",2019,NA,14.41,24.41,NA,NA,95.66210046,"European Environment Agency (downloaded in 2021)",NA,2022,NA
"European Region","AUT","Austria","Zeltweg",2017,NA,17.77,17.38,NA,NA,93.64155251,"European Environment Agency (downloaded in 2021)",NA,2022,NA
"European Region","AUT","Austria","Zeltweg",2018,NA,17.57,16,NA,NA,95.67351598,"European Environment Agency (downloaded in 2021)",NA,2022,NA
"European Region","AUT","Austria","Zeltweg",2019,NA,15.93,14.92,NA,NA,95.4109589,"European Environment Agency (downloaded in 2021)",NA,2022,NA
"European Region","BEL","Belgium","Aarschot",2017,12.62,19.56,19.04,NA,NA,97.11187215,"European Environment Agency (downloaded in 2021)",NA,2022,NA
"European Region","BEL","Belgium","Aarschot",2018,13.56,21.32,17,NA,NA,93.47031963,"European Environment Agency (downloaded in 2021)",NA,2022,NA
"European Region","BEL","Belgium","Aarschot",2019,11.71,19.15,15.63,NA,NA,97.14611872,"European Environment Agency (downloaded in 2021)",NA,2022,NA
"European Region","BEL","Belgium","Andenne",2017,9.77,15.88,12.26,NA,NA,96.97488584,"European Environment Agency (downloaded in 2021)",NA,2022,NA
"European Region","BEL","Belgium","Andenne",2018,11.48,19.25,11.32,NA,NA,94.28082192,"European Environment Agency (downloaded in 2021)",NA,2022,NA
"European Region","BEL","Belgium","Andenne",2019,9.04,15.01,8.98,NA,NA,96.22146119,"European Environment Agency (downloaded in 2021)",NA,2022,NA
"European Region","BEL","Belgium","Antwerpen",2017,13.93,22.92,39.67,NA,NA,95.98401827,"European Environment Agency (downloaded in 2021)",NA,2022,NA
"European Region","BEL","Belgium","Antwerpen",2018,14.19,24.4,35.89,NA,NA,91.13203957,"European Environment Agency (downloaded in 2021)",NA,2022,NA
"European Region","BEL","Belgium","Antwerpen",2019,12.92,23.06,33.72,NA,NA,95.14603999,"European Environment Agency (downloaded in 2021)",NA,2022,NA
"European Region","BEL","Belgium","Baelen",2017,8.1,12.78,9.79,NA,NA,97.30593607,"European Environment Agency (downloaded in 2021)",NA,2022,NA
"European Region","BEL","Belgium","Baelen",2018,8.25,13.95,10.07,NA,NA,96.72374429,"European Environment Agency (downloaded in 2021)",NA,2022,NA
"European Region","BEL","Belgium","Baelen",2019,6.85,11.22,7.76,NA,NA,96.22146119,"European Environment Agency (downloaded in 2021)",NA,2022,NA
"European Region","BEL","Belgium","Berchem-Sainte-Agathe",2017,13.29,17.74,23.04,NA,NA,97.64840183,"European Environment Agency (downloaded in 2021)",NA,2022,NA
"European Region","BEL","Belgium","Berchem-Sainte-Agathe",2019,12.11,16.52,18.34,NA,NA,95.73059361,"European Environment Agency (downloaded in 2021)",NA,2022,NA
"European Region","BEL","Belgium","Bertrix",2017,7.9,12.61,6.22,NA,NA,97.34018265,"European Environment Agency (downloaded in 2021)",NA,2022,NA
"European Region","BEL","Belgium","Bertrix",2018,8.51,13.87,6.81,NA,NA,97.35159817,"European Environment Agency (downloaded in 2021)",NA,2022,NA
"European Region","BEL","Belgium","Bertrix",2019,6.55,11.45,5.23,NA,NA,95.70776256,"European Environment Agency (downloaded in 2021)",NA,2022,NA
"European Region","BEL","Belgium","Beveren",2017,14.02,22.6,25.95,NA,NA,95.68493151,"European Environment Agency (downloaded in 2021)",NA,2022,NA
"European Region","BEL","Belgium","Beveren",2018,14.83,23.89,27.76,NA,NA,96.46118721,"European Environment Agency (downloaded in 2021)",NA,2022,NA
"European Region","BEL","Belgium","Beveren",2019,12.98,22.1,24.97,NA,NA,96.10730594,"European Environment Agency (downloaded in 2021)",NA,2022,NA
"European Region","BEL","Belgium","Boom",2017,12.66,20.52,22.69,NA,NA,94.71461187,"European Environment Agency (downloaded in 2021)",NA,2022,NA
"European Region","BEL","Belgium","Boom",2018,12.95,22.21,21.76,NA,NA,95.1369863,"European Environment Agency (downloaded in 2021)",NA,2022,NA
"European Region","BEL","Belgium","Boom",2019,11.59,20.28,19.78,NA,NA,95.07990868,"European Environment Agency (downloaded in 2021)",NA,2022,NA
"European Region","BEL","Belgium","Bruxelles",2017,15.67,23.15,40.82,NA,NA,92.95662101,"European Environment Agency (downloaded in 2021)",NA,2022,NA
"European Region","BEL","Belgium","Bruxelles",2018,14.29,23.52,40.44,NA,NA,97.96042618,"European Environment Agency (downloaded in 2021)",NA,2022,NA
"European Region","BEL","Belgium","Bruxelles",2019,14.84,26.24,38.02,NA,NA,96.90639269,"European Environment Agency (downloaded in 2021)",NA,2022,NA
"European Region","BEL","Belgium","Charleroi",2017,11.84,20.55,25.27,NA,97.10045662,96.44216134,"European Environment Agency (downloaded in 2021)",NA,2022,NA
"European Region","BEL","Belgium","Charleroi",2018,12.27,22.2,24.48,NA,96.87214612,97.19178082,"European Environment Agency (downloaded in 2021)",NA,2022,NA
"European Region","BEL","Belgium","Charleroi",2019,10.42,18.87,22.79,NA,96.87214612,96.81506849,"European Environment Agency (downloaded in 2021)",NA,2022,NA
"European Region","BEL","Belgium","Chaumont-Gistoux",2017,11.17,17.06,17.31,NA,NA,97.3173516,"European Environment Agency (downloaded in 2021)",NA,2022,NA
"European Region","BEL","Belgium","Chaumont-Gistoux",2018,11.27,17.92,15.67,NA,NA,96.32420091,"European Environment Agency (downloaded in 2021)",NA,2022,NA
"European Region","BEL","Belgium","Chaumont-Gistoux",2019,9.06,14.26,14.14,NA,NA,97.44292237,"European Environment Agency (downloaded in 2021)",NA,2022,NA
"European Region","BEL","Belgium","Damme",2017,12.79,19.87,14.71,NA,NA,97.0890411,"European Environment Agency (downloaded in 2021)",NA,2022,NA
"European Region","BEL","Belgium","Damme",2018,13.03,20.58,14.43,NA,NA,96.97488584,"European Environment Agency (downloaded in 2021)",NA,2022,NA
"European Region","BEL","Belgium","Damme",2019,12.24,19.83,13.92,NA,NA,96.94063927,"European Environment Agency (downloaded in 2021)",NA,2022,NA
"European Region","BEL","Belgium","Dessel",2017,12.93,21.21,19.12,NA,NA,97.23744292,"European Environment Agency (downloaded in 2021)",NA,2022,NA
"European Region","BEL","Belgium","Dessel",2018,12.54,21.21,17.07,NA,NA,96.95205479,"European Environment Agency (downloaded in 2021)",NA,2022,NA
"European Region","BEL","Belgium","Dessel",2019,11.32,20.47,16.39,NA,NA,96.64383562,"European Environment Agency (downloaded in 2021)",NA,2022,NA
"European Region","BEL","Belgium","Destelbergen",2017,13.52,21.31,21.14,NA,NA,97.23744292,"European Environment Agency (downloaded in 2021)",NA,2022,NA
"European Region","BEL","Belgium","Destelbergen",2018,14.02,22.55,19.75,NA,NA,97.1347032,"European Environment Agency (downloaded in 2021)",NA,2022,NA
"European Region","BEL","Belgium","Destelbergen",2019,12.64,20.72,17.72,NA,NA,97.10045662,"European Environment Agency (downloaded in 2021)",NA,2022,NA
"European Region","BEL","Belgium","Engis",2017,12.96,25.81,19.87,NA,96.95205479,96.95205479,"European Environment Agency (downloaded in 2021)",NA,2022,NA
"European Region","BEL","Belgium","Engis",2018,12.07,25.22,19.94,NA,94.78310502,94.78310502,"European Environment Agency (downloaded in 2021)",NA,2022,NA
"European Region","BEL","Belgium","Engis",2019,10.7,22.6,18.13,NA,96.87214612,96.87214612,"European Environment Agency (downloaded in 2021)",NA,2022,NA
"European Region","BEL","Belgium","Evergem",2017,14.23,23.6,24.12,NA,NA,94.38356164,"European Environment Agency (downloaded in 2021)",NA,2022,NA
"European Region","BEL","Belgium","Evergem",2018,15.27,25.85,23.87,NA,NA,94.13242009,"European Environment Agency (downloaded in 2021)",NA,2022,NA
"European Region","BEL","Belgium","Evergem",2019,14.35,23.96,21.62,NA,NA,94.74885845,"European Environment Agency (downloaded in 2021)",NA,2022,NA
"European Region","BEL","Belgium","Gent",2017,14.44,24.62,26.19,93.78995434,NA,95.16634051,"European Environment Agency (downloaded in 2021)",NA,2022,NA
"European Region","BEL","Belgium","Gent",2018,15.02,26.17,25.39,93.59589041,NA,92.87671233,"European Environment Agency (downloaded in 2021)",NA,2022,NA
"European Region","BEL","Belgium","Gent",2019,13.46,24.08,23.03,91.94063927,NA,94.01500326,"European Environment Agency (downloaded in 2021)",NA,2022,NA
"European Region","BEL","Belgium","Habay",2017,7.77,12.49,8.88,NA,NA,96.48401826,"European Environment Agency (downloaded in 2021)",NA,2022,NA
"European Region","BEL","Belgium","Habay",2018,8.21,13.38,8.96,NA,NA,97.37442922,"European Environment Agency (downloaded in 2021)",NA,2022,NA
"European Region","BEL","Belgium","Habay",2019,6.43,11.26,7.5,NA,NA,97.32876712,"European Environment Agency (downloaded in 2021)",NA,2022,NA
"European Region","BEL","Belgium","Herstal",2017,10.16,17.1,25.48,NA,NA,97.24885845,"European Environment Agency (downloaded in 2021)",NA,2022,NA
"European Region","BEL","Belgium","Herstal",2018,10.71,19.12,25.91,NA,NA,97.3630137,"European Environment Agency (downloaded in 2021)",NA,2022,NA
"European Region","BEL","Belgium","Herstal",2019,8.61,15.98,21.58,NA,NA,97.3173516,"European Environment Agency (downloaded in 2021)",NA,2022,NA
"European Region","BEL","Belgium","Landen",2017,12.47,19.82,16.25,NA,NA,97.21461187,"European Environment Agency (downloaded in 2021)",NA,2022,NA
"European Region","BEL","Belgium","Landen",2018,12.76,20.68,15.18,NA,NA,95.43378995,"European Environment Agency (downloaded in 2021)",NA,2022,NA
"European Region","BEL","Belgium","Landen",2019,10.76,18.17,12.66,NA,NA,97.20319635,"European Environment Agency (downloaded in 2021)",NA,2022,NA
"European Region","BEL","Belgium","Liege",2017,10.02,17.6,23.31,NA,NA,96.57534247,"European Environment Agency (downloaded in 2021)",NA,2022,NA
"European Region","BEL","Belgium","Liege",2018,10.85,20.16,24.75,NA,NA,96.82648402,"European Environment Agency (downloaded in 2021)",NA,2022,NA
"European Region","BEL","Belgium","Liege",2019,8.18,16.62,20.75,NA,NA,97.02054795,"European Environment Agency (downloaded in 2021)",NA,2022,NA
"European Region","BEL","Belgium","Limburg",2019,11.84,21.72,39.66,NA,NA,96.23287671,"European Environment Agency (downloaded in 2021)",NA,2022,NA
"European Region","BEL","Belgium","Molenbeek-Saint-Jean",2017,13.54,20.78,33.3,NA,NA,94.79452055,"European Environment Agency (downloaded in 2021)",NA,2022,NA
"European Region","BEL","Belgium","Molenbeek-Saint-Jean",2018,13.47,22.08,35.12,NA,NA,97.37442922,"European Environment Agency (downloaded in 2021)",NA,2022,NA
"European Region","BEL","Belgium","Molenbeek-Saint-Jean",2019,11.6,19.43,30.82,NA,NA,96.36986301,"European Environment Agency (downloaded in 2021)",NA,2022,NA
"European Region","BEL","Belgium","Mons",2017,11.58,20.46,29.9,NA,NA,97.38584475,"European Environment Agency (downloaded in 2021)",NA,2022,NA
"European Region","BEL","Belgium","Mons",2018,10.84,18.35,26.27,NA,NA,95.77625571,"European Environment Agency (downloaded in 2021)",NA,2022,NA
"European Region","BEL","Belgium","Mons",2019,10.51,20.1,22.51,NA,NA,96.48401826,"European Environment Agency (downloaded in 2021)",NA,2022,NA
"European Region","BEL","Belgium","Namur",2019,9.4,17.95,23.76,90.1826484,90.1826484,90.1826484,"European Environment Agency (downloaded in 2021)",NA,2022,NA
"European Region","BEL","Belgium","Oost-Vlaanderen",2017,NA,22.57,36.22,NA,NA,95.46423136,"European Environment Agency (downloaded in 2021)",NA,2022,NA
"European Region","BEL","Belgium","Oost-Vlaanderen",2018,15.01,25.2,32.5,NA,NA,88.00608828,"European Environment Agency (downloaded in 2021)",NA,2022,NA
"European Region","BEL","Belgium","Oost-Vlaanderen",2019,13.17,22.76,30.72,NA,NA,95.25114155,"European Environment Agency (downloaded in 2021)",NA,2022,NA
"European Region","BEL","Belgium","Roeselare",2017,14.08,23.06,22.8,NA,NA,97.16894977,"European Environment Agency (downloaded in 2021)",NA,2022,NA
"European Region","BEL","Belgium","Roeselare",2018,15.2,25.18,23.82,NA,NA,97.2260274,"European Environment Agency (downloaded in 2021)",NA,2022,NA
"European Region","BEL","Belgium","Roeselare",2019,13.37,22.72,20.98,NA,NA,96.17579909,"European Environment Agency (downloaded in 2021)",NA,2022,NA
"European Region","BEL","Belgium","Sainte-Ode",2017,6.78,10.4,7.16,NA,NA,96.06164384,"European Environment Agency (downloaded in 2021)",NA,2022,NA
"European Region","BEL","Belgium","Sainte-Ode",2018,7.89,12.12,6.96,NA,NA,95.21689498,"European Environment Agency (downloaded in 2021)",NA,2022,NA
"European Region","BEL","Belgium","Sainte-Ode",2019,5.78,9.34,4.06,NA,NA,97.43150685,"European Environment Agency (downloaded in 2021)",NA,2022,NA
"European Region","BEL","Belgium","Schoten",2017,13.93,22.16,26.58,NA,NA,96.91780822,"European Environment Agency (downloaded in 2021)",NA,2022,NA
"European Region","BEL","Belgium","Schoten",2018,13.84,22.82,23.69,NA,NA,95.74200913,"European Environment Agency (downloaded in 2021)",NA,2022,NA
"European Region","BEL","Belgium","Schoten",2019,12.31,21.14,21.09,NA,NA,96.38127854,"European Environment Agency (downloaded in 2021)",NA,2022,NA
"European Region","BEL","Belgium","Seraing",2017,11.44,19.09,25.37,NA,NA,96.23287671,"European Environment Agency (downloaded in 2021)",NA,2022,NA
"European Region","BEL","Belgium","Seraing",2018,12.74,22.43,24.16,NA,NA,97.5,"European Environment Agency (downloaded in 2021)",NA,2022,NA
"European Region","BEL","Belgium","Seraing",2019,10.08,18.25,21.62,NA,NA,96.38127854,"European Environment Agency (downloaded in 2021)",NA,2022,NA
"European Region","BEL","Belgium","Sint-Lambrechts-Woluwe",2017,NA,17.48,35.32,NA,NA,96.11872146,"European Environment Agency (downloaded in 2021)",NA,2022,NA
"European Region","BEL","Belgium","Sint-Lambrechts-Woluwe",2018,NA,18.51,30.52,NA,NA,94.45205479,"European Environment Agency (downloaded in 2021)",NA,2022,NA
"European Region","BEL","Belgium","Sint-Lambrechts-Woluwe",2019,NA,15.99,26.95,NA,NA,95.89041096,"European Environment Agency (downloaded in 2021)",NA,2022,NA
"European Region","BEL","Belgium","Somme-Leuze",2017,7.96,12.85,9.25,NA,NA,95.4109589,"European Environment Agency (downloaded in 2021)",NA,2022,NA
"European Region","BEL","Belgium","Somme-Leuze",2018,8.58,15.2,8.78,NA,NA,95.89041096,"European Environment Agency (downloaded in 2021)",NA,2022,NA
"European Region","BEL","Belgium","Somme-Leuze",2019,6.52,11.93,7.2,NA,NA,97.37442922,"European Environment Agency (downloaded in 2021)",NA,2022,NA
"European Region","BEL","Belgium","Stabroek",2017,14.1,22.11,29.66,NA,NA,94.84018265,"European Environment Agency (downloaded in 2021)",NA,2022,NA
"European Region","BEL","Belgium","Stabroek",2018,14.36,23.11,26.2,NA,NA,92.8196347,"European Environment Agency (downloaded in 2021)",NA,2022,NA
"European Region","BEL","Belgium","Stabroek",2019,13.29,21.9,24.95,NA,NA,92.8652968,"European Environment Agency (downloaded in 2021)",NA,2022,NA
"European Region","BEL","Belgium","Steenokkerzeel",2017,12.53,20.06,25.9,NA,NA,94.9543379,"European Environment Agency (downloaded in 2021)",NA,2022,NA
"European Region","BEL","Belgium","Steenokkerzeel",2018,12.83,20.65,22.01,NA,NA,96.51826484,"European Environment Agency (downloaded in 2021)",NA,2022,NA
"European Region","BEL","Belgium","Steenokkerzeel",2019,11.76,19.6,21.03,NA,NA,96.48401826,"European Environment Agency (downloaded in 2021)",NA,2022,NA
"European Region","BEL","Belgium","Tournai",2017,11.02,18.93,14.12,NA,NA,97.37442922,"European Environment Agency (downloaded in 2021)",NA,2022,NA
"European Region","BEL","Belgium","Tournai",2018,10.7,17.91,13.21,NA,NA,97.43150685,"European Environment Agency (downloaded in 2021)",NA,2022,NA
"European Region","BEL","Belgium","Tournai",2019,9.34,16.22,12.3,NA,NA,97.46575342,"European Environment Agency (downloaded in 2021)",NA,2022,NA
"European Region","BEL","Belgium","Uccle",2017,12.28,17.28,20.25,NA,NA,98.05936073,"European Environment Agency (downloaded in 2021)",NA,2022,NA
"European Region","BEL","Belgium","Uccle",2018,11.25,17.06,18.25,NA,NA,95.90182648,"European Environment Agency (downloaded in 2021)",NA,2022,NA
"European Region","BEL","Belgium","Uccle",2019,9.57,14.52,15.92,NA,NA,94.26940639,"European Environment Agency (downloaded in 2021)",NA,2022,NA
"European Region","BEL","Belgium","Veurne",2017,11.79,18.69,11.58,NA,NA,84.04109589,"European Environment Agency (downloaded in 2021)",NA,2022,NA
"European Region","BEL","Belgium","Veurne",2018,12.71,20.36,11.22,NA,NA,84.14383562,"European Environment Agency (downloaded in 2021)",NA,2022,NA
"European Region","BEL","Belgium","Veurne",2019,11.38,18.65,10.19,NA,NA,96.43835616,"European Environment Agency (downloaded in 2021)",NA,2022,NA
"European Region","BEL","Belgium","Vielsalm",2017,5.57,9.14,6.41,NA,NA,96.83789954,"European Environment Agency (downloaded in 2021)",NA,2022,NA
"European Region","BEL","Belgium","Vielsalm",2018,6.85,11.54,6.7,NA,NA,95.85616438,"European Environment Agency (downloaded in 2021)",NA,2022,NA
"European Region","BEL","Belgium","Vielsalm",2019,4.9,8.84,5.26,NA,NA,97.2260274,"European Environment Agency (downloaded in 2021)",NA,2022,NA
"European Region","BEL","Belgium","Vilvoorde",2017,14.07,23.45,26.73,NA,NA,95.0913242,"European Environment Agency (downloaded in 2021)",NA,2022,NA
"European Region","BEL","Belgium","Vilvoorde",2018,14.76,24.9,25.36,NA,NA,93.94977169,"European Environment Agency (downloaded in 2021)",NA,2022,NA
"European Region","BEL","Belgium","Vilvoorde",2019,12.69,22,23.27,NA,NA,93.32191781,"European Environment Agency (downloaded in 2021)",NA,2022,NA
"European Region","BEL","Belgium","Viroinval",2017,7.64,12.58,5.39,NA,NA,96.86073059,"European Environment Agency (downloaded in 2021)",NA,2022,NA
"European Region","BEL","Belgium","Viroinval",2018,8.68,14.33,6.28,NA,NA,94.56621005,"European Environment Agency (downloaded in 2021)",NA,2022,NA
"European Region","BEL","Belgium","Viroinval",2019,6.6,11.29,5.22,NA,NA,97.1347032,"European Environment Agency (downloaded in 2021)",NA,2022,NA
"European Region","BEL","Belgium","Zelzate",2017,14.92,24.29,25.95,NA,NA,93.19634703,"European Environment Agency (downloaded in 2021)",NA,2022,NA
"European Region","BEL","Belgium","Zelzate",2018,15.45,24.67,25.97,NA,NA,94.08675799,"European Environment Agency (downloaded in 2021)",NA,2022,NA
"European Region","BEL","Belgium","Zelzate",2019,14.75,24.16,24.93,NA,NA,93.82420091,"European Environment Agency (downloaded in 2021)",NA,2022,NA
"European Region","BEL","Belgium","Zwevegem",2017,13.87,22.46,20.36,NA,NA,96.56392694,"European Environment Agency (downloaded in 2021)",NA,2022,NA
"European Region","BEL","Belgium","Zwevegem",2018,15.28,24.84,18.9,NA,NA,97.19178082,"European Environment Agency (downloaded in 2021)",NA,2022,NA
"European Region","BEL","Belgium","Zwevegem",2019,13.36,22.69,17.38,NA,NA,90.07990868,"European Environment Agency (downloaded in 2021)",NA,2022,NA
"European Region","BEL","Belgium","Zwijndrecht",2017,14.59,23.3,27.92,NA,NA,97.14611872,"European Environment Agency (downloaded in 2021)",NA,2022,NA
"European Region","BGR","Bulgaria","Blagoevgrad",2017,NA,38.3,19.35,NA,NA,91.76940639,"European Environment Agency (downloaded in 2021)","1 urban",2022,NA
"European Region","BGR","Bulgaria","Blagoevgrad",2019,NA,29.96,17.81,NA,NA,94.32648402,"European Environment Agency (downloaded in 2021)","1 urban",2022,NA
"European Region","BGR","Bulgaria","Burgas",2017,NA,29.86,15.54,NA,NA,94.73744292,"European Environment Agency (downloaded in 2021)","2 urban, 1 industrial",2022,NA
"European Region","BGR","Bulgaria","Burgas",2018,NA,30.28,12.94,NA,NA,93.77853881,"European Environment Agency (downloaded in 2021)","2 urban, 1 industrial",2022,NA
"European Region","BGR","Bulgaria","Burgas",2019,NA,26.24,14.3,NA,NA,91.84360731,"European Environment Agency (downloaded in 2021)","2 urban, 1 industrial",2022,NA
"European Region","BGR","Bulgaria","Devnya",2017,NA,29.95,13.04,NA,NA,91.03881279,"European Environment Agency (downloaded in 2021)",NA,2022,NA
"European Region","BGR","Bulgaria","Devnya",2018,NA,25.18,18.11,NA,NA,90.71917808,"European Environment Agency (downloaded in 2021)",NA,2022,NA
"European Region","BGR","Bulgaria","Devnya",2019,NA,21.05,18.69,NA,NA,95.1369863,"European Environment Agency (downloaded in 2021)",NA,2022,NA
"European Region","BGR","Bulgaria","Dimitrovgrad",2017,NA,34.69,8.75,NA,NA,97.97945205,"European Environment Agency (downloaded in 2021)","1 urban",2022,NA
"European Region","BGR","Bulgaria","Dimitrovgrad",2019,NA,28.75,16.97,NA,NA,99.22374429,"European Environment Agency (downloaded in 2021)","1 urban",2022,NA
"European Region","BGR","Bulgaria","Galabovo",2017,NA,25.29,5.88,NA,NA,95.43378995,"European Environment Agency (downloaded in 2021)","1 industrial",2022,NA
"European Region","BGR","Bulgaria","Galabovo",2018,NA,22.66,11.79,NA,NA,82.10045662,"European Environment Agency (downloaded in 2021)","1 industrial",2022,NA
"European Region","BGR","Bulgaria","Galabovo",2019,NA,20.83,6.34,NA,NA,91.82648402,"European Environment Agency (downloaded in 2021)","1 industrial",2022,NA
"European Region","BGR","Bulgaria","Gorna Oryahovitsa",2017,NA,48.69,21.89,NA,NA,95.46803653,"European Environment Agency (downloaded in 2021)",NA,2022,NA
"European Region","BGR","Bulgaria","Gorna Oryahovitsa",2018,NA,48.02,19.05,NA,NA,95.44520548,"European Environment Agency (downloaded in 2021)",NA,2022,NA
"European Region","BGR","Bulgaria","Gorna Oryahovitsa",2019,NA,35.61,19.05,NA,NA,95.44520548,"European Environment Agency (downloaded in 2021)",NA,2022,NA
"European Region","BGR","Bulgaria","Nessebur",2017,NA,33.39,23.29,NA,NA,99.62328767,"European Environment Agency (downloaded in 2021)",NA,2022,NA
"European Region","BGR","Bulgaria","Pernik",2017,NA,33.4,16.86,NA,NA,95.74200913,"European Environment Agency (downloaded in 2021)","2 urban",2022,NA
"European Region","BGR","Bulgaria","Pernik",2018,30.75,34.82,14.56,NA,NA,89.87442922,"European Environment Agency (downloaded in 2021)","2 urban",2022,NA
"European Region","BGR","Bulgaria","Pernik",2019,NA,31.14,16.36,NA,NA,90.86757991,"European Environment Agency (downloaded in 2021)","2 urban",2022,NA
"European Region","BGR","Bulgaria","Pleven",2017,NA,43.53,25.01,NA,NA,94.97716895,"European Environment Agency (downloaded in 2021)","1 urban",2022,NA
"European Region","BGR","Bulgaria","Pleven",2018,NA,42.79,23.07,NA,NA,99.6803653,"European Environment Agency (downloaded in 2021)","1 urban",2022,NA
"European Region","BGR","Bulgaria","Pleven",2019,NA,36.33,16.58,NA,NA,97.9109589,"European Environment Agency (downloaded in 2021)","1 urban",2022,NA
"European Region","BGR","Bulgaria","Plovdiv",2017,27.32,48.47,35.21,NA,NA,93.99543379,"European Environment Agency (downloaded in 2021)","1 urban, 1 traffic",2022,NA
"European Region","BGR","Bulgaria","Plovdiv",2018,19.17,42.57,28.6,NA,NA,93.62442923,"European Environment Agency (downloaded in 2021)","1 urban, 1 traffic",2022,NA
"European Region","BGR","Bulgaria","Plovdiv",2019,19.04,37.96,33.51,NA,NA,94.70319635,"European Environment Agency (downloaded in 2021)","1 urban, 1 traffic",2022,NA
"European Region","BGR","Bulgaria","Progled",2017,4.65,8.11,6.56,NA,NA,93.57305936,"European Environment Agency (downloaded in 2021)","rural",2022,NA
"European Region","BGR","Bulgaria","Progled",2018,4.65,8.68,7.12,NA,NA,95.0913242,"European Environment Agency (downloaded in 2021)","rural",2022,NA
"European Region","BGR","Bulgaria","Progled",2019,5.28,9.27,7.23,NA,NA,93.33333333,"European Environment Agency (downloaded in 2021)","rural",2022,NA
"European Region","BGR","Bulgaria","Ruse",2017,25.42,40.66,22.29,NA,NA,97.35159817,"European Environment Agency (downloaded in 2021)",NA,2022,NA
"European Region","BGR","Bulgaria","Ruse",2018,24.14,38.87,19.99,NA,NA,98.24200913,"European Environment Agency (downloaded in 2021)",NA,2022,NA
"European Region","BGR","Bulgaria","Ruse",2019,20.15,35.95,21.72,NA,NA,93.82420091,"European Environment Agency (downloaded in 2021)",NA,2022,NA
"European Region","BGR","Bulgaria","Shumen",2017,NA,34.16,16.86,NA,NA,93.89269406,"European Environment Agency (downloaded in 2021)","urban",2022,NA
"European Region","BGR","Bulgaria","Shumen",2018,NA,33.78,17.21,NA,NA,81.28995434,"European Environment Agency (downloaded in 2021)","urban",2022,NA
"European Region","BGR","Bulgaria","Shumen",2019,NA,29.47,19.3,NA,NA,94.87442922,"European Environment Agency (downloaded in 2021)","urban",2022,NA
"European Region","BGR","Bulgaria","Sofia",2017,26.58,36.24,27.43,NA,NA,97.42579909,"European Environment Agency (downloaded in 2021)","1 suburban, 3 urban, 2 traffic",2022,NA
"European Region","BGR","Bulgaria","Sofia",2018,NA,33.29,24.43,NA,NA,94.67808219,"European Environment Agency (downloaded in 2021)","1 suburban, 3 urban, 2 traffic",2022,NA
"European Region","BGR","Bulgaria","Sofia",2019,8.9,27.78,23.87,NA,NA,95.41476408,"European Environment Agency (downloaded in 2021)","1 suburban, 3 urban, 2 traffic",2022,NA
"European Region","BGR","Bulgaria","Stara Zagora",2017,19.31,24.64,19.53,NA,NA,95.12557078,"European Environment Agency (downloaded in 2021)","2 urban",2022,NA
"European Region","BGR","Bulgaria","Stara Zagora",2018,21.28,22.24,15.91,NA,NA,94.87442922,"European Environment Agency (downloaded in 2021)","2 urban",2022,NA
"European Region","BGR","Bulgaria","Stara Zagora",2019,20.93,20.94,14.87,NA,NA,95.47945205,"European Environment Agency (downloaded in 2021)","2 urban",2022,NA
"European Region","BGR","Bulgaria","Varna",2017,11.92,25.73,15.39,NA,NA,98.55022831,"European Environment Agency (downloaded in 2021)","2 urban",2022,NA
"European Region","BGR","Bulgaria","Varna",2018,15.94,26.95,24.28,NA,NA,91.10730594,"European Environment Agency (downloaded in 2021)","2 urban",2022,NA
"European Region","BGR","Bulgaria","Varna",2019,18.55,27.44,27.57,NA,NA,89.55479452,"European Environment Agency (downloaded in 2021)","2 urban",2022,NA
"European Region","BGR","Bulgaria","Vratsa",2017,NA,30.84,19.34,NA,NA,94.15525114,"European Environment Agency (downloaded in 2021)",NA,2022,NA
"European Region","BGR","Bulgaria","Vratsa",2018,NA,29.23,20.16,NA,NA,94.9086758,"European Environment Agency (downloaded in 2021)",NA,2022,NA
"European Region","BGR","Bulgaria","Vratsa",2019,NA,29.29,19.25,NA,NA,94.62328767,"European Environment Agency (downloaded in 2021)",NA,2022,NA
"European Region","BIH","Bosnia and Herzegovina","Gorazde",2017,32.56,40.45,11.22,NA,NA,97.61415525,"European Environment Agency (downloaded in 2021)",NA,2022,NA
"European Region","BIH","Bosnia and Herzegovina","Gorazde",2019,32.54,32.54,6.8,NA,NA,91.60958904,"European Environment Agency (downloaded in 2021)",NA,2022,NA
"European Region","BIH","Bosnia and Herzegovina","Ilidza",2018,NA,72.66,29.42,NA,NA,90.26255708,"European Environment Agency (downloaded in 2021)",NA,2022,NA
"European Region","BIH","Bosnia and Herzegovina","Jajce",2017,NA,21.62,17.22,NA,NA,86.94063927,"European Environment Agency (downloaded in 2021)",NA,2022,NA
"European Region","BIH","Bosnia and Herzegovina","Jajce",2018,NA,15.82,12.26,NA,NA,94.76027397,"European Environment Agency (downloaded in 2021)",NA,2022,NA
"European Region","BIH","Bosnia and Herzegovina","Sarajevo",2017,NA,45.26,41.26,NA,NA,93.31050228,"European Environment Agency (downloaded in 2021)",NA,2022,NA
"European Region","BIH","Bosnia and Herzegovina","Sarajevo",2018,NA,56.99,35.01,NA,NA,95.81050228,"European Environment Agency (downloaded in 2021)",NA,2022,NA
"European Region","BIH","Bosnia and Herzegovina","Sarajevo",2019,NA,50.01,35.48,NA,NA,96.91780822,"European Environment Agency (downloaded in 2021)",NA,2022,NA
"European Region","BIH","Bosnia and Herzegovina","Sarajevo Canton",2017,NA,40.53,21.13,NA,NA,83.08219178,"European Environment Agency (downloaded in 2021)",NA,2022,NA
"European Region","BIH","Bosnia and Herzegovina","Sarajevo Canton",2018,NA,56.63,19.98,NA,NA,90.87899544,"European Environment Agency (downloaded in 2021)",NA,2022,NA
"European Region","BIH","Bosnia and Herzegovina","Sarajevo Canton",2019,NA,47.15,19.78,NA,NA,90.32534247,"European Environment Agency (downloaded in 2021)",NA,2022,NA
"European Region","BIH","Bosnia and Herzegovina","Zenica",2018,NA,54.43,15.49,NA,NA,86.67808219,"European Environment Agency (downloaded in 2021)",NA,2022,NA
"European Region","BIH","Bosnia and Herzegovina","Zenica",2019,NA,48.17,14.76,NA,NA,92.1803653,"European Environment Agency (downloaded in 2021)",NA,2022,NA
"European Region","CHE","Switzerland","Aadorf",2017,NA,11.32,11.3,NA,NA,99.50913242,"European Environment Agency (downloaded in 2021)",NA,2022,NA
"European Region","CHE","Switzerland","Aadorf",2018,NA,13.03,11.98,NA,NA,98.72146119,"European Environment Agency (downloaded in 2021)",NA,2022,NA
"European Region","CHE","Switzerland","Aadorf",2019,NA,10.93,11.11,NA,NA,99.56621005,"European Environment Agency (downloaded in 2021)",NA,2022,NA
"European Region","CHE","Switzerland","Aarau",2018,11.5,14.8,23.8,NA,NA,NA,"BAFU","1 Traffic",2022,NA
"European Region","CHE","Switzerland","Aarau",2019,9.8,13.2,22.2,NA,NA,NA,"BAFU","1 Traffic",2022,NA
"European Region","CHE","Switzerland","Aigle",2017,NA,14.9,25,NA,NA,NA,"BAFU","1 Industrial",2022,NA
"European Region","CHE","Switzerland","Aigle",2018,NA,14.8,20.9,NA,NA,NA,"BAFU","1 Industrial",2022,NA
"European Region","CHE","Switzerland","Aigle",2019,8.3,13,20.1,NA,NA,NA,"BAFU","1 Industrial",2022,NA
"European Region","CHE","Switzerland","Airolo",2017,NA,9,19,NA,NA,NA,"BAFU","1 Traffic",2022,NA
"European Region","CHE","Switzerland","Airolo",2018,6,9,19,NA,NA,NA,"BAFU","1 Traffic",2022,NA
"European Region","CHE","Switzerland","Airolo",2019,5.6,8.9,17.6,NA,NA,NA,"BAFU","1 Traffic",2022,NA
"European Region","CHE","Switzerland","Altdorf",2017,NA,12.8,20.5,NA,NA,NA,"BAFU","1 Traffic",2022,NA
"European Region","CHE","Switzerland","Altdorf",2018,NA,13.6,19.5,NA,NA,NA,"BAFU","1 Traffic",2022,NA
"European Region","CHE","Switzerland","Altdorf",2019,NA,11.9,18,NA,NA,NA,"BAFU","1 Traffic",2022,NA
"European Region","CHE","Switzerland","Avully",2017,NA,13.91,12.62,NA,NA,98.71004566,"BAFU, European Environment Agency (downloaded in 2021)",NA,2022,NA
"European Region","CHE","Switzerland","Avully",2017,NA,13.91,12.62,NA,NA,98.71004566,"BAFU, European Environment Agency (downloaded in 2021)","1 Background",2022,NA
"European Region","CHE","Switzerland","Avully",2018,NA,14.58,11,NA,NA,99.15525114,"BAFU, European Environment Agency (downloaded in 2021)",NA,2022,NA
"European Region","CHE","Switzerland","Avully",2018,NA,14.58,11,NA,NA,99.15525114,"BAFU, European Environment Agency (downloaded in 2021)","1 Background",2022,NA
"European Region","CHE","Switzerland","Avully",2019,NA,13.8,10.81,NA,NA,99.7716895,"BAFU, European Environment Agency (downloaded in 2021)",NA,2022,NA
"European Region","CHE","Switzerland","Avully",2019,NA,13.8,10.81,NA,NA,99.7716895,"BAFU, European Environment Agency (downloaded in 2021)","1 Background",2022,NA
"European Region","CHE","Switzerland","Baden",2017,10.9,13.4,22.2,NA,NA,NA,"BAFU","1 Background",2022,NA
"European Region","CHE","Switzerland","Baden",2018,12.2,15.3,19.9,NA,NA,NA,"BAFU","1 Background",2022,NA
"European Region","CHE","Switzerland","Baden",2019,11.4,15.1,20.3,NA,NA,NA,"BAFU","1 Background",2022,NA
"European Region","CHE","Switzerland","Basel",2017,11.47,16.69,32.28,NA,NA,98.73858448,"BAFU, European Environment Agency (downloaded in 2021)",NA,2022,NA
"European Region","CHE","Switzerland","Basel",2017,11.47,16.69,32.28,NA,NA,98.73858448,"BAFU, European Environment Agency (downloaded in 2021)","2 Background, 1 Traffic",2022,NA
"European Region","CHE","Switzerland","Basel",2018,13.4,17.9,32.25,NA,NA,99.28652968,"BAFU, European Environment Agency (downloaded in 2021)",NA,2022,NA
"European Region","CHE","Switzerland","Basel",2018,13.4,17.9,32.25,NA,NA,99.28652968,"BAFU, European Environment Agency (downloaded in 2021)","2 Background, 1 Traffic",2022,NA
"European Region","CHE","Switzerland","Basel",2019,11.3,15.38,30.67,NA,NA,98.49315069,"BAFU, European Environment Agency (downloaded in 2021)",NA,2022,NA
"European Region","CHE","Switzerland","Basel",2019,11.3,15.38,30.67,NA,NA,98.49315069,"BAFU, European Environment Agency (downloaded in 2021)","2 Background, 1 Traffic",2022,NA
"European Region","CHE","Switzerland","Bern",2017,12.65,18.1,29.1,NA,NA,99.62899544,"BAFU, European Environment Agency (downloaded in 2021)",NA,2022,NA
"European Region","CHE","Switzerland","Bern",2017,12.65,18.1,29.1,NA,NA,99.62899544,"BAFU, European Environment Agency (downloaded in 2021)","1 Background, 2 Traffic",2022,NA
"European Region","CHE","Switzerland","Bern",2018,13.35,18.62,27.27,NA,NA,99.7716895,"BAFU, European Environment Agency (downloaded in 2021)",NA,2022,NA
"European Region","CHE","Switzerland","Bern",2018,13.35,18.62,27.27,NA,NA,99.7716895,"BAFU, European Environment Agency (downloaded in 2021)","1 Background, 2 Traffic",2022,NA
"European Region","CHE","Switzerland","Bern",2019,10.86,16.01,25.69,NA,NA,99.64611872,"BAFU, European Environment Agency (downloaded in 2021)",NA,2022,NA
"European Region","CHE","Switzerland","Bern",2019,10.86,16.01,25.69,NA,NA,99.64611872,"BAFU, European Environment Agency (downloaded in 2021)","1 Background, 2 Traffic",2022,NA
"European Region","CHE","Switzerland","Beromünster",2017,NA,9.8,8,NA,NA,NA,"BAFU","1 Background",2022,NA
"European Region","CHE","Switzerland","Beromünster",2018,NA,11.4,9.6,NA,NA,NA,"BAFU","1 Background",2022,NA
"European Region","CHE","Switzerland","Beromünster",2019,NA,9.7,7.9,NA,NA,NA,"BAFU","1 Background",2022,NA
"European Region","CHE","Switzerland","Biel/Bienne",2017,NA,14,21,NA,NA,NA,"BAFU","1 Background, 1 Traffic",2022,NA
"European Region","CHE","Switzerland","Biel/Bienne",2018,NA,14,19,NA,NA,NA,"BAFU","1 Background, 1 Traffic",2022,NA
"European Region","CHE","Switzerland","Biel/Bienne",2019,NA,13,17,NA,NA,NA,"BAFU","1 Background, 1 Traffic",2022,NA
"European Region","CHE","Switzerland","Binningen",2017,9.82,13.53,18.8,NA,NA,98.96118721,"European Environment Agency (downloaded in 2021)",NA,2022,NA
"European Region","CHE","Switzerland","Binningen",2018,10.6,14.34,17.52,NA,NA,99.20091324,"European Environment Agency (downloaded in 2021)",NA,2022,NA
"European Region","CHE","Switzerland","Binningen",2019,8.93,12.56,16.71,NA,NA,99.56621005,"European Environment Agency (downloaded in 2021)",NA,2022,NA
"European Region","CHE","Switzerland","Bioggio",2017,15,22,33,NA,NA,NA,"BAFU","1 Industrial",2022,NA
"European Region","CHE","Switzerland","Bioggio",2018,13,19,28,NA,NA,NA,"BAFU","1 Industrial",2022,NA
"European Region","CHE","Switzerland","Bioggio",2019,11.4,17.8,27,NA,NA,NA,"BAFU","1 Industrial",2022,NA
"European Region","CHE","Switzerland","Bodio",2017,NA,21,29,NA,NA,NA,"BAFU","1 Industrial",2022,NA
"European Region","CHE","Switzerland","Bodio",2018,11,19,26,NA,NA,NA,"BAFU","1 Industrial",2022,NA
"European Region","CHE","Switzerland","Bodio",2019,9.9,17.8,23.7,NA,NA,NA,"BAFU","1 Industrial",2022,NA
"European Region","CHE","Switzerland","Brigerbad",2017,NA,16.1,21,NA,NA,NA,"BAFU","1 Industrial",2022,NA
"European Region","CHE","Switzerland","Brigerbad",2018,NA,12.4,17.4,NA,NA,NA,"BAFU","1 Industrial",2022,NA
"European Region","CHE","Switzerland","Brigerbad",2019,7.2,12,17.4,NA,NA,NA,"BAFU","1 Industrial",2022,NA
"European Region","CHE","Switzerland","Brione",2017,NA,14,10,NA,NA,NA,"BAFU","1 Background",2022,NA
"European Region","CHE","Switzerland","Brione",2018,10,14,9,NA,NA,NA,"BAFU","1 Background",2022,NA
"European Region","CHE","Switzerland","Brione",2019,8.4,12,7.3,NA,NA,NA,"BAFU","1 Background",2022,NA
"European Region","CHE","Switzerland","Bulle",2017,NA,13.1,27.5,NA,NA,NA,"BAFU","1 Traffic",2022,NA
"European Region","CHE","Switzerland","Bulle",2018,10.4,13,25.5,NA,NA,NA,"BAFU","1 Traffic",2022,NA
"European Region","CHE","Switzerland","Bulle",2019,8.6,12.6,23,NA,NA,NA,"BAFU","1 Traffic",2022,NA
"European Region","CHE","Switzerland","Bussigny",2017,NA,15.5,34.5,NA,NA,NA,"BAFU","1 Traffic",2022,NA
"European Region","CHE","Switzerland","Bussigny",2019,NA,14.3,30,NA,NA,NA,"BAFU","1 Traffic",2022,NA
"European Region","CHE","Switzerland","Cadenazzo",2017,13.06,18.46,19.94,NA,NA,99.49771689,"European Environment Agency (downloaded in 2021)",NA,2022,NA
"European Region","CHE","Switzerland","Cadenazzo",2018,11.56,16.02,15.98,NA,NA,99.61187215,"European Environment Agency (downloaded in 2021)",NA,2022,NA
"European Region","CHE","Switzerland","Cadenazzo",2019,9.89,14.53,15.21,NA,NA,98.88127854,"European Environment Agency (downloaded in 2021)",NA,2022,NA
"European Region","CHE","Switzerland","Camignolo",2017,NA,20,54,NA,NA,NA,"BAFU","1 Traffic",2022,NA
"European Region","CHE","Switzerland","Camignolo",2018,NA,18,47,NA,NA,NA,"BAFU","1 Traffic",2022,NA
"European Region","CHE","Switzerland","Camignolo",2019,NA,15.1,43.2,NA,NA,NA,"BAFU","1 Traffic",2022,NA
"European Region","CHE","Switzerland","Chaumont",2017,NA,6.4,5.1,NA,NA,NA,"BAFU","1 Background",2022,NA
"European Region","CHE","Switzerland","Chaumont",2018,NA,7.5,5.8,NA,NA,NA,"BAFU","1 Background",2022,NA
"European Region","CHE","Switzerland","Chaumont",2019,NA,6.5,5,NA,NA,NA,"BAFU","1 Background",2022,NA
"European Region","CHE","Switzerland","Chiasso",2017,20,26,38,NA,NA,NA,"BAFU","1 Traffic",2022,NA
"European Region","CHE","Switzerland","Chiasso",2018,16,21,32,NA,NA,NA,"BAFU","1 Traffic",2022,NA
"European Region","CHE","Switzerland","Chiasso",2019,13.7,18.6,30.9,NA,NA,NA,"BAFU","1 Traffic",2022,NA
"European Region","CHE","Switzerland","Chur",2017,NA,12.85,22.6,NA,NA,NA,"BAFU","1 Background, 1 Traffic",2022,NA
"European Region","CHE","Switzerland","Chur",2018,10,14.25,21.2,NA,NA,NA,"BAFU","1 Background, 1 Traffic",2022,NA
"European Region","CHE","Switzerland","Chur",2019,9,12.75,18.6,NA,NA,NA,"BAFU","1 Background, 1 Traffic",2022,NA
"European Region","CHE","Switzerland","Davos",2017,NA,6.8,11.55,NA,NA,NA,"BAFU","1 Background, 1 Traffic",2022,NA
"European Region","CHE","Switzerland","Davos",2018,NA,12.5,12.9,NA,NA,NA,"BAFU","1 Background, 1 Traffic",2022,NA
"European Region","CHE","Switzerland","Davos",2019,7.3,8.45,12.05,NA,NA,NA,"BAFU","1 Background, 1 Traffic",2022,NA
"European Region","CHE","Switzerland","Delémont",2017,NA,16,13.8,NA,NA,NA,"BAFU","1 Background",2022,NA
"European Region","CHE","Switzerland","Delémont",2018,NA,16,13.8,NA,NA,NA,"BAFU","1 Background",2022,NA
"European Region","CHE","Switzerland","Delémont",2019,NA,14.6,13.6,NA,NA,NA,"BAFU","1 Background",2022,NA
"European Region","CHE","Switzerland","Dornach",2017,NA,14,15,NA,NA,NA,"BAFU","1 Background",2022,NA
"European Region","CHE","Switzerland","Dornach",2018,NA,14,14,NA,NA,NA,"BAFU","1 Background",2022,NA
"European Region","CHE","Switzerland","Dornach",2019,10,12,13,NA,NA,NA,"BAFU","1 Background",2022,NA
"European Region","CHE","Switzerland","Dubendorf",2017,9.6,13.78,24.72,NA,NA,99.56621005,"European Environment Agency (downloaded in 2021)",NA,2022,NA
"European Region","CHE","Switzerland","Dubendorf",2018,10.81,14.85,23.33,NA,NA,98.92694064,"European Environment Agency (downloaded in 2021)",NA,2022,NA
"European Region","CHE","Switzerland","Dubendorf",2019,9.04,12.72,21.61,NA,NA,99.69178082,"European Environment Agency (downloaded in 2021)",NA,2022,NA
"European Region","CHE","Switzerland","Dübendorf",2017,9.5,13.8,24.7,NA,NA,NA,"BAFU","1 Background",2022,NA
"European Region","CHE","Switzerland","Dübendorf",2018,10.7,14.8,23.3,NA,NA,NA,"BAFU","1 Background",2022,NA
"European Region","CHE","Switzerland","Dübendorf",2019,9,12.7,21.6,NA,NA,NA,"BAFU","1 Background",2022,NA
"European Region","CHE","Switzerland","Ebikon",2017,NA,14,19.8,NA,NA,99.57762557,"BAFU, European Environment Agency (downloaded in 2021)",NA,2022,NA
"European Region","CHE","Switzerland","Ebikon",2017,NA,14,19.8,NA,NA,99.57762557,"BAFU, European Environment Agency (downloaded in 2021)","1 Background",2022,NA
"European Region","CHE","Switzerland","Ebikon",2018,NA,15.38,18.31,NA,NA,99.89726027,"BAFU, European Environment Agency (downloaded in 2021)",NA,2022,NA
"European Region","CHE","Switzerland","Ebikon",2018,NA,15.38,18.31,NA,NA,99.89726027,"BAFU, European Environment Agency (downloaded in 2021)","1 Background",2022,NA
"European Region","CHE","Switzerland","Ebikon",2019,NA,13.82,17.5,NA,NA,99.02968037,"BAFU, European Environment Agency (downloaded in 2021)",NA,2022,NA
"European Region","CHE","Switzerland","Ebikon",2019,NA,13.82,17.5,NA,NA,99.02968037,"BAFU, European Environment Agency (downloaded in 2021)","1 Background",2022,NA
"European Region","CHE","Switzerland","Egerkingen",2017,NA,16,27,NA,NA,NA,"BAFU","1 Traffic",2022,NA
"European Region","CHE","Switzerland","Egerkingen",2018,NA,17,27,NA,NA,NA,"BAFU","1 Traffic",2022,NA
"European Region","CHE","Switzerland","Egerkingen",2019,12,15,26,NA,NA,NA,"BAFU","1 Traffic",2022,NA
"European Region","CHE","Switzerland","Eggerberg",2017,NA,10.8,9.3,NA,NA,NA,"BAFU","1 Background",2022,NA
"European Region","CHE","Switzerland","Eggerberg",2018,NA,9.9,8.3,NA,NA,NA,"BAFU","1 Background",2022,NA
"European Region","CHE","Switzerland","Eggerberg",2019,NA,8.9,8.1,NA,NA,NA,"BAFU","1 Background",2022,NA
"European Region","CHE","Switzerland","Erstfeld",2017,NA,12.3,28.6,NA,NA,NA,"BAFU","1 Traffic",2022,NA
"European Region","CHE","Switzerland","Erstfeld",2018,NA,12.9,24.9,NA,NA,NA,"BAFU","1 Traffic",2022,NA
"European Region","CHE","Switzerland","Erstfeld",2019,NA,10.4,24.5,NA,NA,NA,"BAFU","1 Traffic",2022,NA
"European Region","CHE","Switzerland","Fribourg",2017,NA,14.35,25.35,NA,NA,NA,"BAFU","1 Background, 1 Traffic",2022,NA
"European Region","CHE","Switzerland","Fribourg",2018,11.5,15.1,23.95,NA,NA,NA,"BAFU","1 Background, 1 Traffic",2022,NA
"European Region","CHE","Switzerland","Fribourg",2019,8.8,13.2,13.3,NA,NA,NA,"BAFU","1 Background",2022,NA
"European Region","CHE","Switzerland","Geneve",2017,NA,16.78,38.25,NA,NA,99.89726027,"European Environment Agency (downloaded in 2021)",NA,2022,NA
"European Region","CHE","Switzerland","Geneve",2018,NA,17.19,34.66,NA,NA,99.93150685,"European Environment Agency (downloaded in 2021)",NA,2022,NA
"European Region","CHE","Switzerland","Geneve",2019,NA,16.05,35.21,NA,NA,99.93150685,"European Environment Agency (downloaded in 2021)",NA,2022,NA
"European Region","CHE","Switzerland","Genève",2017,NA,17.6,38.4,NA,NA,NA,"BAFU","1 Background",2022,NA
"European Region","CHE","Switzerland","Genève",2018,NA,17.7,34.9,NA,NA,NA,"BAFU","1 Background",2022,NA
"European Region","CHE","Switzerland","Genève",2019,11.6,17,35.4,NA,NA,NA,"BAFU","1 Background",2022,NA
"European Region","CHE","Switzerland","Giubiasco",2017,11,19,25,NA,NA,NA,"BAFU","1 Industrial",2022,NA
"European Region","CHE","Switzerland","Giubiasco",2018,10,17,21,NA,NA,NA,"BAFU","1 Industrial",2022,NA
"European Region","CHE","Switzerland","Giubiasco",2019,8.4,14.7,19.9,NA,NA,NA,"BAFU","1 Industrial",2022,NA
"European Region","CHE","Switzerland","Glarus",2018,NA,13.5,14.1,NA,NA,NA,"BAFU","1 Background",2022,NA
"European Region","CHE","Switzerland","Grabs",2018,10.8,14.3,12.8,NA,NA,NA,"BAFU","1 Background",2022,NA
"European Region","CHE","Switzerland","Grabs",2019,8.6,11.8,12.2,NA,NA,NA,"BAFU","1 Background",2022,NA
"European Region","CHE","Switzerland","Härkingen",2017,10.6,15.6,38.4,NA,NA,NA,"BAFU","1 Traffic",2022,NA
"European Region","CHE","Switzerland","Härkingen",2018,11.2,15.9,33.7,NA,NA,NA,"BAFU","1 Traffic",2022,NA
"European Region","CHE","Switzerland","Härkingen",2019,9.7,14.3,31.8,NA,NA,NA,"BAFU","1 Traffic",2022,NA
"European Region","CHE","Switzerland","Horgen",2017,NA,12.6,15.9,NA,NA,NA,"BAFU","1 Background",2022,NA
"European Region","CHE","Switzerland","Horgen",2018,NA,13.4,18,NA,NA,NA,"BAFU","1 Background",2022,NA
"European Region","CHE","Switzerland","Ittigen",2017,NA,13.72,19.76,NA,NA,99.49771689,"BAFU, European Environment Agency (downloaded in 2021)",NA,2022,NA
"European Region","CHE","Switzerland","Ittigen",2017,NA,13.72,19.76,NA,NA,99.49771689,"BAFU, European Environment Agency (downloaded in 2021)","1 Background",2022,NA
"European Region","CHE","Switzerland","Jungfraujoch",2017,NA,2.7,0.2,NA,NA,NA,"BAFU","1 Background",2022,NA
"European Region","CHE","Switzerland","Jungfraujoch",2018,NA,2.6,0.2,NA,NA,NA,"BAFU","1 Background",2022,NA
"European Region","CHE","Switzerland","Jungfraujoch",2019,NA,2.5,0.2,NA,NA,NA,"BAFU","1 Background",2022,NA
"European Region","CHE","Switzerland","Kussnacht",2017,4.96,6.6,5.34,NA,NA,99.04109589,"European Environment Agency (downloaded in 2021)",NA,2022,NA
"European Region","CHE","Switzerland","Kussnacht",2018,6.45,8.47,6.14,NA,NA,99.23515982,"European Environment Agency (downloaded in 2021)",NA,2022,NA
"European Region","CHE","Switzerland","Kussnacht",2019,4.9,6.92,4.83,NA,NA,99.57762557,"European Environment Agency (downloaded in 2021)",NA,2022,NA
"European Region","CHE","Switzerland","La Chaux",2017,NA,11.7,25.1,NA,NA,NA,"BAFU","1 Traffic",2022,NA
"European Region","CHE","Switzerland","La Chaux",2018,NA,12.5,27.5,NA,NA,NA,"BAFU","1 Traffic",2022,NA
"European Region","CHE","Switzerland","La Chaux",2019,7.8,10.6,22.6,NA,NA,NA,"BAFU","1 Traffic",2022,NA
"European Region","CHE","Switzerland","Lausanne",2017,NA,16.42,40.61,NA,NA,99.66894977,"BAFU, European Environment Agency (downloaded in 2021)",NA,2022,NA
"European Region","CHE","Switzerland","Lausanne",2017,NA,16.42,40.61,NA,NA,99.66894977,"BAFU, European Environment Agency (downloaded in 2021)","1 Traffic",2022,NA
"European Region","CHE","Switzerland","Lausanne",2018,NA,13.52,25.25,NA,NA,98.77853882,"BAFU, European Environment Agency (downloaded in 2021)",NA,2022,NA
"European Region","CHE","Switzerland","Lausanne",2018,NA,13.52,25.25,NA,NA,98.77853882,"BAFU, European Environment Agency (downloaded in 2021)","1 Background, 1 Traffic",2022,NA
"European Region","CHE","Switzerland","Lausanne",2019,8.75,13.06,24.6,NA,NA,99.35502283,"BAFU, European Environment Agency (downloaded in 2021)",NA,2022,NA
"European Region","CHE","Switzerland","Lausanne",2019,8.75,13.06,24.6,NA,NA,99.35502283,"BAFU, European Environment Agency (downloaded in 2021)","1 Background, 1 Traffic",2022,NA
"European Region","CHE","Switzerland","Le Locle",2017,NA,10,19.9,NA,NA,NA,"BAFU","1 Traffic",2022,NA
"European Region","CHE","Switzerland","Le Locle",2018,NA,11.2,19.6,NA,NA,NA,"BAFU","1 Traffic",2022,NA
"European Region","CHE","Switzerland","Le Locle",2019,NA,10.7,19.8,NA,NA,NA,"BAFU","1 Traffic",2022,NA
"European Region","CHE","Switzerland","Les Giettes",2017,NA,6.5,3.4,NA,NA,NA,"BAFU","1 Background",2022,NA
"European Region","CHE","Switzerland","Les Giettes",2018,NA,7.8,3.5,NA,NA,NA,"BAFU","1 Background",2022,NA
"European Region","CHE","Switzerland","Les Giettes",2019,NA,6.4,3.2,NA,NA,NA,"BAFU","1 Background",2022,NA
"European Region","CHE","Switzerland","Locarno",2017,NA,18,27,NA,NA,NA,"BAFU","1 Traffic",2022,NA
"European Region","CHE","Switzerland","Locarno",2018,13,17,23,NA,NA,NA,"BAFU","1 Traffic",2022,NA
"European Region","CHE","Switzerland","Locarno",2019,9.9,14,22.1,NA,NA,NA,"BAFU","1 Traffic",2022,NA
"European Region","CHE","Switzerland","Lugano",2017,14.1,19.95,26.77,NA,NA,99.42922374,"BAFU, European Environment Agency (downloaded in 2021)",NA,2022,NA
"European Region","CHE","Switzerland","Lugano",2017,14.1,19.95,26.77,NA,NA,99.42922374,"BAFU, European Environment Agency (downloaded in 2021)","2 Background",2022,NA
"European Region","CHE","Switzerland","Lugano",2018,12.98,17.96,23.52,NA,NA,99.32077626,"BAFU, European Environment Agency (downloaded in 2021)",NA,2022,NA
"European Region","CHE","Switzerland","Lugano",2018,12.98,17.96,23.52,NA,NA,99.32077626,"BAFU, European Environment Agency (downloaded in 2021)","2 Background",2022,NA
"European Region","CHE","Switzerland","Lugano",2019,9.81,15.39,22.26,NA,NA,99.18949772,"BAFU, European Environment Agency (downloaded in 2021)",NA,2022,NA
"European Region","CHE","Switzerland","Lugano",2019,9.81,15.39,22.26,NA,NA,99.18949772,"BAFU, European Environment Agency (downloaded in 2021)","2 Background",2022,NA
"European Region","CHE","Switzerland","Luzern",2017,NA,18.68,41.21,NA,NA,99.98858447,"BAFU, European Environment Agency (downloaded in 2021)",NA,2022,NA
"European Region","CHE","Switzerland","Luzern",2017,NA,18.68,41.21,NA,NA,99.98858447,"BAFU, European Environment Agency (downloaded in 2021)","1 Traffic",2022,NA
"European Region","CHE","Switzerland","Luzern",2018,NA,19.11,37.42,NA,NA,99.98858447,"BAFU, European Environment Agency (downloaded in 2021)",NA,2022,NA
"European Region","CHE","Switzerland","Luzern",2018,NA,19.11,37.42,NA,NA,99.98858447,"BAFU, European Environment Agency (downloaded in 2021)","1 Traffic",2022,NA
"European Region","CHE","Switzerland","Luzern",2019,11.9,15.32,35.29,NA,NA,99.98858447,"BAFU, European Environment Agency (downloaded in 2021)",NA,2022,NA
"European Region","CHE","Switzerland","Luzern",2019,11.9,15.32,35.29,NA,NA,99.98858447,"BAFU, European Environment Agency (downloaded in 2021)","1 Traffic",2022,NA
"European Region","CHE","Switzerland","Magadino",2017,14.8,18.5,19.9,NA,NA,NA,"BAFU","1 Background",2022,NA
"European Region","CHE","Switzerland","Magadino",2018,11,16,16,NA,NA,NA,"BAFU","1 Background",2022,NA
"European Region","CHE","Switzerland","Magadino",2019,9.9,14.5,15.2,NA,NA,NA,"BAFU","1 Background",2022,NA
"European Region","CHE","Switzerland","Massongex",2017,NA,14.9,16.4,NA,NA,NA,"BAFU","1 Industrial",2022,NA
"European Region","CHE","Switzerland","Massongex",2018,NA,13.9,15.1,NA,NA,NA,"BAFU","1 Industrial",2022,NA
"European Region","CHE","Switzerland","Massongex",2019,8.6,13.4,13.6,NA,NA,NA,"BAFU","1 Industrial",2022,NA
"European Region","CHE","Switzerland","Mendrisio",2017,20,29,37,NA,NA,NA,"BAFU","1 Traffic",2022,NA
"European Region","CHE","Switzerland","Mendrisio",2018,17,24,33,NA,NA,NA,"BAFU","1 Traffic",2022,NA
"European Region","CHE","Switzerland","Mendrisio",2019,13.9,19.7,31.6,NA,NA,NA,"BAFU","1 Traffic",2022,NA
"European Region","CHE","Switzerland","Mesocco",2017,NA,12.2,18,NA,NA,NA,"BAFU","1 Traffic",2022,NA
"European Region","CHE","Switzerland","Mesocco",2018,NA,12.9,18.2,NA,NA,NA,"BAFU","1 Traffic",2022,NA
"European Region","CHE","Switzerland","Mesocco",2019,NA,10.6,15.4,NA,NA,NA,"BAFU","1 Traffic",2022,NA
"European Region","CHE","Switzerland","Meyrin",2017,NA,15.73,18.37,NA,NA,99.89726027,"BAFU, European Environment Agency (downloaded in 2021)",NA,2022,NA
"European Region","CHE","Switzerland","Meyrin",2017,NA,15.73,18.37,NA,NA,99.89726027,"BAFU, European Environment Agency (downloaded in 2021)","1 Background",2022,NA
"European Region","CHE","Switzerland","Meyrin",2018,NA,15.69,16.37,NA,NA,99.32648402,"BAFU, European Environment Agency (downloaded in 2021)",NA,2022,NA
"European Region","CHE","Switzerland","Meyrin",2018,NA,15.69,16.37,NA,NA,99.32648402,"BAFU, European Environment Agency (downloaded in 2021)","1 Background",2022,NA
"European Region","CHE","Switzerland","Meyrin",2019,NA,14.64,15.36,NA,NA,99.88584475,"BAFU, European Environment Agency (downloaded in 2021)",NA,2022,NA
"European Region","CHE","Switzerland","Meyrin",2019,NA,14.64,15.36,NA,NA,99.88584475,"BAFU, European Environment Agency (downloaded in 2021)","1 Background",2022,NA
"European Region","CHE","Switzerland","Moleno",2017,NA,20,40,NA,NA,NA,"BAFU","1 Traffic",2022,NA
"European Region","CHE","Switzerland","Moleno",2018,NA,18,33,NA,NA,NA,"BAFU","1 Traffic",2022,NA
"European Region","CHE","Switzerland","Moleno",2019,NA,15,30.9,NA,NA,NA,"BAFU","1 Traffic",2022,NA
"European Region","CHE","Switzerland","Montana",2017,NA,8.4,11.2,NA,NA,NA,"BAFU","1 Background",2022,NA
"European Region","CHE","Switzerland","Montana",2018,NA,9.1,10.2,NA,NA,NA,"BAFU","1 Background",2022,NA
"European Region","CHE","Switzerland","Montana",2019,4.5,8.6,10.2,NA,NA,NA,"BAFU","1 Background",2022,NA
"European Region","CHE","Switzerland","Montreux",2018,NA,12,18,NA,NA,NA,"BAFU","1 Background",2022,NA
"European Region","CHE","Switzerland","Morges",2017,NA,13.9,25.5,NA,NA,NA,"BAFU","1 Background",2022,NA
"European Region","CHE","Switzerland","Morges",2018,NA,15.2,22.5,NA,NA,NA,"BAFU","1 Background",2022,NA
"European Region","CHE","Switzerland","Morges",2019,9.3,13.8,21.4,NA,NA,NA,"BAFU","1 Background",2022,NA
"European Region","CHE","Switzerland","Muttenz",2017,NA,17.5,47.8,NA,NA,NA,"BAFU","1 Traffic",2022,NA
"European Region","CHE","Switzerland","Muttenz",2018,NA,18.7,45.5,NA,NA,NA,"BAFU","1 Traffic",2022,NA
"European Region","CHE","Switzerland","Muttenz",2019,NA,17,41,NA,NA,NA,"BAFU","1 Traffic",2022,NA
"European Region","CHE","Switzerland","Neuchatel",2017,NA,6.38,5.06,NA,NA,98.25342466,"European Environment Agency (downloaded in 2021)",NA,2022,NA
"European Region","CHE","Switzerland","Neuchatel",2018,NA,7.48,5.79,NA,NA,99.38356164,"European Environment Agency (downloaded in 2021)",NA,2022,NA
"European Region","CHE","Switzerland","Neuchatel",2019,NA,6.51,4.98,NA,NA,98.71004566,"European Environment Agency (downloaded in 2021)",NA,2022,NA
"European Region","CHE","Switzerland","Neuchâtel",2017,NA,14.6,27.5,NA,NA,NA,"BAFU","1 Traffic",2022,NA
"European Region","CHE","Switzerland","Neuchâtel",2018,NA,15.2,25.7,NA,NA,NA,"BAFU","1 Traffic",2022,NA
"European Region","CHE","Switzerland","Neuchâtel",2019,9.5,12.9,23.9,NA,NA,NA,"BAFU","1 Traffic",2022,NA
"European Region","CHE","Switzerland","Neuhausen",2017,NA,15.6,31,NA,NA,NA,"BAFU","1 Traffic",2022,NA
"European Region","CHE","Switzerland","Neuhausen",2019,NA,15,28.1,NA,NA,NA,"BAFU","1 Traffic",2022,NA
"European Region","CHE","Switzerland","Nyon",2017,NA,17,17.4,NA,NA,NA,"BAFU","1 Background",2022,NA
"European Region","CHE","Switzerland","Nyon",2018,NA,16.4,15.9,NA,NA,NA,"BAFU","1 Background",2022,NA
"European Region","CHE","Switzerland","Nyon",2019,8.2,12,15.8,NA,NA,NA,"BAFU","1 Background",2022,NA
"European Region","CHE","Switzerland","Opfikon",2017,NA,16.98,38.05,NA,NA,98.69863014,"BAFU, European Environment Agency (downloaded in 2021)",NA,2022,NA
"European Region","CHE","Switzerland","Opfikon",2017,NA,16.98,38.05,NA,NA,98.69863014,"BAFU, European Environment Agency (downloaded in 2021)","1 Traffic",2022,NA
"European Region","CHE","Switzerland","Opfikon",2018,10.7,16.39,33.52,NA,NA,98.68721461,"BAFU, European Environment Agency (downloaded in 2021)",NA,2022,NA
"European Region","CHE","Switzerland","Opfikon",2018,10.7,16.39,33.52,NA,NA,98.68721461,"BAFU, European Environment Agency (downloaded in 2021)","1 Traffic",2022,NA
"European Region","CHE","Switzerland","Opfikon",2019,9.7,14.74,31.4,NA,NA,98.97260274,"BAFU, European Environment Agency (downloaded in 2021)",NA,2022,NA
"European Region","CHE","Switzerland","Opfikon",2019,9.7,14.74,31.4,NA,NA,98.97260274,"BAFU, European Environment Agency (downloaded in 2021)","1 Background, 1 Traffic",2022,NA
"European Region","CHE","Switzerland","Payerne",2017,8.43,11.8,12.72,NA,NA,99.48630137,"BAFU, European Environment Agency (downloaded in 2021)",NA,2022,NA
"European Region","CHE","Switzerland","Payerne",2017,8.43,11.8,12.72,NA,NA,99.48630137,"BAFU, European Environment Agency (downloaded in 2021)","1 Background",2022,NA
"European Region","CHE","Switzerland","Payerne",2018,9.44,13.11,12.2,NA,NA,98.59589041,"BAFU, European Environment Agency (downloaded in 2021)",NA,2022,NA
"European Region","CHE","Switzerland","Payerne",2018,9.44,13.11,12.2,NA,NA,98.59589041,"BAFU, European Environment Agency (downloaded in 2021)","1 Background",2022,NA
"European Region","CHE","Switzerland","Payerne",2019,7.78,11.38,11.58,NA,NA,99.36073059,"BAFU, European Environment Agency (downloaded in 2021)",NA,2022,NA
"European Region","CHE","Switzerland","Payerne",2019,7.78,11.38,11.58,NA,NA,99.36073059,"BAFU, European Environment Agency (downloaded in 2021)","1 Background",2022,NA
"European Region","CHE","Switzerland","Porrentruy",2017,NA,13.9,13,NA,NA,NA,"BAFU","1 Background",2022,NA
"European Region","CHE","Switzerland","Porrentruy",2018,NA,14.9,12.8,NA,NA,NA,"BAFU","1 Background",2022,NA
"European Region","CHE","Switzerland","Rapperswil",2017,NA,13.8,22.2,NA,NA,NA,"BAFU","1 Traffic",2022,NA
"European Region","CHE","Switzerland","Rapperswil",2019,NA,12.5,20.9,NA,NA,NA,"BAFU","1 Traffic",2022,NA
"European Region","CHE","Switzerland","Reiden",2017,NA,15.5,29.7,NA,NA,NA,"BAFU","1 Traffic",2022,NA
"European Region","CHE","Switzerland","Reiden",2018,NA,16,26.1,NA,NA,NA,"BAFU","1 Traffic",2022,NA
"European Region","CHE","Switzerland","Reiden",2019,NA,14.7,25.4,NA,NA,NA,"BAFU","1 Traffic",2022,NA
"European Region","CHE","Switzerland","Rigi",2017,4.7,6.6,5.3,NA,NA,NA,"BAFU","1 Background",2022,NA
"European Region","CHE","Switzerland","Rigi",2018,6.1,8.5,6.1,NA,NA,NA,"BAFU","1 Background",2022,NA
"European Region","CHE","Switzerland","Rigi",2019,4.9,6.9,4.8,NA,NA,NA,"BAFU","1 Background",2022,NA
"European Region","CHE","Switzerland","Rothenbrunnen",2017,NA,10.9,24.5,NA,NA,NA,"BAFU","1 Traffic",2022,NA
"European Region","CHE","Switzerland","Rothenbrunnen",2018,NA,12.8,22.6,NA,NA,NA,"BAFU","1 Traffic",2022,NA
"European Region","CHE","Switzerland","Rothenbrunnen",2019,NA,10.7,21.6,NA,NA,NA,"BAFU","1 Traffic",2022,NA
"European Region","CHE","Switzerland","San Vittore",2017,NA,22.1,17,NA,NA,NA,"BAFU","1 Traffic",2022,NA
"European Region","CHE","Switzerland","San Vittore",2018,NA,20,14.6,NA,NA,NA,"BAFU","1 Traffic",2022,NA
"European Region","CHE","Switzerland","San Vittore",2019,13.8,18.4,13.5,NA,NA,NA,"BAFU","1 Traffic",2022,NA
"European Region","CHE","Switzerland","Saxon",2017,NA,15.28,18.21,NA,NA,99.61187215,"BAFU, European Environment Agency (downloaded in 2021)",NA,2022,NA
"European Region","CHE","Switzerland","Saxon",2017,NA,15.28,18.21,NA,NA,99.61187215,"BAFU, European Environment Agency (downloaded in 2021)","1 Background",2022,NA
"European Region","CHE","Switzerland","Saxon",2018,NA,13.19,15.7,NA,NA,99.65753425,"BAFU, European Environment Agency (downloaded in 2021)",NA,2022,NA
"European Region","CHE","Switzerland","Saxon",2018,NA,13.19,15.7,NA,NA,99.65753425,"BAFU, European Environment Agency (downloaded in 2021)","1 Background",2022,NA
"European Region","CHE","Switzerland","Saxon",2019,8,11.99,14.51,NA,NA,99.79452055,"BAFU, European Environment Agency (downloaded in 2021)",NA,2022,NA
"European Region","CHE","Switzerland","Saxon",2019,8,11.99,14.51,NA,NA,99.79452055,"BAFU, European Environment Agency (downloaded in 2021)","1 Background",2022,NA
"European Region","CHE","Switzerland","Schlieren",2018,10.5,15.4,22.2,NA,NA,NA,"BAFU","1 Industrial",2022,NA
"European Region","CHE","Switzerland","Schupfart",2018,11.5,15.6,10.3,NA,NA,NA,"BAFU","1 Background",2022,NA
"European Region","CHE","Switzerland","Schupfart",2019,9.5,13.9,8.8,NA,NA,NA,"BAFU","1 Background",2022,NA
"European Region","CHE","Switzerland","Schwyz",2017,NA,15.5,17.5,NA,NA,NA,"BAFU","1 Background",2022,NA
"European Region","CHE","Switzerland","Schwyz",2018,NA,15,16.6,NA,NA,NA,"BAFU","1 Background",2022,NA
"European Region","CHE","Switzerland","Schwyz",2019,8.5,13.9,16.5,NA,NA,NA,"BAFU","1 Background",2022,NA
"European Region","CHE","Switzerland","Sion",2017,NA,15.45,28.55,NA,NA,NA,"BAFU","2 Traffic",2022,NA
"European Region","CHE","Switzerland","Sion",2018,NA,14.75,26.45,NA,NA,NA,"BAFU","2 Traffic",2022,NA
"European Region","CHE","Switzerland","Sion",2019,7.9,14.05,25.1,NA,NA,NA,"BAFU","2 Traffic",2022,NA
"European Region","CHE","Switzerland","Sissach",2017,NA,16.3,26.9,NA,NA,NA,"BAFU","1 Traffic",2022,NA
"European Region","CHE","Switzerland","Sissach",2018,NA,14.5,14.8,NA,NA,NA,"BAFU","1 Background",2022,NA
"European Region","CHE","Switzerland","Sissach",2019,9,14,15,NA,NA,NA,"BAFU","1 Background",2022,NA
"European Region","CHE","Switzerland","Sisseln",2017,10.9,15.5,19.3,NA,NA,NA,"BAFU","1 Background",2022,NA
"European Region","CHE","Switzerland","Solothurn",2017,10,15,21.5,NA,NA,NA,"BAFU","1 Background, 1 Traffic",2022,NA
"European Region","CHE","Switzerland","Solothurn",2018,11,15,19.5,NA,NA,NA,"BAFU","1 Background, 1 Traffic",2022,NA
"European Region","CHE","Switzerland","Solothurn",2019,9,13,19,NA,NA,NA,"BAFU","1 Background, 1 Traffic",2022,NA
"European Region","CHE","Switzerland","St Gallen",2017,10.2,11.7,20.8,NA,NA,NA,"BAFU","1 Background, 1 Traffic",2022,NA
"European Region","CHE","Switzerland","St Gallen",2018,10.4,12.55,20.05,NA,NA,NA,"BAFU","1 Background, 1 Traffic",2022,NA
"European Region","CHE","Switzerland","St Gallen",2019,8.6,10.65,19.8,NA,NA,NA,"BAFU","1 Background, 1 Traffic",2022,NA
"European Region","CHE","Switzerland","St. Gallen",2017,NA,11.7,20.82,NA,NA,98.78995434,"European Environment Agency (downloaded in 2021)",NA,2022,NA
"European Region","CHE","Switzerland","St. Gallen",2018,NA,12.53,20.04,NA,NA,98.48744292,"European Environment Agency (downloaded in 2021)",NA,2022,NA
"European Region","CHE","Switzerland","St. Gallen",2019,NA,10.61,19.86,NA,NA,98.25342466,"European Environment Agency (downloaded in 2021)",NA,2022,NA
"European Region","CHE","Switzerland","Suhr",2017,10.6,14.7,27,NA,NA,NA,"BAFU","1 Traffic",2022,NA
"European Region","CHE","Switzerland","Sursee",2017,NA,9.74,7.96,NA,NA,99.62328767,"European Environment Agency (downloaded in 2021)",NA,2022,NA
"European Region","CHE","Switzerland","Sursee",2018,NA,11.39,9.59,NA,NA,99.28082192,"European Environment Agency (downloaded in 2021)",NA,2022,NA
"European Region","CHE","Switzerland","Sursee",2019,NA,9.75,7.92,NA,NA,99.10958904,"European Environment Agency (downloaded in 2021)",NA,2022,NA
"European Region","CHE","Switzerland","Tänikon",2017,NA,11.3,11.3,NA,NA,NA,"BAFU","1 Background",2022,NA
"European Region","CHE","Switzerland","Tänikon",2018,NA,13,12,NA,NA,NA,"BAFU","1 Background",2022,NA
"European Region","CHE","Switzerland","Tänikon",2019,7.8,10.9,11.1,NA,NA,NA,"BAFU","1 Background",2022,NA
"European Region","CHE","Switzerland","Thonex",2017,NA,16.3,22.2,NA,NA,99.89726027,"European Environment Agency (downloaded in 2021)",NA,2022,NA
"European Region","CHE","Switzerland","Thonex",2018,NA,16.7,18.69,NA,NA,99.82876712,"European Environment Agency (downloaded in 2021)",NA,2022,NA
"European Region","CHE","Switzerland","Thonex",2019,NA,15.75,17.28,NA,NA,99.96575342,"European Environment Agency (downloaded in 2021)",NA,2022,NA
"European Region","CHE","Switzerland","Thônex",2017,NA,16.2,22.3,NA,NA,NA,"BAFU","1 Background",2022,NA
"European Region","CHE","Switzerland","Thônex",2018,NA,16.2,18.8,NA,NA,NA,"BAFU","1 Background",2022,NA
"European Region","CHE","Switzerland","Thônex",2019,NA,15.5,17.4,NA,NA,NA,"BAFU","1 Background",2022,NA
"European Region","CHE","Switzerland","Thun",2017,NA,13,21.5,NA,NA,NA,"BAFU","2 Background",2022,NA
"European Region","CHE","Switzerland","Thun",2018,NA,13,20,NA,NA,NA,"BAFU","2 Background",2022,NA
"European Region","CHE","Switzerland","Thun",2019,NA,12,18,NA,NA,NA,"BAFU","2 Background",2022,NA
"European Region","CHE","Switzerland","Weinfelden",2018,NA,15.5,16.8,NA,NA,NA,"BAFU","1 Background",2022,NA
"European Region","CHE","Switzerland","Winterthur",2017,NA,13.72,17.92,NA,NA,97.6826484,"BAFU, European Environment Agency (downloaded in 2021)",NA,2022,NA
"European Region","CHE","Switzerland","Winterthur",2017,NA,13.72,17.92,NA,NA,97.6826484,"BAFU, European Environment Agency (downloaded in 2021)","1 Background",2022,NA
"European Region","CHE","Switzerland","Winterthur",2018,NA,15.09,16.11,NA,NA,99.61187215,"BAFU, European Environment Agency (downloaded in 2021)",NA,2022,NA
"European Region","CHE","Switzerland","Winterthur",2018,NA,15.09,16.11,NA,NA,99.61187215,"BAFU, European Environment Agency (downloaded in 2021)","1 Background",2022,NA
"European Region","CHE","Switzerland","Winterthur",2019,NA,12.43,15.1,NA,NA,98.90410959,"BAFU, European Environment Agency (downloaded in 2021)",NA,2022,NA
"European Region","CHE","Switzerland","Winterthur",2019,NA,12.43,15.1,NA,NA,98.90410959,"BAFU, European Environment Agency (downloaded in 2021)","1 Background",2022,NA
"European Region","CHE","Switzerland","Yverdon",2017,NA,17.6,19.6,NA,NA,NA,"BAFU","1 Background",2022,NA
"European Region","CHE","Switzerland","Yverdon",2018,NA,15.6,17.6,NA,NA,NA,"BAFU","1 Background",2022,NA
"European Region","CHE","Switzerland","Yverdon",2019,9.1,12.7,16.6,NA,NA,NA,"BAFU","1 Background",2022,NA
"European Region","CHE","Switzerland","Zug",2017,NA,14,27.3,NA,NA,NA,"BAFU","1 Traffic",2022,NA
"European Region","CHE","Switzerland","Zug",2018,NA,16.7,25.2,NA,NA,NA,"BAFU","1 Traffic",2022,NA
"European Region","CHE","Switzerland","Zug",2019,NA,15.8,24.1,NA,NA,NA,"BAFU","1 Traffic",2022,NA
"European Region","CHE","Switzerland","Zurich",2017,10.44,16.47,32.09,NA,NA,98.80365297,"European Environment Agency (downloaded in 2021)",NA,2022,NA
"European Region","CHE","Switzerland","Zurich",2018,11.36,17.58,30.18,NA,NA,98.9543379,"European Environment Agency (downloaded in 2021)",NA,2022,NA
"European Region","CHE","Switzerland","Zurich",2019,9.52,15.19,28.53,NA,NA,99.30136986,"European Environment Agency (downloaded in 2021)",NA,2022,NA
"European Region","CHE","Switzerland","Zürich",2017,10.63,15.78,32.06,NA,NA,NA,"BAFU","2 Background, 3 Traffic",2022,NA
"European Region","CHE","Switzerland","Zürich",2018,12.32,16.74,30.16,NA,NA,NA,"BAFU","2 Background, 3 Traffic",2022,NA
"European Region","CHE","Switzerland","Zürich",2019,10.32,14.38,28.52,NA,NA,NA,"BAFU","2 Background, 3 Traffic",2022,NA
"European Region","CYP","Cyprus","Agia Marina",2017,9.67,12.7,2.76,NA,NA,100,"European Environment Agency (downloaded in 2021)",NA,2022,NA
"European Region","CYP","Cyprus","Agia Marina",2018,10.5,22.21,1.84,NA,NA,100,"European Environment Agency (downloaded in 2021)",NA,2022,NA
"European Region","CYP","Cyprus","Agia Marina",2019,9.89,13.14,2.36,NA,NA,100,"European Environment Agency (downloaded in 2021)",NA,2022,NA
"European Region","CYP","Cyprus","Nicosia",2017,14.77,33.63,17.73,97.06666667,97.06666667,97.06666667,"Ministry of Labour and Social Insurance,  Department of Labour Inspection","1 Residential station, 1 Rural Background station (EMEP station), 1 Traffic station",2022,NA
"European Region","CYP","Cyprus","Nicosia",2018,14.5,35.7,17.23,92.7,92.7,92.7,"Ministry of Labour and Social Insurance,  Department of Labour Inspection","1 Residential station, 1 Rural Background station (EMEP station), 1 Traffic station",2022,NA
"European Region","CYP","Cyprus","Strovolos",2017,14.65,31.92,24.61,NA,NA,100,"European Environment Agency (downloaded in 2021)",NA,2022,NA
"European Region","CYP","Cyprus","Strovolos",2018,13.78,44.8,23.99,NA,NA,100,"European Environment Agency (downloaded in 2021)",NA,2022,NA
"European Region","CYP","Cyprus","Strovolos",2019,13.51,33.31,27.47,NA,NA,100,"European Environment Agency (downloaded in 2021)",NA,2022,NA
"European Region","CZE","Czechia","Beroun",2017,18.73,27.42,25.99,99.578,99.578,97.34036987,"Czech Hydrometeorological Institute, European Environment Agency (downloaded in 2021)","1 Urban traffic",2022,NA
"European Region","CZE","Czechia","Beroun",2018,22.56,31.05,27.49,99.863,99.863,97.70547261,"Czech Hydrometeorological Institute, European Environment Agency (downloaded in 2021)","1 Urban traffic",2022,NA
"European Region","CZE","Czechia","Beroun",2019,15.59,22.59,26.65,NA,NA,92.67123288,"European Environment Agency (downloaded in 2021)",NA,2022,NA
"European Region","CZE","Czechia","Bohunice",2019,17.98,22.96,22.29,99.55479452,99.55479452,99.55479452,"European Environment Agency (downloaded in 2021)",NA,2022,NA
"European Region","CZE","Czechia","Brno",2017,18.82,22.89,24.73,98.48966667,98.8198,95.88143014,"Czech Hydrometeorological Institute, European Environment Agency (downloaded in 2021)","2 Sub-urban background, 2 Urban background, 1 Urban traffic",2022,NA
"European Region","CZE","Czechia","Brno",2018,20.13,25.49,22.98,99.67266667,97.6606,96.97492146,"Czech Hydrometeorological Institute, European Environment Agency (downloaded in 2021)","2 Sub-urban background, 2 Urban background, 1 Urban traffic",2022,NA
"European Region","CZE","Czechia","Brno",2019,15.38,21.16,25.01,NA,NA,94.76788432,"European Environment Agency (downloaded in 2021)",NA,2022,NA
"European Region","CZE","Czechia","Brno-Židenice",2019,19.71,27.99,34.05,99.61187215,99.61187215,99.61187215,"European Environment Agency (downloaded in 2021)",NA,2022,NA
"European Region","CZE","Czechia","Ceske Budejovice",2017,14.58,18.49,15.41,96.804,96.804,95.15428311,"Czech Hydrometeorological Institute, European Environment Agency (downloaded in 2021)","1 Urban background",2022,NA
"European Region","CZE","Czechia","Ceske Budejovice",2018,15.98,19.84,14.87,97.568,97.568,95.41642009,"Czech Hydrometeorological Institute, European Environment Agency (downloaded in 2021)","1 Urban background",2022,NA
"European Region","CZE","Czechia","Ceske Budejovice",2019,12.78,16.29,12.91,NA,NA,90.95890411,"European Environment Agency (downloaded in 2021)",NA,2022,NA
"European Region","CZE","Czechia","Cesky Tesin",2017,27.03,34.81,21.94,99.235,99.235,96.99192923,"Czech Hydrometeorological Institute, European Environment Agency (downloaded in 2021)","1 Urban background",2022,NA
"European Region","CZE","Czechia","Cesky Tesin",2018,29.67,38.44,23,98.642,98.642,95.93058904,"Czech Hydrometeorological Institute, European Environment Agency (downloaded in 2021)","1 Urban background",2022,NA
"European Region","CZE","Czechia","Cesky Tesin",2019,20.03,27.31,20.06,NA,NA,95.1826484,"European Environment Agency (downloaded in 2021)",NA,2022,NA
"European Region","CZE","Czechia","Chystovice",2017,11.04,16.42,6.88,93.253,93.253,91.88334932,"Czech Hydrometeorological Institute, European Environment Agency (downloaded in 2021)","1 Rural background",2022,NA
"European Region","CZE","Czechia","Chystovice",2018,14.56,22.61,4.67,98.505,98.505,95.87350457,"Czech Hydrometeorological Institute, European Environment Agency (downloaded in 2021)","1 Rural background",2022,NA
"European Region","CZE","Czechia","Chystovice",2019,10.09,13.41,3.97,NA,NA,94.26940639,"European Environment Agency (downloaded in 2021)",NA,2022,NA
"European Region","CZE","Czechia","Decin",2017,22.91,27.3,20.97,97.774,97.774,96.32992238,"Czech Hydrometeorological Institute, European Environment Agency (downloaded in 2021)","1 Urban background",2022,NA
"European Region","CZE","Czechia","Decin",2018,23.24,28.82,19.41,97.397,97.397,94.8115137,"Czech Hydrometeorological Institute, European Environment Agency (downloaded in 2021)","1 Urban background",2022,NA
"European Region","CZE","Czechia","Decin",2019,17.81,23.44,18.26,NA,NA,95.33105023,"European Environment Agency (downloaded in 2021)",NA,2022,NA
"European Region","CZE","Czechia","Doksany",2017,16.45,21.48,13.24,100,100,96.92922375,"Czech Hydrometeorological Institute, European Environment Agency (downloaded in 2021)","1 Rural background",2022,NA
"European Region","CZE","Czechia","Doksany",2018,17.33,23.18,13.74,100,100,96.51255708,"Czech Hydrometeorological Institute, European Environment Agency (downloaded in 2021)","1 Rural background",2022,NA
"European Region","CZE","Czechia","Doksany",2019,14.22,19.16,12.92,NA,NA,94.71461187,"European Environment Agency (downloaded in 2021)",NA,2022,NA
"European Region","CZE","Czechia","Dolni Lutyne",2017,32.07,40.06,16.25,98.527,98.527,96.43815754,"Czech Hydrometeorological Institute, European Environment Agency (downloaded in 2021)","1 Rural background",2022,NA
"European Region","CZE","Czechia","Dolni Lutyne",2018,35.76,43.58,16.15,97.306,97.306,95.76487215,"Czech Hydrometeorological Institute, European Environment Agency (downloaded in 2021)","1 Rural background",2022,NA
"European Region","CZE","Czechia","Dolni Lutyne",2019,27.65,38.15,13.9,NA,NA,91.17579909,"European Environment Agency (downloaded in 2021)",NA,2022,NA
"European Region","CZE","Czechia","Frydek-Mistek",2017,24.97,29.7,17.85,99.007,99.007,97.1861484,"Czech Hydrometeorological Institute, European Environment Agency (downloaded in 2021)","1 Sub-urban background",2022,NA
"European Region","CZE","Czechia","Frydek-Mistek",2018,26.73,31.97,17.59,99.578,99.578,97.36890868,"Czech Hydrometeorological Institute, European Environment Agency (downloaded in 2021)","1 Sub-urban background",2022,NA
"European Region","CZE","Czechia","Frydek-Mistek",2019,17.55,22.06,15.42,NA,NA,92.52283105,"European Environment Agency (downloaded in 2021)",NA,2022,NA
"European Region","CZE","Czechia","Hradec Kralove",2017,18.07,24.19,20.53,98.436,98.436,96.05023745,"Czech Hydrometeorological Institute, European Environment Agency (downloaded in 2021)","1 Urban background, 1 Urban traffic",2022,NA
"European Region","CZE","Czechia","Hradec Kralove",2018,18.13,24.53,21.98,97.678,97.678,97.06053197,"Czech Hydrometeorological Institute, European Environment Agency (downloaded in 2021)","1 Urban background, 1 Urban traffic",2022,NA
"European Region","CZE","Czechia","Hradec Kralove",2019,14.95,20.22,18.2,NA,NA,91.13013699,"European Environment Agency (downloaded in 2021)",NA,2022,NA
"European Region","CZE","Czechia","Jesenik",2017,NA,14.53,5.5,NA,98.79,96.68952055,"Czech Hydrometeorological Institute, European Environment Agency (downloaded in 2021)","1 Rural background",2022,NA
"European Region","CZE","Czechia","Jesenik",2018,NA,18.75,5.78,NA,97.306,94.51487215,"Czech Hydrometeorological Institute, European Environment Agency (downloaded in 2021)","1 Rural background",2022,NA
"European Region","CZE","Czechia","Jesenik",2019,NA,12.58,4.9,NA,NA,92.70547945,"European Environment Agency (downloaded in 2021)",NA,2022,NA
"European Region","CZE","Czechia","Jihlava",2017,15.71,18.26,13.79,98.664,98.664,94.17789041,"Czech Hydrometeorological Institute, European Environment Agency (downloaded in 2021)","1 Urban background",2022,NA
"European Region","CZE","Czechia","Jihlava",2018,18.66,21.76,12.43,99.064,99.064,96.60391781,"Czech Hydrometeorological Institute, European Environment Agency (downloaded in 2021)","1 Urban background",2022,NA
"European Region","CZE","Czechia","Jihlava",2019,13.88,17.41,12.66,NA,NA,95.456621,"European Environment Agency (downloaded in 2021)",NA,2022,NA
"European Region","CZE","Czechia","Jilove",2017,NA,12.85,9.97,NA,100,96.62671233,"Czech Hydrometeorological Institute, European Environment Agency (downloaded in 2021)","1 Rural background",2022,NA
"European Region","CZE","Czechia","Jilove",2018,NA,16.11,8.2,NA,100,96.92351598,"Czech Hydrometeorological Institute, European Environment Agency (downloaded in 2021)","1 Rural background",2022,NA
"European Region","CZE","Czechia","Jilove",2019,NA,13.17,7.96,NA,NA,91.39269406,"European Environment Agency (downloaded in 2021)",NA,2022,NA
"European Region","CZE","Czechia","Kadan",2017,14.55,20.53,12.18,99.521,99.521,97.27191553,"Czech Hydrometeorological Institute, European Environment Agency (downloaded in 2021)","1 Rural background",2022,NA
"European Region","CZE","Czechia","Kadan",2018,18.75,26.06,12.81,97.911,97.911,95.93038585,"Czech Hydrometeorological Institute, European Environment Agency (downloaded in 2021)","1 Rural background",2022,NA
"European Region","CZE","Czechia","Kadan",2019,12.82,19.44,11.04,NA,NA,95.0456621,"European Environment Agency (downloaded in 2021)",NA,2022,NA
"European Region","CZE","Czechia","Kamenny Ujezd",2017,16.54,21.51,10.16,99.418,99.418,97.39735617,"Czech Hydrometeorological Institute, European Environment Agency (downloaded in 2021)","1 Rural background",2022,NA
"European Region","CZE","Czechia","Kamenny Ujezd",2018,16.5,21.7,10.53,99.121,99.121,96.47260046,"Czech Hydrometeorological Institute, European Environment Agency (downloaded in 2021)","1 Rural background",2022,NA
"European Region","CZE","Czechia","Kamenny Ujezd",2019,12.07,16.43,8.98,NA,NA,95.98173516,"European Environment Agency (downloaded in 2021)",NA,2022,NA
"European Region","CZE","Czechia","Karvina",2017,27.01,35.3,21.21,99.292,99.292,97.19736987,"Czech Hydrometeorological Institute, European Environment Agency (downloaded in 2021)","1 Urban background",2022,NA
"European Region","CZE","Czechia","Karvina",2018,30.09,39.05,20.32,98.71,98.71,96.69518265,"Czech Hydrometeorological Institute, European Environment Agency (downloaded in 2021)","1 Urban background",2022,NA
"European Region","CZE","Czechia","Karvina",2019,20.92,28.68,18.65,NA,NA,94.64611872,"European Environment Agency (downloaded in 2021)",NA,2022,NA
"European Region","CZE","Czechia","Kladno",2017,17.12,26.4,15.15,98.242,97.8765,96.19842238,"Czech Hydrometeorological Institute, European Environment Agency (downloaded in 2021)","2 Urban background",2022,NA
"European Region","CZE","Czechia","Kladno",2018,18.98,27.4,15.92,97.432,98.6475,97.6141484,"Czech Hydrometeorological Institute, European Environment Agency (downloaded in 2021)","2 Urban background",2022,NA
"European Region","CZE","Czechia","Kladno",2019,12.03,21.25,15.03,NA,NA,94.80593607,"European Environment Agency (downloaded in 2021)",NA,2022,NA
"European Region","CZE","Czechia","Kromeriz",2017,18.48,22.89,9.11,98.995,98.995,97.00891553,"Czech Hydrometeorological Institute, European Environment Agency (downloaded in 2021)","1 Rural background",2022,NA
"European Region","CZE","Czechia","Kromeriz",2018,20.77,26.26,8.98,99.543,99.543,97.32286987,"Czech Hydrometeorological Institute, European Environment Agency (downloaded in 2021)","1 Rural background",2022,NA
"European Region","CZE","Czechia","Kromeriz",2019,14.25,19.37,7.76,NA,NA,94.41780822,"European Environment Agency (downloaded in 2021)",NA,2022,NA
"European Region","CZE","Czechia","Kutna Hora",2018,18.97,24.25,13.1,93.63,93.63,93.63,"Czech Hydrometeorological Institute","1 Urban background",2022,NA
"European Region","CZE","Czechia","Kutna Hora",2019,13.52,18.61,11.1,NA,NA,94.66894977,"European Environment Agency (downloaded in 2021)",NA,2022,NA
"European Region","CZE","Czechia","Liberec",2017,15.66,18.98,16.17,99.829,99.829,97.04349543,"Czech Hydrometeorological Institute, European Environment Agency (downloaded in 2021)","1 Urban background",2022,NA
"European Region","CZE","Czechia","Liberec",2018,18.37,21.79,14.84,97.934,97.934,96.26152055,"Czech Hydrometeorological Institute, European Environment Agency (downloaded in 2021)","1 Urban background",2022,NA
"European Region","CZE","Czechia","Liberec",2019,12.5,16.85,14.1,NA,NA,94.7260274,"European Environment Agency (downloaded in 2021)",NA,2022,NA
"European Region","CZE","Czechia","Loštice",2019,18.63,24.22,13.67,NA,NA,99.9543379,"European Environment Agency (downloaded in 2021)",NA,2022,NA
"European Region","CZE","Czechia","Marianske Radcice",2017,18.81,28.52,12.14,96.621,96.621,94.34360503,"Czech Hydrometeorological Institute, European Environment Agency (downloaded in 2021)","1 Rural background",2022,NA
"European Region","CZE","Czechia","Marianske Radcice",2018,20.69,33.91,12.18,96.142,96.142,93.55045205,"Czech Hydrometeorological Institute, European Environment Agency (downloaded in 2021)","1 Rural background",2022,NA
"European Region","CZE","Czechia","Marianske Radcice",2019,15.56,26.49,10.64,NA,NA,95.0456621,"European Environment Agency (downloaded in 2021)",NA,2022,NA
"European Region","CZE","Czechia","Mlada Boleslav",2017,15.95,24.05,17.31,NA,NA,95.01141553,"Czech Hydrometeorological Institute, European Environment Agency (downloaded in 2021)","1 Urban background",2022,NA
"European Region","CZE","Czechia","Mlada Boleslav",2018,19.17,24.67,17.62,98.539,98.539,96.23867808,"Czech Hydrometeorological Institute, European Environment Agency (downloaded in 2021)","1 Urban background",2022,NA
"European Region","CZE","Czechia","Mlada Boleslav",2019,15.58,20.43,17.73,NA,NA,94.64611872,"European Environment Agency (downloaded in 2021)",NA,2022,NA
"European Region","CZE","Czechia","Moravska Trebova",2017,19.01,24.4,17.96,99.897,99.897,97.0832032,"Czech Hydrometeorological Institute, European Environment Agency (downloaded in 2021)","1 Urban background",2022,NA
"European Region","CZE","Czechia","Moravska Trebova",2018,23.1,28.74,17.71,99.235,99.235,96.96909818,"Czech Hydrometeorological Institute, European Environment Agency (downloaded in 2021)","1 Urban background",2022,NA
"European Region","CZE","Czechia","Moravska Trebova",2019,18.93,24.34,14.99,NA,NA,94.79452055,"European Environment Agency (downloaded in 2021)",NA,2022,NA
"European Region","CZE","Czechia","Most",2017,18.32,25.78,20.8,99.76,99.76,97.49986302,"Czech Hydrometeorological Institute, European Environment Agency (downloaded in 2021)","1 Urban background",2022,NA
"European Region","CZE","Czechia","Most",2018,21.65,31.31,21.51,99.806,99.806,97.5399863,"Czech Hydrometeorological Institute, European Environment Agency (downloaded in 2021)","1 Urban background",2022,NA
"European Region","CZE","Czechia","Most",2019,15.14,23.56,19.41,NA,NA,94.02968037,"European Environment Agency (downloaded in 2021)",NA,2022,NA
"European Region","CZE","Czechia","Nošovice",2019,15.31,19.02,16.62,86.09589041,86.09589041,86.09589041,"European Environment Agency (downloaded in 2021)",NA,2022,NA
"European Region","CZE","Czechia","Olomouc",2017,23.45,30.38,22.87,99.235,99.235,97.2088242,"Czech Hydrometeorological Institute, European Environment Agency (downloaded in 2021)","1 Urban background",2022,NA
"European Region","CZE","Czechia","Olomouc",2018,22.38,29.86,21.66,97.865,97.865,96.4325,"Czech Hydrometeorological Institute, European Environment Agency (downloaded in 2021)","1 Urban background",2022,NA
"European Region","CZE","Czechia","Olomouc",2019,17.83,25.57,20.14,NA,NA,95,"European Environment Agency (downloaded in 2021)",NA,2022,NA
"European Region","CZE","Czechia","Opava",2017,22.69,26.79,13.98,99.543,99.543,97.36853197,"Czech Hydrometeorological Institute, European Environment Agency (downloaded in 2021)","1 Urban background",2022,NA
"European Region","CZE","Czechia","Opava",2018,24.54,31.21,14.92,99.384,99.384,97.39747945,"Czech Hydrometeorological Institute, European Environment Agency (downloaded in 2021)","1 Urban background",2022,NA
"European Region","CZE","Czechia","Opava",2019,16.84,22.11,12.71,NA,NA,95.2283105,"European Environment Agency (downloaded in 2021)",NA,2022,NA
"European Region","CZE","Czechia","Ostrava",2017,24.29,30.4,20.11,99.389,99.13233333,96.03428585,"Czech Hydrometeorological Institute, European Environment Agency (downloaded in 2021)","1 Sub-urban background, 2 Urban background",2022,NA
"European Region","CZE","Czechia","Ostrava",2018,26.69,34.83,23.71,99.028,99.19233333,94.30511263,"Czech Hydrometeorological Institute, European Environment Agency (downloaded in 2021)","1 Sub-urban background, 2 Urban background",2022,NA
"European Region","CZE","Czechia","Ostrava",2019,20.28,26.99,22.57,NA,NA,94.14098174,"European Environment Agency (downloaded in 2021)",NA,2022,NA
"European Region","CZE","Czechia","Pardubice",2017,17.88,23.05,15.61,98.824,98.824,94.37214612,"Czech Hydrometeorological Institute, European Environment Agency (downloaded in 2021)","1 Urban background",2022,NA
"European Region","CZE","Czechia","Pardubice",2018,18.66,23.46,15.91,97.123,97.123,92.37442922,"Czech Hydrometeorological Institute, European Environment Agency (downloaded in 2021)","1 Urban background",2022,NA
"European Region","CZE","Czechia","Pardubice",2019,14.82,20.13,13.56,NA,NA,93.82420091,"European Environment Agency (downloaded in 2021)",NA,2022,NA
"European Region","CZE","Czechia","Pilsen",2017,16.7,21.89,17.99,96.72366667,96.23275,93.55729966,"Czech Hydrometeorological Institute, European Environment Agency (downloaded in 2021)","1 Sub-urban background, 1 Urban background, 2 Urban traffic",2022,NA
"European Region","CZE","Czechia","Pilsen",2018,16.34,21.51,17.13,97.483,97.483,95.47095206,"Czech Hydrometeorological Institute, European Environment Agency (downloaded in 2021)","1 Sub-urban background, 1 Urban background, 2 Urban traffic",2022,NA
"European Region","CZE","Czechia","Pilsen",2019,12.59,18.23,16.55,NA,NA,91.85787671,"European Environment Agency (downloaded in 2021)",NA,2022,NA
"European Region","CZE","Czechia","Prachatice",2017,NA,16.38,10.77,NA,96.598,93.49877169,"Czech Hydrometeorological Institute, European Environment Agency (downloaded in 2021)","1 Sub-urban background",2022,NA
"European Region","CZE","Czechia","Prachatice",2018,NA,17.97,11.28,NA,99.692,97.60855708,"Czech Hydrometeorological Institute, European Environment Agency (downloaded in 2021)","1 Sub-urban background",2022,NA
"European Region","CZE","Czechia","Prachatice",2019,NA,13.65,10.4,NA,NA,92.0890411,"European Environment Agency (downloaded in 2021)",NA,2022,NA
"European Region","CZE","Czechia","Prague",2017,18,25.07,28.93,98.44175,98.36923077,96.56769037,"Czech Hydrometeorological Institute, European Environment Agency (downloaded in 2021)","3 Sub-urban background, 5 Urban background, 5 Urban traffic",2022,NA
"European Region","CZE","Czechia","Prague",2018,19.08,27.26,28.73,99.7345,99.23676923,96.95908589,"Czech Hydrometeorological Institute, European Environment Agency (downloaded in 2021)","3 Sub-urban background, 5 Urban background, 5 Urban traffic",2022,NA
"European Region","CZE","Czechia","Prague",2019,14.05,21.13,26.92,NA,NA,94.46689498,"European Environment Agency (downloaded in 2021)",NA,2022,NA
"European Region","CZE","Czechia","Pribram",2017,NA,18.61,13.29,NA,NA,87.1803653,"Czech Hydrometeorological Institute, European Environment Agency (downloaded in 2021)","1 Urban background",2022,NA
"European Region","CZE","Czechia","Pribram",2018,NA,22.87,14.45,NA,99.829,96.61541324,"Czech Hydrometeorological Institute, European Environment Agency (downloaded in 2021)","1 Urban background",2022,NA
"European Region","CZE","Czechia","Pribram",2019,NA,18.06,12.86,NA,NA,95.73059361,"European Environment Agency (downloaded in 2021)",NA,2022,NA
"European Region","CZE","Czechia","Rozdalovice",2017,18.6,23.88,8.86,99.338,99.338,96.9863516,"Czech Hydrometeorological Institute, European Environment Agency (downloaded in 2021)","1 Rural background",2022,NA
"European Region","CZE","Czechia","Rozdalovice",2018,19.09,23.89,8.67,99.304,99.304,97.18053882,"Czech Hydrometeorological Institute, European Environment Agency (downloaded in 2021)","1 Rural background",2022,NA
"European Region","CZE","Czechia","Rychvald",2017,28.72,38.79,19.49,99.041,99.041,96.39264612,"Czech Hydrometeorological Institute, European Environment Agency (downloaded in 2021)","1 Urban background",2022,NA
"European Region","CZE","Czechia","Rychvald",2018,31.41,39.57,19.42,99.269,99.269,97.1801621,"Czech Hydrometeorological Institute, European Environment Agency (downloaded in 2021)","1 Urban background",2022,NA
"European Region","CZE","Czechia","Rychvald",2019,21.63,28.67,16.62,NA,NA,93.60730594,"European Environment Agency (downloaded in 2021)",NA,2022,NA
"European Region","CZE","Czechia","Sedlec",2017,16.04,19.95,8.94,97.283,97.283,95.14264156,"Czech Hydrometeorological Institute, European Environment Agency (downloaded in 2021)","1 Rural background",2022,NA
"European Region","CZE","Czechia","Sedlec",2018,18.48,22.96,7.49,99.6,99.6,97.3,"Czech Hydrometeorological Institute, European Environment Agency (downloaded in 2021)","1 Rural background",2022,NA
"European Region","CZE","Czechia","Sedlec",2019,12.64,17.02,7.04,NA,NA,95.46803653,"European Environment Agency (downloaded in 2021)",NA,2022,NA
"European Region","CZE","Czechia","Sedlonov",2017,NA,11.72,5.01,NA,99.212,96.99184475,"Czech Hydrometeorological Institute, European Environment Agency (downloaded in 2021)","1 Rural background",2022,NA
"European Region","CZE","Czechia","Sedlonov",2018,NA,15.21,4.89,NA,99.018,96.75785845,"Czech Hydrometeorological Institute, European Environment Agency (downloaded in 2021)","1 Rural background",2022,NA
"European Region","CZE","Czechia","Sedlonov",2019,NA,11.72,3.26,NA,NA,84.82876712,"European Environment Agency (downloaded in 2021)",NA,2022,NA
"European Region","CZE","Czechia","Sokolov",2017,13.01,17.05,14.87,98.938,98.938,96.70073516,"Czech Hydrometeorological Institute, European Environment Agency (downloaded in 2021)","1 Sub-urban background",2022,NA
"European Region","CZE","Czechia","Sokolov",2018,15,20.38,13.78,99.292,99.292,97.31152512,"Czech Hydrometeorological Institute, European Environment Agency (downloaded in 2021)","1 Sub-urban background",2022,NA
"European Region","CZE","Czechia","Sokolov",2019,9.43,13.99,12.08,NA,NA,95.38812785,"European Environment Agency (downloaded in 2021)",NA,2022,NA
"European Region","CZE","Czechia","Stachy",2017,4.45,7.16,3.42,99.726,99.726,97.19747489,"Czech Hydrometeorological Institute, European Environment Agency (downloaded in 2021)","1 Rural background",2022,NA
"European Region","CZE","Czechia","Stachy",2018,6.77,9.97,2.54,99.725,99.725,93.12163242,"Czech Hydrometeorological Institute, European Environment Agency (downloaded in 2021)","1 Rural background",2022,NA
"European Region","CZE","Czechia","Stachy",2019,4.78,7.4,2.37,NA,NA,92.96803653,"European Environment Agency (downloaded in 2021)",NA,2022,NA
"European Region","CZE","Czechia","Stare Hamry",2017,8.02,11.8,4.63,NA,NA,93.36757991,"Czech Hydrometeorological Institute, European Environment Agency (downloaded in 2021)","1 Rural background",2022,NA
"European Region","CZE","Czechia","Studenka",2017,24.21,29.25,15.02,99.235,99.235,97.14033105,"Czech Hydrometeorological Institute, European Environment Agency (downloaded in 2021)","1 Rural background",2022,NA
"European Region","CZE","Czechia","Studenka",2018,25.54,31.79,15.88,99.075,99.075,97.18590183,"Czech Hydrometeorological Institute, European Environment Agency (downloaded in 2021)","1 Rural background",2022,NA
"European Region","CZE","Czechia","Studenka",2019,17.96,23.68,12.04,NA,NA,94.62328767,"European Environment Agency (downloaded in 2021)",NA,2022,NA
"European Region","CZE","Czechia","Šumperk",2019,14.99,18.87,17.53,98.59589041,98.59589041,98.59589041,"European Environment Agency (downloaded in 2021)",NA,2022,NA
"European Region","CZE","Czechia","Tabor",2017,NA,27.7,20.55,NA,99.635,97.44307078,"Czech Hydrometeorological Institute, European Environment Agency (downloaded in 2021)","1 Urban traffic",2022,NA
"European Region","CZE","Czechia","Tabor",2018,NA,27.29,18.32,NA,98.071,95.91335388,"Czech Hydrometeorological Institute, European Environment Agency (downloaded in 2021)","1 Urban traffic",2022,NA
"European Region","CZE","Czechia","Tabor",2019,NA,21.1,18.19,NA,NA,90.78767123,"European Environment Agency (downloaded in 2021)",NA,2022,NA
"European Region","CZE","Czechia","Trinec",2017,26.18,31.74,15.05,98.8355,98.8355,75.2739726,"Czech Hydrometeorological Institute, European Environment Agency (downloaded in 2021)","1 Sub-urban background, 1 Urban background",2022,NA
"European Region","CZE","Czechia","Trinec",2018,26.45,33.17,14.96,99.3605,99.3605,85.01141553,"Czech Hydrometeorological Institute, European Environment Agency (downloaded in 2021)","1 Sub-urban background, 1 Urban background",2022,NA
"European Region","CZE","Czechia","Trinec",2019,18.35,23.85,13.48,NA,NA,97.60273973,"European Environment Agency (downloaded in 2021)",NA,2022,NA
"European Region","CZE","Czechia","Uherske Hradiste",2017,NA,31.64,30.12,NA,99.532,97.34020092,"Czech Hydrometeorological Institute, European Environment Agency (downloaded in 2021)","1 Urban traffic",2022,NA
"European Region","CZE","Czechia","Uherske Hradiste",2018,NA,31.5,30.37,NA,98.779,96.92945434,"Czech Hydrometeorological Institute, European Environment Agency (downloaded in 2021)","1 Urban traffic",2022,NA
"European Region","CZE","Czechia","Uherske Hradiste",2019,NA,25.42,26.65,NA,NA,95.47945205,"European Environment Agency (downloaded in 2021)",NA,2022,NA
"European Region","CZE","Czechia","Usti Nad Labem",2017,15.67,23.97,22.02,99.281,99.2465,96.23969589,"Czech Hydrometeorological Institute, European Environment Agency (downloaded in 2021)","1 Sub-urban background, 1 Urban background",2022,NA
"European Region","CZE","Czechia","Usti Nad Labem",2018,17.44,25.45,20.66,99.6,99.5545,96.63230228,"Czech Hydrometeorological Institute, European Environment Agency (downloaded in 2021)","1 Sub-urban background, 1 Urban background",2022,NA
"European Region","CZE","Czechia","Usti Nad Labem",2019,13.81,20.89,21.83,NA,NA,94.8325723,"European Environment Agency (downloaded in 2021)",NA,2022,NA
"European Region","CZE","Czechia","Zlin",2017,21.17,26.78,13.76,99.829,99.829,97.68276484,"Czech Hydrometeorological Institute, European Environment Agency (downloaded in 2021)","1 Sub-urban background",2022,NA
"European Region","CZE","Czechia","Zlin",2018,21.63,26,13.62,92.534,92.534,93.43594977,"Czech Hydrometeorological Institute, European Environment Agency (downloaded in 2021)","1 Sub-urban background",2022,NA
"European Region","CZE","Czechia","Zlin",2019,17.63,22.81,15.85,99.76027397,99.76027397,96.92922375,"European Environment Agency (downloaded in 2021)",NA,2022,NA
"European Region","CZE","Czechia","Znojmo",2017,17.31,21.32,13.55,99.703,99.703,97.60264156,"Czech Hydrometeorological Institute, European Environment Agency (downloaded in 2021)","1 Sub-urban background",2022,NA
"European Region","CZE","Czechia","Znojmo",2018,19.51,25.45,14.92,99.635,99.635,97.48873288,"Czech Hydrometeorological Institute, European Environment Agency (downloaded in 2021)","1 Sub-urban background",2022,NA
"European Region","CZE","Czechia","Znojmo",2019,14.21,19.28,12.73,NA,NA,95.456621,"European Environment Agency (downloaded in 2021)",NA,2022,NA
"European Region","DEU","Germany","Aachen",2017,NA,18.84,35.24,NA,NA,94.30650685,"European Environment Agency (downloaded in 2021)",NA,2022,NA
"European Region","DEU","Germany","Aachen",2018,NA,19.17,35.16,NA,100,97.6369863,"European Environment Agency (downloaded in 2021)",NA,2022,NA
"European Region","DEU","Germany","Aachen",2019,NA,17.14,29.68,NA,100,98.95262557,"European Environment Agency (downloaded in 2021)",NA,2022,NA
"European Region","DEU","Germany","Aalen",2017,NA,16.07,20.4,NA,NA,97.47716895,"European Environment Agency (downloaded in 2021)",NA,2022,NA
"European Region","DEU","Germany","Aalen",2018,NA,15.71,21.72,NA,NA,98.04794521,"European Environment Agency (downloaded in 2021)",NA,2022,NA
"European Region","DEU","Germany","Aalen",2019,NA,13.64,21.33,NA,NA,97.65981735,"European Environment Agency (downloaded in 2021)",NA,2022,NA
"European Region","DEU","Germany","Alt Zauche-Wusswerk",2017,NA,15.39,6.24,NA,NA,98.77853881,"European Environment Agency (downloaded in 2021)",NA,2022,NA
"European Region","DEU","Germany","Alt Zauche-Wusswerk",2018,13.42,17.44,7.71,NA,NA,99.85159817,"European Environment Agency (downloaded in 2021)",NA,2022,NA
"European Region","DEU","Germany","Alt Zauche-Wusswerk",2019,9.91,14.27,6.56,NA,NA,98.24200913,"European Environment Agency (downloaded in 2021)",NA,2022,NA
"European Region","DEU","Germany","Altenburg",2017,NA,15.93,18.1,NA,NA,98.92694064,"European Environment Agency (downloaded in 2021)",NA,2022,NA
"European Region","DEU","Germany","Altenburg",2018,NA,17.55,16.56,NA,NA,99.73744292,"European Environment Agency (downloaded in 2021)",NA,2022,NA
"European Region","DEU","Germany","Altenburg",2019,NA,14.38,14.66,NA,NA,99.64611872,"European Environment Agency (downloaded in 2021)",NA,2022,NA
"European Region","DEU","Germany","Andechs",2017,8.93,12.34,7.14,NA,NA,99.55479452,"European Environment Agency (downloaded in 2021)",NA,2022,NA
"European Region","DEU","Germany","Andechs",2018,10.68,13.79,6.75,NA,NA,99.32648402,"European Environment Agency (downloaded in 2021)",NA,2022,NA
"European Region","DEU","Germany","Andechs",2019,7.8,11.28,6.9,NA,NA,99.78310502,"European Environment Agency (downloaded in 2021)",NA,2022,NA
"European Region","DEU","Germany","Annaberg-Buchholz",2017,NA,15.17,18.7,NA,NA,98.92694064,"European Environment Agency (downloaded in 2021)",NA,2022,NA
"European Region","DEU","Germany","Annaberg-Buchholz",2018,NA,17.05,19.77,NA,NA,99.57762557,"European Environment Agency (downloaded in 2021)",NA,2022,NA
"European Region","DEU","Germany","Annaberg-Buchholz",2019,NA,13.66,17.67,NA,NA,99.5890411,"European Environment Agency (downloaded in 2021)",NA,2022,NA
"European Region","DEU","Germany","Ansbach",2017,13.39,20.13,31.65,NA,NA,99.80593607,"European Environment Agency (downloaded in 2021)",NA,2022,NA
"European Region","DEU","Germany","Ansbach",2018,13.08,19.03,31.08,NA,NA,99.8630137,"European Environment Agency (downloaded in 2021)",NA,2022,NA
"European Region","DEU","Germany","Ansbach",2019,10.78,17.9,27.92,NA,NA,99.7716895,"European Environment Agency (downloaded in 2021)",NA,2022,NA
"European Region","DEU","Germany","Aschersleben",2017,NA,20.12,26.24,NA,NA,99.45205479,"European Environment Agency (downloaded in 2021)",NA,2022,NA
"European Region","DEU","Germany","Aschersleben",2018,NA,22.92,28.5,NA,NA,98.75570776,"European Environment Agency (downloaded in 2021)",NA,2022,NA
"European Region","DEU","Germany","Aschersleben",2019,NA,19.95,24.56,NA,NA,98.82420091,"European Environment Agency (downloaded in 2021)",NA,2022,NA
"European Region","DEU","Germany","Augsburg",2017,11.85,17.93,28.97,NA,NA,99.80878996,"European Environment Agency (downloaded in 2021)",NA,2022,NA
"European Region","DEU","Germany","Augsburg",2018,13.13,19.98,28.55,NA,NA,99.73458904,"European Environment Agency (downloaded in 2021)",NA,2022,NA
"European Region","DEU","Germany","Augsburg",2019,10.55,17.44,25.5,NA,NA,99.66038813,"European Environment Agency (downloaded in 2021)",NA,2022,NA
"European Region","DEU","Germany","Auw Bei Prum",2017,NA,8.34,5.27,NA,NA,98.93835616,"European Environment Agency (downloaded in 2021)",NA,2022,NA
"European Region","DEU","Germany","Auw Bei Prum",2018,NA,10.61,5.31,NA,NA,98.59589041,"European Environment Agency (downloaded in 2021)",NA,2022,NA
"European Region","DEU","Germany","Auw Bei Prum",2019,NA,8.9,4.39,NA,NA,99.47488584,"European Environment Agency (downloaded in 2021)",NA,2022,NA
"European Region","DEU","Germany","Bad Arolsen",2017,10.62,14.68,8.94,NA,NA,97.94520548,"European Environment Agency (downloaded in 2021)",NA,2022,NA
"European Region","DEU","Germany","Bad Arolsen",2018,11.36,15.04,8.75,NA,NA,97.73972603,"European Environment Agency (downloaded in 2021)",NA,2022,NA
"European Region","DEU","Germany","Bad Arolsen",2019,8.69,11.66,7.74,NA,NA,96.56392694,"European Environment Agency (downloaded in 2021)",NA,2022,NA
"European Region","DEU","Germany","Bad Belzig",2017,10.41,15.04,6.57,NA,NA,99.89726027,"European Environment Agency (downloaded in 2021)",NA,2022,NA
"European Region","DEU","Germany","Bad Belzig",2018,11.97,14.76,7.36,NA,NA,99.92009132,"European Environment Agency (downloaded in 2021)",NA,2022,NA
"European Region","DEU","Germany","Bad Belzig",2019,8.97,13.34,6.78,NA,NA,99.93150685,"European Environment Agency (downloaded in 2021)",NA,2022,NA
"European Region","DEU","Germany","Bad Hindelang",2017,NA,7.48,7.02,NA,NA,99.76027397,"European Environment Agency (downloaded in 2021)",NA,2022,NA
"European Region","DEU","Germany","Bad Hindelang",2018,NA,8.57,7.16,NA,NA,99.33789954,"European Environment Agency (downloaded in 2021)",NA,2022,NA
"European Region","DEU","Germany","Bad Hindelang",2019,NA,6.79,7.56,NA,NA,99.8173516,"European Environment Agency (downloaded in 2021)",NA,2022,NA
"European Region","DEU","Germany","Bad Lauterberg Im Harz",2017,11.91,16.14,22.6,NA,NA,95.86757991,"European Environment Agency (downloaded in 2021)",NA,2022,NA
"European Region","DEU","Germany","Bad Lauterberg Im Harz",2018,NA,17.49,19.39,NA,99.80593607,99.80593607,"European Environment Agency (downloaded in 2021)",NA,2022,NA
"European Region","DEU","Germany","Baden-Baden",2017,NA,14.36,16.52,NA,NA,97.8652968,"European Environment Agency (downloaded in 2021)",NA,2022,NA
"European Region","DEU","Germany","Baden-Baden",2018,NA,13.86,16.3,NA,NA,97.99086758,"European Environment Agency (downloaded in 2021)",NA,2022,NA
"European Region","DEU","Germany","Baden-Baden",2019,NA,11.9,13.51,NA,NA,97.96803653,"European Environment Agency (downloaded in 2021)",NA,2022,NA
"European Region","DEU","Germany","Bamberg",2017,12.5,18.19,23.71,NA,NA,99.88584475,"European Environment Agency (downloaded in 2021)",NA,2022,NA
"European Region","DEU","Germany","Bamberg",2018,12.72,18.2,23.88,NA,NA,99.82876712,"European Environment Agency (downloaded in 2021)",NA,2022,NA
"European Region","DEU","Germany","Bamberg",2019,10.27,14.96,20.93,NA,NA,99.6803653,"European Environment Agency (downloaded in 2021)",NA,2022,NA
"European Region","DEU","Germany","Baruther Straße",2019,11.46,16.49,13.77,NA,NA,91.26712329,"European Environment Agency (downloaded in 2021)",NA,2022,NA
"European Region","DEU","Germany","Bautzen",2017,NA,16.61,13.96,NA,NA,98.37899543,"European Environment Agency (downloaded in 2021)",NA,2022,NA
"European Region","DEU","Germany","Bautzen",2018,NA,19.48,15.99,NA,NA,99.71461187,"European Environment Agency (downloaded in 2021)",NA,2022,NA
"European Region","DEU","Germany","Bautzen",2019,NA,14.57,14.07,NA,NA,99.33789954,"European Environment Agency (downloaded in 2021)",NA,2022,NA
"European Region","DEU","Germany","Bayreuth",2017,NA,18.32,28.76,NA,NA,99.78310502,"European Environment Agency (downloaded in 2021)",NA,2022,NA
"European Region","DEU","Germany","Bayreuth",2018,NA,19.96,29.8,NA,NA,97.2716895,"European Environment Agency (downloaded in 2021)",NA,2022,NA
"European Region","DEU","Germany","Bayreuth",2019,NA,16.64,27.22,NA,NA,99.8173516,"European Environment Agency (downloaded in 2021)",NA,2022,NA
"European Region","DEU","Germany","Bebra",2017,NA,17.55,15.82,NA,NA,99.8173516,"European Environment Agency (downloaded in 2021)",NA,2022,NA
"European Region","DEU","Germany","Bebra",2018,NA,18.39,15.61,NA,NA,99.66894977,"European Environment Agency (downloaded in 2021)",NA,2022,NA
"European Region","DEU","Germany","Bebra",2019,NA,15.54,14.35,NA,NA,99.543379,"European Environment Agency (downloaded in 2021)",NA,2022,NA
"European Region","DEU","Germany","Belau",2017,9.35,13.5,9.16,NA,NA,99.66894977,"European Environment Agency (downloaded in 2021)",NA,2022,NA
"European Region","DEU","Germany","Belau",2018,9.25,15.57,8.79,NA,NA,99.12100457,"European Environment Agency (downloaded in 2021)",NA,2022,NA
"European Region","DEU","Germany","Belau",2019,10.25,15.09,8.66,NA,NA,99.60045662,"European Environment Agency (downloaded in 2021)",NA,2022,NA
"European Region","DEU","Germany","Berlin",2017,15.62,22.49,29.14,NA,NA,99.02968037,"European Environment Agency (downloaded in 2021)",NA,2022,NA
"European Region","DEU","Germany","Berlin",2018,16.14,23.74,29.83,NA,NA,99.19647387,"European Environment Agency (downloaded in 2021)",NA,2022,NA
"European Region","DEU","Germany","Berlin",2019,13.74,19.57,27.56,NA,NA,99.41480413,"European Environment Agency (downloaded in 2021)",NA,2022,NA
"European Region","DEU","Germany","Bernau Bei Berlin",2017,15.91,21.79,24.15,NA,NA,99.92009132,"European Environment Agency (downloaded in 2021)",NA,2022,NA
"European Region","DEU","Germany","Bernau Bei Berlin",2018,15.14,22.36,23.78,NA,NA,99.8630137,"European Environment Agency (downloaded in 2021)",NA,2022,NA
"European Region","DEU","Germany","Bernau Bei Berlin",2019,12.87,20.74,22.65,NA,NA,99.9086758,"European Environment Agency (downloaded in 2021)",NA,2022,NA
"European Region","DEU","Germany","Bernburg (Saale)",2017,NA,17.24,18.08,NA,NA,99.29223744,"European Environment Agency (downloaded in 2021)",NA,2022,NA
"European Region","DEU","Germany","Bernburg (Saale)",2018,NA,18.96,17.84,NA,NA,99.49771689,"European Environment Agency (downloaded in 2021)",NA,2022,NA
"European Region","DEU","Germany","Bernburg (Saale)",2019,NA,16.04,16.11,NA,NA,99.52054795,"European Environment Agency (downloaded in 2021)",NA,2022,NA
"European Region","DEU","Germany","Biberach An Der Riss",2017,NA,14.86,16.82,NA,NA,97.87671233,"European Environment Agency (downloaded in 2021)",NA,2022,NA
"European Region","DEU","Germany","Biberach An Der Riss",2018,NA,15.87,17.04,NA,NA,97.9109589,"European Environment Agency (downloaded in 2021)",NA,2022,NA
"European Region","DEU","Germany","Biberach An Der Riss",2019,NA,13.87,15.76,NA,NA,98.01369863,"European Environment Agency (downloaded in 2021)",NA,2022,NA
"European Region","DEU","Germany","Bielefeld",2017,NA,21.21,34.67,NA,NA,89.64611872,"European Environment Agency (downloaded in 2021)",NA,2022,NA
"European Region","DEU","Germany","Bielefeld",2018,NA,22.71,34.8,NA,NA,97.06392694,"European Environment Agency (downloaded in 2021)",NA,2022,NA
"European Region","DEU","Germany","Bielefeld",2019,NA,18.77,31.19,NA,NA,97.05251142,"European Environment Agency (downloaded in 2021)",NA,2022,NA
"European Region","DEU","Germany","Bitterfeld-Wolfen",2017,NA,16.38,14.43,NA,NA,97.53424658,"European Environment Agency (downloaded in 2021)",NA,2022,NA
"European Region","DEU","Germany","Bitterfeld-Wolfen",2018,NA,18.66,13.43,NA,NA,99.42922374,"European Environment Agency (downloaded in 2021)",NA,2022,NA
"European Region","DEU","Germany","Bitterfeld-Wolfen",2019,NA,15.26,13.22,NA,NA,99.08675799,"European Environment Agency (downloaded in 2021)",NA,2022,NA
"European Region","DEU","Germany","Blankenfelde-Mahlow",2017,17.41,20.03,15.22,NA,NA,99.96575342,"European Environment Agency (downloaded in 2021)",NA,2022,NA
"European Region","DEU","Germany","Blankenfelde-Mahlow",2018,15.68,20.54,16.29,NA,NA,99.89726027,"European Environment Agency (downloaded in 2021)",NA,2022,NA
"European Region","DEU","Germany","Blankenfelde-Mahlow",2019,11.86,17.36,14.33,NA,NA,99.9086758,"European Environment Agency (downloaded in 2021)",NA,2022,NA
"European Region","DEU","Germany","Bonn",2017,NA,16.9,37.63,NA,NA,88.44748858,"European Environment Agency (downloaded in 2021)",NA,2022,NA
"European Region","DEU","Germany","Bonn",2018,NA,19.21,39.02,NA,NA,98.03652968,"European Environment Agency (downloaded in 2021)",NA,2022,NA
"European Region","DEU","Germany","Bonn",2019,NA,15.18,33.52,NA,NA,98.24961948,"European Environment Agency (downloaded in 2021)",NA,2022,NA
"European Region","DEU","Germany","Borken",2017,NA,19.44,18.7,NA,NA,96.38127854,"European Environment Agency (downloaded in 2021)",NA,2022,NA
"European Region","DEU","Germany","Borken",2018,NA,19.52,17.05,NA,NA,95.89041096,"European Environment Agency (downloaded in 2021)",NA,2022,NA
"European Region","DEU","Germany","Borken",2019,NA,16.42,17.28,NA,NA,95.57077626,"European Environment Agency (downloaded in 2021)",NA,2022,NA
"European Region","DEU","Germany","Borna",2017,NA,17.3,19.16,NA,NA,99.36073059,"European Environment Agency (downloaded in 2021)",NA,2022,NA
"European Region","DEU","Germany","Borna",2018,NA,19.31,19.41,NA,NA,99.36073059,"European Environment Agency (downloaded in 2021)",NA,2022,NA
"European Region","DEU","Germany","Borna",2019,NA,15.35,16.82,NA,NA,99.17808219,"European Environment Agency (downloaded in 2021)",NA,2022,NA
"European Region","DEU","Germany","Bosel",2017,11.89,18.1,13.27,NA,NA,95.15981735,"European Environment Agency (downloaded in 2021)",NA,2022,NA
"European Region","DEU","Germany","Bosel",2018,13.31,18.44,15.08,NA,NA,95.93607306,"European Environment Agency (downloaded in 2021)",NA,2022,NA
"European Region","DEU","Germany","Bosel",2019,10.27,16.05,13.3,NA,NA,95.89041096,"European Environment Agency (downloaded in 2021)",NA,2022,NA
"European Region","DEU","Germany","Bottrop",2017,NA,21.06,31.9,NA,NA,93.3390411,"European Environment Agency (downloaded in 2021)",NA,2022,NA
"European Region","DEU","Germany","Bottrop",2018,NA,20.88,29.79,NA,NA,97.4543379,"European Environment Agency (downloaded in 2021)",NA,2022,NA
"European Region","DEU","Germany","Bottrop",2019,NA,18.91,28.91,NA,NA,95.9760274,"European Environment Agency (downloaded in 2021)",NA,2022,NA
"European Region","DEU","Germany","Brandenburg An Der Havel",2017,14.74,18.57,19.1,NA,NA,98.6586758,"European Environment Agency (downloaded in 2021)",NA,2022,NA
"European Region","DEU","Germany","Brandenburg An Der Havel",2018,13.92,21.49,19.89,NA,NA,99.80593608,"European Environment Agency (downloaded in 2021)",NA,2022,NA
"European Region","DEU","Germany","Brandenburg An Der Havel",2019,11.14,17.9,17.81,NA,NA,99.85730594,"European Environment Agency (downloaded in 2021)",NA,2022,NA
"European Region","DEU","Germany","Braunlage",2017,NA,7.99,5.65,NA,NA,95.47945205,"European Environment Agency (downloaded in 2021)",NA,2022,NA
"European Region","DEU","Germany","Braunlage",2018,NA,10.45,5.87,NA,NA,95.46803653,"European Environment Agency (downloaded in 2021)",NA,2022,NA
"European Region","DEU","Germany","Braunlage",2019,NA,8.09,4.74,NA,NA,95.1369863,"European Environment Agency (downloaded in 2021)",NA,2022,NA
"European Region","DEU","Germany","Braunschweig",2017,12.36,17.5,24.11,NA,NA,95.45091324,"European Environment Agency (downloaded in 2021)",NA,2022,NA
"European Region","DEU","Germany","Braunschweig",2018,12.24,18.08,22.96,NA,NA,94.82876712,"European Environment Agency (downloaded in 2021)",NA,2022,NA
"European Region","DEU","Germany","Braunschweig",2019,9.7,14.97,20.35,NA,NA,95.91324201,"European Environment Agency (downloaded in 2021)",NA,2022,NA
"European Region","DEU","Germany","Bremen",2017,11.64,18.68,23.22,NA,NA,99.13622527,"European Environment Agency (downloaded in 2021)",NA,2022,NA
"European Region","DEU","Germany","Bremen",2018,12.97,19.85,22.97,NA,NA,99.18378996,"European Environment Agency (downloaded in 2021)",NA,2022,NA
"European Region","DEU","Germany","Bremen",2019,10.98,17.97,21.38,NA,NA,98.97450533,"European Environment Agency (downloaded in 2021)",NA,2022,NA
"European Region","DEU","Germany","Bremerhaven",2017,11.55,18.94,27.42,NA,NA,97.97374429,"European Environment Agency (downloaded in 2021)",NA,2022,NA
"European Region","DEU","Germany","Bremerhaven",2018,12.32,20.37,26.78,NA,NA,99.17808219,"European Environment Agency (downloaded in 2021)",NA,2022,NA
"European Region","DEU","Germany","Bremerhaven",2019,11.09,18.23,26.34,NA,NA,99.38926941,"European Environment Agency (downloaded in 2021)",NA,2022,NA
"European Region","DEU","Germany","Brunsbuttel",2017,11.66,19.48,24.34,NA,NA,99.6347032,"European Environment Agency (downloaded in 2021)",NA,2022,NA
"European Region","DEU","Germany","Brunsbuttel",2018,12.35,20.19,22.7,NA,NA,99.70319635,"European Environment Agency (downloaded in 2021)",NA,2022,NA
"European Region","DEU","Germany","Brunsbuttel",2019,NA,19.48,22.1,NA,NA,95.44520548,"European Environment Agency (downloaded in 2021)",NA,2022,NA
"European Region","DEU","Germany","Buckow (Markische Schweiz)",2017,12.85,17.18,9.11,NA,NA,99.78310502,"European Environment Agency (downloaded in 2021)",NA,2022,NA
"European Region","DEU","Germany","Buckow (Markische Schweiz)",2018,14.07,19.26,9.06,NA,NA,99.80593607,"European Environment Agency (downloaded in 2021)",NA,2022,NA
"European Region","DEU","Germany","Buckow (Markische Schweiz)",2019,11.03,17.52,8.77,NA,NA,99.79452055,"European Environment Agency (downloaded in 2021)",NA,2022,NA
"European Region","DEU","Germany","Burg (Bei Magdeburg)",2017,11.45,15.35,12.7,NA,NA,99.22374429,"European Environment Agency (downloaded in 2021)",NA,2022,NA
"European Region","DEU","Germany","Burg (Bei Magdeburg)",2018,12.33,17.16,12.23,NA,NA,98.68721461,"European Environment Agency (downloaded in 2021)",NA,2022,NA
"European Region","DEU","Germany","Burg (Bei Magdeburg)",2019,9.98,14.57,10.97,NA,NA,99.22374429,"European Environment Agency (downloaded in 2021)",NA,2022,NA
"European Region","DEU","Germany","Burghausen",2017,12.93,17.57,21.5,NA,NA,99.87442922,"European Environment Agency (downloaded in 2021)",NA,2022,NA
"European Region","DEU","Germany","Burghausen",2018,13.84,19.13,21.27,NA,NA,99.74885845,"European Environment Agency (downloaded in 2021)",NA,2022,NA
"European Region","DEU","Germany","Burghausen",2019,11.11,15.92,20.3,NA,NA,99.87442922,"European Environment Agency (downloaded in 2021)",NA,2022,NA
"European Region","DEU","Germany","Chemnitz",2017,11.92,17.06,25.93,NA,NA,99.55479452,"European Environment Agency (downloaded in 2021)",NA,2022,NA
"European Region","DEU","Germany","Chemnitz",2018,13.69,18.82,23.75,NA,NA,99.34360731,"European Environment Agency (downloaded in 2021)",NA,2022,NA
"European Region","DEU","Germany","Chemnitz",2019,10.6,15.81,22.56,NA,NA,99.59474886,"European Environment Agency (downloaded in 2021)",NA,2022,NA
"European Region","DEU","Germany","Cottbus",2017,15,20.29,21.29,NA,NA,99.42922375,"European Environment Agency (downloaded in 2021)",NA,2022,NA
"European Region","DEU","Germany","Cottbus",2018,14.71,20.19,19.96,NA,NA,99.74885845,"European Environment Agency (downloaded in 2021)",NA,2022,NA
"European Region","DEU","Germany","Cottbus",2019,11.63,16.38,18.85,NA,NA,99.90296804,"European Environment Agency (downloaded in 2021)",NA,2022,NA
"European Region","DEU","Germany","Cuxhaven",2017,NA,14.09,11.1,NA,NA,95.94748858,"European Environment Agency (downloaded in 2021)",NA,2022,NA
"European Region","DEU","Germany","Cuxhaven",2018,NA,15.28,12.49,NA,NA,96.10730594,"European Environment Agency (downloaded in 2021)",NA,2022,NA
"European Region","DEU","Germany","Cuxhaven",2019,NA,15.21,11.44,NA,NA,94.09817352,"European Environment Agency (downloaded in 2021)",NA,2022,NA
"European Region","DEU","Germany","Darmstadt",2017,NA,19.22,49.3,NA,NA,96.95966514,"European Environment Agency (downloaded in 2021)",NA,2022,NA
"European Region","DEU","Germany","Darmstadt",2018,NA,18.43,47.87,NA,NA,99.65182649,"European Environment Agency (downloaded in 2021)",NA,2022,NA
"European Region","DEU","Germany","Darmstadt",2019,9.04,15.13,39.38,NA,NA,99.92009132,"European Environment Agency (downloaded in 2021)",NA,2022,NA
"European Region","DEU","Germany","Datteln",2017,14.43,16.41,19.69,NA,NA,95.66210046,"European Environment Agency (downloaded in 2021)",NA,2022,NA
"European Region","DEU","Germany","Datteln",2018,12.73,21.32,17.84,NA,NA,95.456621,"European Environment Agency (downloaded in 2021)",NA,2022,NA
"European Region","DEU","Germany","Datteln",2019,10.8,19.29,17.19,NA,NA,96.17579909,"European Environment Agency (downloaded in 2021)",NA,2022,NA
"European Region","DEU","Germany","Dessau-Rosslau",2017,NA,17.77,18.14,NA,NA,99.39497717,"European Environment Agency (downloaded in 2021)",NA,2022,NA
"European Region","DEU","Germany","Dessau-Rosslau",2018,NA,19.13,17.25,NA,NA,99.52054795,"European Environment Agency (downloaded in 2021)",NA,2022,NA
"European Region","DEU","Germany","Dessau-Rosslau",2019,NA,16.43,16.17,NA,NA,99.543379,"European Environment Agency (downloaded in 2021)",NA,2022,NA
"European Region","DEU","Germany","Dillingen/Saar",2017,NA,15.97,16.93,NA,NA,100,"European Environment Agency (downloaded in 2021)",NA,2022,NA
"European Region","DEU","Germany","Dillingen/Saar",2018,NA,17.29,17.46,NA,NA,99.29223744,"European Environment Agency (downloaded in 2021)",NA,2022,NA
"European Region","DEU","Germany","Dillingen/Saar",2019,NA,16.49,16.32,NA,NA,99.9543379,"European Environment Agency (downloaded in 2021)",NA,2022,NA
"European Region","DEU","Germany","Dornbock",2017,12.91,16.2,9.35,NA,NA,99.24657534,"European Environment Agency (downloaded in 2021)",NA,2022,NA
"European Region","DEU","Germany","Dornbock",2018,13.17,18.51,8.54,NA,NA,99.46347032,"European Environment Agency (downloaded in 2021)",NA,2022,NA
"European Region","DEU","Germany","Dornbock",2019,10.32,14.49,7.38,NA,NA,98.24200913,"European Environment Agency (downloaded in 2021)",NA,2022,NA
"European Region","DEU","Germany","Dortmund",2017,14.14,21.63,41.07,NA,NA,94.80136986,"European Environment Agency (downloaded in 2021)",NA,2022,NA
"European Region","DEU","Germany","Dortmund",2018,13.39,20.69,38.84,NA,NA,97.32648402,"European Environment Agency (downloaded in 2021)",NA,2022,NA
"European Region","DEU","Germany","Dortmund",2019,11.3,18.66,35.8,NA,NA,98.3173516,"European Environment Agency (downloaded in 2021)",NA,2022,NA
"European Region","DEU","Germany","Dresden",2017,13.28,19.56,29.34,NA,NA,99.27321157,"European Environment Agency (downloaded in 2021)",NA,2022,NA
"European Region","DEU","Germany","Dresden",2018,14.3,21.02,29.29,NA,NA,98.53120244,"European Environment Agency (downloaded in 2021)",NA,2022,NA
"European Region","DEU","Germany","Dresden",2019,11.02,17.06,26.15,NA,NA,99.17047184,"European Environment Agency (downloaded in 2021)",NA,2022,NA
"European Region","DEU","Germany","Duderstadt",2017,NA,14.71,11.53,NA,NA,94.93150685,"European Environment Agency (downloaded in 2021)",NA,2022,NA
"European Region","DEU","Germany","Duderstadt",2018,NA,15.93,12.58,NA,NA,95.2283105,"European Environment Agency (downloaded in 2021)",NA,2022,NA
"European Region","DEU","Germany","Duderstadt",2019,NA,14.22,9.56,NA,NA,94.04109589,"European Environment Agency (downloaded in 2021)",NA,2022,NA
"European Region","DEU","Germany","Duisburg",2017,10.49,22.24,36.25,NA,NA,93.7739726,"European Environment Agency (downloaded in 2021)",NA,2022,NA
"European Region","DEU","Germany","Duisburg",2018,11.99,21.78,34.18,NA,100,97.72070015,"European Environment Agency (downloaded in 2021)",NA,2022,NA
"European Region","DEU","Germany","Duisburg",2019,11.24,19.19,31.85,NA,100,96.91400305,"European Environment Agency (downloaded in 2021)",NA,2022,NA
"European Region","DEU","Germany","Dunzweiler",2017,NA,11.43,7.24,NA,NA,99.10958904,"European Environment Agency (downloaded in 2021)",NA,2022,NA
"European Region","DEU","Germany","Dunzweiler",2018,NA,12.2,6.74,NA,NA,99.36073059,"European Environment Agency (downloaded in 2021)",NA,2022,NA
"European Region","DEU","Germany","Dunzweiler",2019,NA,10.85,6.35,NA,NA,99.05251142,"European Environment Agency (downloaded in 2021)",NA,2022,NA
"European Region","DEU","Germany","Dusseldorf",2017,12.16,22.42,44.69,NA,NA,92.68835617,"European Environment Agency (downloaded in 2021)",NA,2022,NA
"European Region","DEU","Germany","Dusseldorf",2018,13.08,22.44,43.36,100,NA,99.04680365,"European Environment Agency (downloaded in 2021)",NA,2022,NA
"European Region","DEU","Germany","Dusseldorf",2019,11.6,19.79,37.93,NA,100,99.28652968,"European Environment Agency (downloaded in 2021)",NA,2022,NA
"European Region","DEU","Germany","Eberswalde",2017,14.84,20.39,22.29,NA,NA,99.30365297,"European Environment Agency (downloaded in 2021)",NA,2022,NA
"European Region","DEU","Germany","Eberswalde",2018,14.91,20.68,22.92,NA,NA,99.88584475,"European Environment Agency (downloaded in 2021)",NA,2022,NA
"European Region","DEU","Germany","Eberswalde",2019,12.29,19.29,22.46,NA,NA,99.89726027,"European Environment Agency (downloaded in 2021)",NA,2022,NA
"European Region","DEU","Germany","Edertal",2017,NA,11.99,6.5,NA,NA,99.29223744,"European Environment Agency (downloaded in 2021)",NA,2022,NA
"European Region","DEU","Germany","Edertal",2018,NA,12.41,6.19,NA,NA,99.39497717,"European Environment Agency (downloaded in 2021)",NA,2022,NA
"European Region","DEU","Germany","Edertal",2019,NA,10.75,5.82,NA,NA,99.6803653,"European Environment Agency (downloaded in 2021)",NA,2022,NA
"European Region","DEU","Germany","Eggebek",2017,9.16,14.87,9.19,NA,NA,94.97716895,"European Environment Agency (downloaded in 2021)",NA,2022,NA
"European Region","DEU","Germany","Eggebek",2018,11.09,17.7,10.1,NA,NA,99.53196347,"European Environment Agency (downloaded in 2021)",NA,2022,NA
"European Region","DEU","Germany","Eggebek",2019,10.81,15.76,9.1,NA,NA,99.65753425,"European Environment Agency (downloaded in 2021)",NA,2022,NA
"European Region","DEU","Germany","Eggenstein-Leopoldshafen",2017,NA,16.86,20.49,NA,NA,97.89954338,"European Environment Agency (downloaded in 2021)",NA,2022,NA
"European Region","DEU","Germany","Eggenstein-Leopoldshafen",2018,NA,16.29,22.62,NA,NA,97.9109589,"European Environment Agency (downloaded in 2021)",NA,2022,NA
"European Region","DEU","Germany","Eggenstein-Leopoldshafen",2019,NA,15.07,21.78,NA,NA,97.69406393,"European Environment Agency (downloaded in 2021)",NA,2022,NA
"European Region","DEU","Germany","Eisenach",2017,NA,14.66,13.81,NA,NA,99.62328767,"European Environment Agency (downloaded in 2021)",NA,2022,NA
"European Region","DEU","Germany","Eisenach",2018,NA,16.75,14.12,NA,NA,99.76027397,"European Environment Agency (downloaded in 2021)",NA,2022,NA
"European Region","DEU","Germany","Eisenach",2019,NA,13.64,12.6,NA,NA,97.24885845,"European Environment Agency (downloaded in 2021)",NA,2022,NA
"European Region","DEU","Germany","Eisenhuttenstadt",2017,14.65,17,9.21,NA,NA,99.87442922,"European Environment Agency (downloaded in 2021)",NA,2022,NA
"European Region","DEU","Germany","Eisenhuttenstadt",2018,15,19.39,11.66,NA,NA,99.92009132,"European Environment Agency (downloaded in 2021)",NA,2022,NA
"European Region","DEU","Germany","Eisenhuttenstadt",2019,11.32,16.42,10.89,NA,NA,98.99543379,"European Environment Agency (downloaded in 2021)",NA,2022,NA
"European Region","DEU","Germany","Elsdorf",2017,NA,20.09,16.06,NA,NA,94.79452055,"European Environment Agency (downloaded in 2021)",NA,2022,NA
"European Region","DEU","Germany","Elsdorf",2018,NA,20.79,16.53,NA,NA,96.15296804,"European Environment Agency (downloaded in 2021)",NA,2022,NA
"European Region","DEU","Germany","Elsdorf",2019,NA,18.1,14.48,NA,NA,94.32648402,"European Environment Agency (downloaded in 2021)",NA,2022,NA
"European Region","DEU","Germany","Elsterwerda",2017,16.11,18.55,11.68,NA,NA,99.84018265,"European Environment Agency (downloaded in 2021)",NA,2022,NA
"European Region","DEU","Germany","Elsterwerda",2018,14.98,20.13,13,NA,NA,99.87442922,"European Environment Agency (downloaded in 2021)",NA,2022,NA
"European Region","DEU","Germany","Elsterwerda",2019,11.35,16.36,12.09,NA,NA,99.87442922,"European Environment Agency (downloaded in 2021)",NA,2022,NA
"European Region","DEU","Germany","Emden",2017,NA,15.86,15.54,NA,NA,93.15068493,"European Environment Agency (downloaded in 2021)",NA,2022,NA
"European Region","DEU","Germany","Emden",2018,NA,17.48,14.5,NA,NA,95.52511416,"European Environment Agency (downloaded in 2021)",NA,2022,NA
"European Region","DEU","Germany","Emden",2019,NA,15.69,14.86,NA,NA,95.90182648,"European Environment Agency (downloaded in 2021)",NA,2022,NA
"European Region","DEU","Germany","Erfurt",2017,10.44,16.16,22.35,NA,NA,99.13242009,"European Environment Agency (downloaded in 2021)",NA,2022,NA
"European Region","DEU","Germany","Erfurt",2018,11.9,18.74,22.04,NA,NA,99.59665145,"European Environment Agency (downloaded in 2021)",NA,2022,NA
"European Region","DEU","Germany","Erfurt",2019,9.47,14.59,19.23,NA,NA,99.59665145,"European Environment Agency (downloaded in 2021)",NA,2022,NA
"European Region","DEU","Germany","Essen",2017,13.21,21.75,39.49,NA,NA,89.14726027,"European Environment Agency (downloaded in 2021)",NA,2022,NA
"European Region","DEU","Germany","Essen",2018,13.97,22.26,38.39,100,NA,97.73744292,"European Environment Agency (downloaded in 2021)",NA,2022,NA
"European Region","DEU","Germany","Essen",2019,11.29,19.74,34.58,100,NA,97.32305936,"European Environment Agency (downloaded in 2021)",NA,2022,NA
"European Region","DEU","Germany","Esslingen",2017,NA,25.66,44.31,NA,95.89041096,95.89041096,"European Environment Agency (downloaded in 2021)",NA,2022,NA
"European Region","DEU","Germany","Esslingen",2018,NA,24.53,41.62,NA,100,100,"European Environment Agency (downloaded in 2021)",NA,2022,NA
"European Region","DEU","Germany","Esslingen",2019,NA,23.05,35.97,NA,100,100,"European Environment Agency (downloaded in 2021)",NA,2022,NA
"European Region","DEU","Germany","Filderstadt",2017,NA,19.03,27.64,NA,NA,97.87671233,"European Environment Agency (downloaded in 2021)",NA,2022,NA
"European Region","DEU","Germany","Filderstadt",2018,NA,16.76,27.12,NA,NA,97.9109589,"European Environment Agency (downloaded in 2021)",NA,2022,NA
"European Region","DEU","Germany","Filderstadt",2019,NA,15.69,24.14,NA,NA,97.97945205,"European Environment Agency (downloaded in 2021)",NA,2022,NA
"European Region","DEU","Germany","Flensburg",2017,10.36,18.74,32,NA,NA,99.7716895,"European Environment Agency (downloaded in 2021)",NA,2022,NA
"European Region","DEU","Germany","Flensburg",2018,11.88,20.47,27.46,NA,NA,99.73744292,"European Environment Agency (downloaded in 2021)",NA,2022,NA
"European Region","DEU","Germany","Flensburg",2019,10.98,19,27.2,NA,NA,99.73744292,"European Environment Agency (downloaded in 2021)",NA,2022,NA
"European Region","DEU","Germany","Frankfurt (Oder)",2017,15.95,20.17,22.39,NA,NA,99.70890411,"European Environment Agency (downloaded in 2021)",NA,2022,NA
"European Region","DEU","Germany","Frankfurt (Oder)",2018,15.38,22.19,23.68,NA,NA,99.56050229,"European Environment Agency (downloaded in 2021)",NA,2022,NA
"European Region","DEU","Germany","Frankfurt (Oder)",2019,11.97,18,21.32,NA,NA,99.80593608,"European Environment Agency (downloaded in 2021)",NA,2022,NA
"European Region","DEU","Germany","Frankfurt Am Main",2017,13.41,20.7,43.19,NA,NA,95.79052512,"European Environment Agency (downloaded in 2021)",NA,2022,NA
"European Region","DEU","Germany","Frankfurt Am Main",2018,14.1,22.14,39.67,NA,NA,99.79959411,"European Environment Agency (downloaded in 2021)",NA,2022,NA
"European Region","DEU","Germany","Frankfurt Am Main",2019,11.69,19.96,38.91,NA,NA,98.22716895,"European Environment Agency (downloaded in 2021)",NA,2022,NA
"European Region","DEU","Germany","Freiberg",2017,NA,15.11,22.5,NA,NA,99.40639269,"European Environment Agency (downloaded in 2021)",NA,2022,NA
"European Region","DEU","Germany","Freiberg",2018,NA,18.45,22.69,NA,NA,99.543379,"European Environment Agency (downloaded in 2021)",NA,2022,NA
"European Region","DEU","Germany","Freiberg",2019,NA,14.36,21.37,NA,NA,99.69178082,"European Environment Agency (downloaded in 2021)",NA,2022,NA
"European Region","DEU","Germany","Freiburg Im Breisgau",2017,10.47,15.63,34.8,NA,NA,98.49695586,"European Environment Agency (downloaded in 2021)",NA,2022,NA
"European Region","DEU","Germany","Freiburg Im Breisgau",2018,10.67,15.47,34.59,NA,NA,97.83105023,"European Environment Agency (downloaded in 2021)",NA,2022,NA
"European Region","DEU","Germany","Freiburg Im Breisgau",2019,8.61,13.36,26.05,NA,NA,97.6369863,"European Environment Agency (downloaded in 2021)",NA,2022,NA
"European Region","DEU","Germany","Friedrichshafen",2017,NA,17.14,22.62,NA,NA,97.956621,"European Environment Agency (downloaded in 2021)",NA,2022,NA
"European Region","DEU","Germany","Friedrichshafen",2018,NA,15.7,30.14,NA,NA,98.99543379,"European Environment Agency (downloaded in 2021)",NA,2022,NA
"European Region","DEU","Germany","Friedrichshafen",2019,NA,14.01,20.94,NA,NA,97.84246575,"European Environment Agency (downloaded in 2021)",NA,2022,NA
"European Region","DEU","Germany","Fulda",2017,14.05,18.85,30.25,NA,NA,99.37214612,"European Environment Agency (downloaded in 2021)",NA,2022,NA
"European Region","DEU","Germany","Fulda",2018,14.35,19.16,30.42,NA,NA,99.57762557,"European Environment Agency (downloaded in 2021)",NA,2022,NA
"European Region","DEU","Germany","Fulda",2019,11.91,17.03,28.81,NA,NA,99.39497717,"European Environment Agency (downloaded in 2021)",NA,2022,NA
"European Region","DEU","Germany","Furth",2017,NA,15.69,8.12,NA,NA,99.84018265,"European Environment Agency (downloaded in 2021)",NA,2022,NA
"European Region","DEU","Germany","Furth",2018,NA,16.58,7.94,NA,NA,99.56621005,"European Environment Agency (downloaded in 2021)",NA,2022,NA
"European Region","DEU","Germany","Furth",2019,NA,14,7.34,NA,NA,99.66894977,"European Environment Agency (downloaded in 2021)",NA,2022,NA
"European Region","DEU","Germany","Garmisch-Partenkirchen",2017,NA,3.57,10.4,NA,NA,99.73744292,"European Environment Agency (downloaded in 2021)",NA,2022,NA
"European Region","DEU","Germany","Garmisch-Partenkirchen",2018,NA,4.16,10.33,NA,NA,99.76027397,"European Environment Agency (downloaded in 2021)",NA,2022,NA
"European Region","DEU","Germany","Garmisch-Partenkirchen",2019,NA,3.97,9.37,NA,NA,99.79452055,"European Environment Agency (downloaded in 2021)",NA,2022,NA
"European Region","DEU","Germany","Gartringen",2017,NA,14.29,14.46,NA,NA,97.8652968,"European Environment Agency (downloaded in 2021)",NA,2022,NA
"European Region","DEU","Germany","Gartringen",2018,NA,14.41,13.84,NA,NA,97.94520548,"European Environment Agency (downloaded in 2021)",NA,2022,NA
"European Region","DEU","Germany","Gartringen",2019,NA,12.58,11.94,NA,NA,97.99086758,"European Environment Agency (downloaded in 2021)",NA,2022,NA
"European Region","DEU","Germany","Garz/Rugen",2017,NA,15.57,4.38,NA,NA,99.14383562,"European Environment Agency (downloaded in 2021)",NA,2022,NA
"European Region","DEU","Germany","Garz/Rugen",2018,NA,16.85,5.71,NA,NA,99.20091324,"European Environment Agency (downloaded in 2021)",NA,2022,NA
"European Region","DEU","Germany","Garz/Rugen",2019,9.9,15.18,5.59,NA,NA,99.09817352,"European Environment Agency (downloaded in 2021)",NA,2022,NA
"European Region","DEU","Germany","Gehlberg",2017,6.42,9.44,4.39,NA,NA,94.82876712,"European Environment Agency (downloaded in 2021)",NA,2022,NA
"European Region","DEU","Germany","Gehlberg",2018,8.01,11.74,4.04,NA,NA,94.36073059,"European Environment Agency (downloaded in 2021)",NA,2022,NA
"European Region","DEU","Germany","Gehlberg",2019,5.79,9.13,3.44,NA,NA,94.60045662,"European Environment Agency (downloaded in 2021)",NA,2022,NA
"European Region","DEU","Germany","Gelsenkirchen",2017,16.45,26.02,36.58,NA,90.95890411,94.49010654,"European Environment Agency (downloaded in 2021)",NA,2022,NA
"European Region","DEU","Germany","Gelsenkirchen",2018,16.51,26,34.99,NA,100,97.13089802,"European Environment Agency (downloaded in 2021)",NA,2022,NA
"European Region","DEU","Germany","Gelsenkirchen",2019,13.92,23.07,31.98,NA,100,97.5761035,"European Environment Agency (downloaded in 2021)",NA,2022,NA
"European Region","DEU","Germany","Gera",2017,NA,15.85,23.61,NA,NA,99.82876713,"European Environment Agency (downloaded in 2021)",NA,2022,NA
"European Region","DEU","Germany","Gera",2018,NA,20.45,24.6,NA,NA,99.85730594,"European Environment Agency (downloaded in 2021)",NA,2022,NA
"European Region","DEU","Germany","Gera",2019,NA,15.45,22.22,NA,NA,97.2716895,"European Environment Agency (downloaded in 2021)",NA,2022,NA
"European Region","DEU","Germany","Gersfeld (Rhon)",2017,NA,8.45,5.26,NA,NA,99.76027397,"European Environment Agency (downloaded in 2021)",NA,2022,NA
"European Region","DEU","Germany","Gersfeld (Rhon)",2018,NA,10.28,4.86,NA,NA,99.61187215,"European Environment Agency (downloaded in 2021)",NA,2022,NA
"European Region","DEU","Germany","Gersfeld (Rhon)",2019,NA,8.5,4.24,NA,NA,99.61187215,"European Environment Agency (downloaded in 2021)",NA,2022,NA
"European Region","DEU","Germany","Giessen",2017,13.6,22.09,42.15,NA,NA,99.62328767,"European Environment Agency (downloaded in 2021)",NA,2022,NA
"European Region","DEU","Germany","Giessen",2018,14.1,21.53,43.94,NA,NA,99.74885845,"European Environment Agency (downloaded in 2021)",NA,2022,NA
"European Region","DEU","Germany","Giessen",2019,10.91,17,40.15,NA,NA,99.82876712,"European Environment Agency (downloaded in 2021)",NA,2022,NA
"European Region","DEU","Germany","Gladbeck",2017,NA,22.95,39.09,NA,NA,93.77283105,"European Environment Agency (downloaded in 2021)",NA,2022,NA
"European Region","DEU","Germany","Gladbeck",2018,NA,22.71,37.37,NA,NA,93.95547945,"European Environment Agency (downloaded in 2021)",NA,2022,NA
"European Region","DEU","Germany","Gladbeck",2019,NA,20.02,33.7,NA,NA,98.2477169,"European Environment Agency (downloaded in 2021)",NA,2022,NA
"European Region","DEU","Germany","Glashutten",2017,NA,8.81,6.91,NA,NA,99.89726027,"European Environment Agency (downloaded in 2021)",NA,2022,NA
"European Region","DEU","Germany","Glashutten",2018,NA,9.19,6.59,NA,NA,99.14383562,"European Environment Agency (downloaded in 2021)",NA,2022,NA
"European Region","DEU","Germany","Glashutten",2019,NA,8.37,6.08,NA,NA,99.38356164,"European Environment Agency (downloaded in 2021)",NA,2022,NA
"European Region","DEU","Germany","Glauchau",2017,NA,17.04,20.18,NA,NA,99.52054795,"European Environment Agency (downloaded in 2021)",NA,2022,NA
"European Region","DEU","Germany","Glauchau",2018,NA,19.08,20.8,NA,NA,99.33789954,"European Environment Agency (downloaded in 2021)",NA,2022,NA
"European Region","DEU","Germany","Glauchau",2019,NA,18.39,17.7,NA,NA,99.50913242,"European Environment Agency (downloaded in 2021)",NA,2022,NA
"European Region","DEU","Germany","Gohlen",2017,NA,17.72,6,NA,NA,99.06392694,"European Environment Agency (downloaded in 2021)",NA,2022,NA
"European Region","DEU","Germany","Gohlen",2018,NA,21.18,7.96,NA,NA,99.10958904,"European Environment Agency (downloaded in 2021)",NA,2022,NA
"European Region","DEU","Germany","Gohlen",2019,10.82,15.12,8.18,NA,NA,98.85844749,"European Environment Agency (downloaded in 2021)",NA,2022,NA
"European Region","DEU","Germany","Gorlitz",2017,NA,20,22.43,NA,NA,99.07534247,"European Environment Agency (downloaded in 2021)",NA,2022,NA
"European Region","DEU","Germany","Gorlitz",2018,NA,22.53,21.74,NA,NA,99.62328767,"European Environment Agency (downloaded in 2021)",NA,2022,NA
"European Region","DEU","Germany","Gorlitz",2019,NA,18.5,21.18,NA,NA,99.12100457,"European Environment Agency (downloaded in 2021)",NA,2022,NA
"European Region","DEU","Germany","Goslar",2017,NA,11.41,9.79,NA,NA,95.50228311,"European Environment Agency (downloaded in 2021)",NA,2022,NA
"European Region","DEU","Germany","Goslar",2018,10.84,14.07,10.76,NA,NA,96.01598174,"European Environment Agency (downloaded in 2021)",NA,2022,NA
"European Region","DEU","Germany","Goslar",2019,7.72,10.62,8.57,NA,NA,95.99315068,"European Environment Agency (downloaded in 2021)",NA,2022,NA
"European Region","DEU","Germany","Gottingen",2017,11.09,18.09,27.2,NA,NA,95.59360731,"European Environment Agency (downloaded in 2021)",NA,2022,NA
"European Region","DEU","Germany","Gottingen",2018,12.08,19.51,25.83,NA,NA,93.88127854,"European Environment Agency (downloaded in 2021)",NA,2022,NA
"European Region","DEU","Germany","Gottingen",2019,9.54,16.9,22.86,NA,NA,95.53082192,"European Environment Agency (downloaded in 2021)",NA,2022,NA
"European Region","DEU","Germany","Greiz",2017,11.92,14.79,14.88,NA,NA,99.52054795,"European Environment Agency (downloaded in 2021)",NA,2022,NA
"European Region","DEU","Germany","Greiz",2018,13.06,17.77,16.62,NA,NA,99.33789954,"European Environment Agency (downloaded in 2021)",NA,2022,NA
"European Region","DEU","Germany","Greiz",2019,10.11,14.16,13.9,NA,NA,98.71004566,"European Environment Agency (downloaded in 2021)",NA,2022,NA
"European Region","DEU","Germany","Gulzow-Pruzen",2017,11.53,15.16,6.84,NA,NA,97.96803653,"European Environment Agency (downloaded in 2021)",NA,2022,NA
"European Region","DEU","Germany","Gulzow-Pruzen",2018,11.89,16.93,6.36,NA,NA,99.29223744,"European Environment Agency (downloaded in 2021)",NA,2022,NA
"European Region","DEU","Germany","Gulzow-Pruzen",2019,10.29,15.26,6.5,NA,NA,97.28310502,"European Environment Agency (downloaded in 2021)",NA,2022,NA
"European Region","DEU","Germany","Gustrow",2017,11.82,16.54,7.92,NA,NA,99.07534247,"European Environment Agency (downloaded in 2021)",NA,2022,NA
"European Region","DEU","Germany","Gustrow",2018,11.96,18.36,9.06,NA,NA,99.20091324,"European Environment Agency (downloaded in 2021)",NA,2022,NA
"European Region","DEU","Germany","Gustrow",2019,10.33,16.25,6.81,NA,NA,99.20091324,"European Environment Agency (downloaded in 2021)",NA,2022,NA
"European Region","DEU","Germany","Gutsbezirk Kaufunger Wald",2017,NA,11.88,6.35,NA,NA,98.40182648,"European Environment Agency (downloaded in 2021)",NA,2022,NA
"European Region","DEU","Germany","Gutsbezirk Kaufunger Wald",2018,NA,12.4,6.18,NA,NA,99.38356164,"European Environment Agency (downloaded in 2021)",NA,2022,NA
"European Region","DEU","Germany","Gutsbezirk Kaufunger Wald",2019,NA,10.38,5.53,NA,NA,98.07077626,"European Environment Agency (downloaded in 2021)",NA,2022,NA
"European Region","DEU","Germany","Hagen",2017,NA,27.13,48.35,NA,NA,92.59703196,"European Environment Agency (downloaded in 2021)",NA,2022,NA
"European Region","DEU","Germany","Hagen",2018,NA,27.5,49.97,NA,NA,98.17922375,"European Environment Agency (downloaded in 2021)",NA,2022,NA
"European Region","DEU","Germany","Hagen",2019,NA,23.68,44.61,NA,NA,97.84246576,"European Environment Agency (downloaded in 2021)",NA,2022,NA
"European Region","DEU","Germany","Halberstadt",2017,11.12,18.34,21.77,NA,100,99.34931507,"European Environment Agency (downloaded in 2021)",NA,2022,NA
"European Region","DEU","Germany","Halberstadt",2018,12.81,20.9,22.95,NA,100,99.69178082,"European Environment Agency (downloaded in 2021)",NA,2022,NA
"European Region","DEU","Germany","Halberstadt",2019,9.61,17.35,20.47,NA,100,99.74315069,"European Environment Agency (downloaded in 2021)",NA,2022,NA
"European Region","DEU","Germany","Halle (Saale)",2017,12.85,20.8,28.66,NA,NA,98.44368341,"European Environment Agency (downloaded in 2021)",NA,2022,NA
"European Region","DEU","Germany","Halle (Saale)",2018,14.8,24.49,26.74,NA,NA,98.58447489,"European Environment Agency (downloaded in 2021)",NA,2022,NA
"European Region","DEU","Germany","Halle (Saale)",2019,11.69,20.14,25.86,NA,NA,99.27511416,"European Environment Agency (downloaded in 2021)",NA,2022,NA
"European Region","DEU","Germany","Hamburg",2017,13.7,18.48,30.18,NA,NA,99.25114155,"European Environment Agency (downloaded in 2021)",NA,2022,NA
"European Region","DEU","Germany","Hamburg",2018,13.21,21,29.63,NA,NA,99.29908676,"European Environment Agency (downloaded in 2021)",NA,2022,NA
"European Region","DEU","Germany","Hamburg",2019,11.49,18.95,27.21,NA,NA,99.20167428,"European Environment Agency (downloaded in 2021)",NA,2022,NA
"European Region","DEU","Germany","Hanau",2017,NA,16.13,26.63,NA,NA,99.88584475,"European Environment Agency (downloaded in 2021)",NA,2022,NA
"European Region","DEU","Germany","Hanau",2018,NA,17.78,25.09,NA,NA,99.38356164,"European Environment Agency (downloaded in 2021)",NA,2022,NA
"European Region","DEU","Germany","Hanau",2019,NA,16.25,24.33,NA,NA,99.8630137,"European Environment Agency (downloaded in 2021)",NA,2022,NA
"European Region","DEU","Germany","Hannover",2017,11.94,19.43,35.06,NA,NA,97.3021309,"European Environment Agency (downloaded in 2021)",NA,2022,NA
"European Region","DEU","Germany","Hannover",2018,12.73,19.99,35.08,NA,NA,96.70091324,"European Environment Agency (downloaded in 2021)",NA,2022,NA
"European Region","DEU","Germany","Hannover",2019,9.52,16.96,31.02,NA,NA,95.12937595,"European Environment Agency (downloaded in 2021)",NA,2022,NA
"European Region","DEU","Germany","Harzgerode",2017,7.69,10.71,4.32,NA,NA,99.38356164,"European Environment Agency (downloaded in 2021)",NA,2022,NA
"European Region","DEU","Germany","Harzgerode",2018,9.28,12.62,5.03,NA,NA,99.50913242,"European Environment Agency (downloaded in 2021)",NA,2022,NA
"European Region","DEU","Germany","Harzgerode",2019,6.52,10.15,4,NA,NA,99.37214612,"European Environment Agency (downloaded in 2021)",NA,2022,NA
"European Region","DEU","Germany","Hattingen",2017,NA,14.71,19.49,NA,NA,97.1347032,"European Environment Agency (downloaded in 2021)",NA,2022,NA
"European Region","DEU","Germany","Hattingen",2018,NA,15.43,17.29,NA,NA,96.28995434,"European Environment Agency (downloaded in 2021)",NA,2022,NA
"European Region","DEU","Germany","Hattingen",2019,NA,13.1,15.93,NA,NA,96.82648402,"European Environment Agency (downloaded in 2021)",NA,2022,NA
"European Region","DEU","Germany","Heidelberg",2017,NA,15.21,31.75,NA,NA,95.01141553,"European Environment Agency (downloaded in 2021)",NA,2022,NA
"European Region","DEU","Germany","Heidelberg",2018,NA,15.66,30.51,NA,NA,99.00114156,"European Environment Agency (downloaded in 2021)",NA,2022,NA
"European Region","DEU","Germany","Heidelberg",2019,NA,14.23,27.57,NA,NA,99.02968037,"European Environment Agency (downloaded in 2021)",NA,2022,NA
"European Region","DEU","Germany","Heilbronn",2017,13.44,20.95,40.39,NA,NA,97.73401827,"European Environment Agency (downloaded in 2021)",NA,2022,NA
"European Region","DEU","Germany","Heilbronn",2018,13.32,21.45,39.71,NA,NA,97.92808219,"European Environment Agency (downloaded in 2021)",NA,2022,NA
"European Region","DEU","Germany","Heilbronn",2019,11.64,19.51,35.49,NA,NA,97.75684932,"European Environment Agency (downloaded in 2021)",NA,2022,NA
"European Region","DEU","Germany","Heppenheim (Bergstrasse)",2017,13.54,18.38,32.52,NA,NA,99.80593607,"European Environment Agency (downloaded in 2021)",NA,2022,NA
"European Region","DEU","Germany","Heppenheim (Bergstrasse)",2018,13.8,18.04,34.77,NA,NA,99.53196347,"European Environment Agency (downloaded in 2021)",NA,2022,NA
"European Region","DEU","Germany","Heppenheim (Bergstrasse)",2019,11.4,15.88,29.82,NA,NA,99.7716895,"European Environment Agency (downloaded in 2021)",NA,2022,NA
"European Region","DEU","Germany","Herdorf",2017,NA,10.36,7.56,NA,NA,97.93378995,"European Environment Agency (downloaded in 2021)",NA,2022,NA
"European Region","DEU","Germany","Herdorf",2018,NA,10.87,6.83,NA,NA,99.56621005,"European Environment Agency (downloaded in 2021)",NA,2022,NA
"European Region","DEU","Germany","Herdorf",2019,NA,9.41,6.33,NA,NA,99.65753425,"European Environment Agency (downloaded in 2021)",NA,2022,NA
"European Region","DEU","Germany","Hurth",2017,NA,16.8,32.28,NA,NA,90.22260274,"European Environment Agency (downloaded in 2021)",NA,2022,NA
"European Region","DEU","Germany","Hurth",2018,NA,19.26,32.05,NA,NA,93.17351598,"European Environment Agency (downloaded in 2021)",NA,2022,NA
"European Region","DEU","Germany","Hurth",2019,NA,17.22,29,NA,NA,96.89497717,"European Environment Agency (downloaded in 2021)",NA,2022,NA
"European Region","DEU","Germany","Ingolstadt",2017,13.57,18.39,25.11,NA,NA,99.89726027,"European Environment Agency (downloaded in 2021)",NA,2022,NA
"European Region","DEU","Germany","Ingolstadt",2018,13.88,19.1,24.36,NA,NA,99.88584475,"European Environment Agency (downloaded in 2021)",NA,2022,NA
"European Region","DEU","Germany","Ingolstadt",2019,10.67,16.47,22.95,NA,NA,99.8630137,"European Environment Agency (downloaded in 2021)",NA,2022,NA
"European Region","DEU","Germany","Itzehoe",2017,11.13,16.29,34.78,NA,NA,98.66438356,"European Environment Agency (downloaded in 2021)",NA,2022,NA
"European Region","DEU","Germany","Itzehoe",2018,11.64,18.38,34.99,NA,NA,99.8630137,"European Environment Agency (downloaded in 2021)",NA,2022,NA
"European Region","DEU","Germany","Itzehoe",2019,10.74,16.75,31.51,NA,NA,88.01369863,"European Environment Agency (downloaded in 2021)",NA,2022,NA
"European Region","DEU","Germany","Jena",2017,NA,15.33,16.19,NA,NA,99.76027397,"European Environment Agency (downloaded in 2021)",NA,2022,NA
"European Region","DEU","Germany","Jena",2018,NA,17.78,15.83,NA,NA,99.61187215,"European Environment Agency (downloaded in 2021)",NA,2022,NA
"European Region","DEU","Germany","Jena",2019,NA,14.08,14.61,NA,NA,99.76027397,"European Environment Agency (downloaded in 2021)",NA,2022,NA
"European Region","DEU","Germany","Jork",2017,NA,14.19,13.1,NA,NA,96.03881279,"European Environment Agency (downloaded in 2021)",NA,2022,NA
"European Region","DEU","Germany","Jork",2018,NA,15.82,14.49,NA,NA,94.49771689,"European Environment Agency (downloaded in 2021)",NA,2022,NA
"European Region","DEU","Germany","Jork",2019,NA,13.9,12.25,NA,NA,95.99315068,"European Environment Agency (downloaded in 2021)",NA,2022,NA
"European Region","DEU","Germany","Juchen",2017,NA,21.34,18.25,NA,NA,94.62328767,"European Environment Agency (downloaded in 2021)",NA,2022,NA
"European Region","DEU","Germany","Juchen",2018,NA,20.64,18.77,NA,NA,95.59360731,"European Environment Agency (downloaded in 2021)",NA,2022,NA
"European Region","DEU","Germany","Juchen",2019,NA,18.61,17.61,NA,NA,96.07305936,"European Environment Agency (downloaded in 2021)",NA,2022,NA
"European Region","DEU","Germany","Kaiserslautern",2017,11.91,15.9,20.66,NA,NA,99.09817352,"European Environment Agency (downloaded in 2021)",NA,2022,NA
"European Region","DEU","Germany","Kaiserslautern",2018,12.5,16.45,20.8,NA,NA,99.41780822,"European Environment Agency (downloaded in 2021)",NA,2022,NA
"European Region","DEU","Germany","Kaiserslautern",2019,10.28,14.85,19.5,NA,NA,98.96118721,"European Environment Agency (downloaded in 2021)",NA,2022,NA
"European Region","DEU","Germany","Karlsruhe",2017,11.54,17.55,30.68,NA,NA,97.90525114,"European Environment Agency (downloaded in 2021)",NA,2022,NA
"European Region","DEU","Germany","Karlsruhe",2018,11.61,17.16,29.98,NA,NA,97.80821918,"European Environment Agency (downloaded in 2021)",NA,2022,NA
"European Region","DEU","Germany","Karlsruhe",2019,10.5,15.3,27.71,NA,NA,97.91666667,"European Environment Agency (downloaded in 2021)",NA,2022,NA
"European Region","DEU","Germany","Kassel",2017,11.38,21.08,30.05,NA,NA,99.48059361,"European Environment Agency (downloaded in 2021)",NA,2022,NA
"European Region","DEU","Germany","Kassel",2018,11.83,20.82,30.85,NA,NA,99.74315069,"European Environment Agency (downloaded in 2021)",NA,2022,NA
"European Region","DEU","Germany","Kassel",2019,9.73,18.59,29.16,NA,NA,99.70319635,"European Environment Agency (downloaded in 2021)",NA,2022,NA
"European Region","DEU","Germany","Kehl",2017,12.3,17.62,24.27,NA,NA,97.85388128,"European Environment Agency (downloaded in 2021)",NA,2022,NA
"European Region","DEU","Germany","Kehl",2018,11.6,17.25,25.41,NA,NA,97.8652968,"European Environment Agency (downloaded in 2021)",NA,2022,NA
"European Region","DEU","Germany","Kehl",2019,10.6,15.8,23.99,NA,NA,97.46575342,"European Environment Agency (downloaded in 2021)",NA,2022,NA
"European Region","DEU","Germany","Kelheim",2017,13.53,18.59,21.03,NA,NA,99.84018265,"European Environment Agency (downloaded in 2021)",NA,2022,NA
"European Region","DEU","Germany","Kelheim",2018,13.84,18.74,20.07,NA,NA,96.08447489,"European Environment Agency (downloaded in 2021)",NA,2022,NA
"European Region","DEU","Germany","Kelheim",2019,10.93,16.47,18.91,NA,NA,99.8630137,"European Environment Agency (downloaded in 2021)",NA,2022,NA
"European Region","DEU","Germany","Kiel",2017,12.46,21.69,48.2,NA,NA,99.28082192,"European Environment Agency (downloaded in 2021)",NA,2022,NA
"European Region","DEU","Germany","Kiel",2018,13.3,22.28,49.54,NA,NA,99.70319635,"European Environment Agency (downloaded in 2021)",NA,2022,NA
"European Region","DEU","Germany","Kiel",2019,12.17,21.71,43.69,NA,NA,99.47488585,"European Environment Agency (downloaded in 2021)",NA,2022,NA
"European Region","DEU","Germany","Klingenthal",2017,NA,12.57,11.88,NA,NA,99.14383562,"European Environment Agency (downloaded in 2021)",NA,2022,NA
"European Region","DEU","Germany","Klingenthal",2018,NA,13.75,11.8,NA,NA,99.60045662,"European Environment Agency (downloaded in 2021)",NA,2022,NA
"European Region","DEU","Germany","Klingenthal",2019,NA,12.76,10.89,NA,NA,99.543379,"European Environment Agency (downloaded in 2021)",NA,2022,NA
"European Region","DEU","Germany","Klotze",2017,NA,13.09,6.35,NA,NA,97.80821918,"European Environment Agency (downloaded in 2021)",NA,2022,NA
"European Region","DEU","Germany","Klotze",2018,NA,14.04,6.61,NA,NA,96.44977169,"European Environment Agency (downloaded in 2021)",NA,2022,NA
"European Region","DEU","Germany","Klotze",2019,NA,12.32,6.17,NA,NA,99.14383562,"European Environment Agency (downloaded in 2021)",NA,2022,NA
"European Region","DEU","Germany","Koblenz",2017,11.61,18.83,41.05,NA,NA,92.19178082,"European Environment Agency (downloaded in 2021)",NA,2022,NA
"European Region","DEU","Germany","Koblenz",2018,11.76,19.25,33.14,NA,NA,97.05479452,"European Environment Agency (downloaded in 2021)",NA,2022,NA
"European Region","DEU","Germany","Koblenz",2019,10.93,17.63,30.4,NA,NA,99.25799087,"European Environment Agency (downloaded in 2021)",NA,2022,NA
"European Region","DEU","Germany","Koln",2017,14.77,20.22,39.39,NA,NA,95.78767123,"European Environment Agency (downloaded in 2021)",NA,2022,NA
"European Region","DEU","Germany","Koln",2018,13.55,21.01,38.51,NA,NA,95.79052512,"European Environment Agency (downloaded in 2021)",NA,2022,NA
"European Region","DEU","Germany","Koln",2019,12.71,17.97,32.56,NA,NA,95.09988585,"European Environment Agency (downloaded in 2021)",NA,2022,NA
"European Region","DEU","Germany","Konstanz",2017,10.61,14.94,21.07,NA,NA,97.2716895,"European Environment Agency (downloaded in 2021)",NA,2022,NA
"European Region","DEU","Germany","Konstanz",2018,11.11,16.59,19.65,NA,NA,97.75114155,"European Environment Agency (downloaded in 2021)",NA,2022,NA
"European Region","DEU","Germany","Konstanz",2019,9.64,14.66,19.04,NA,NA,98.09360731,"European Environment Agency (downloaded in 2021)",NA,2022,NA
"European Region","DEU","Germany","Krefeld",2017,13.97,17.1,35.36,NA,NA,92.64079148,"European Environment Agency (downloaded in 2021)",NA,2022,NA
"European Region","DEU","Germany","Krefeld",2018,16.7,18.65,35.58,NA,NA,98.69482496,"European Environment Agency (downloaded in 2021)",NA,2022,NA
"European Region","DEU","Germany","Krefeld",2019,13.63,17.8,31.08,NA,NA,98.63013699,"European Environment Agency (downloaded in 2021)",NA,2022,NA
"European Region","DEU","Germany","Kulmbach",2017,NA,16.36,20.77,NA,NA,99.6347032,"European Environment Agency (downloaded in 2021)",NA,2022,NA
"European Region","DEU","Germany","Kulmbach",2018,NA,16.43,20.1,NA,NA,99.8630137,"European Environment Agency (downloaded in 2021)",NA,2022,NA
"European Region","DEU","Germany","Kulmbach",2019,NA,14.73,19.03,NA,NA,99.74885845,"European Environment Agency (downloaded in 2021)",NA,2022,NA
"European Region","DEU","Germany","Landshut",2017,NA,18.88,27.75,NA,NA,99.79452055,"European Environment Agency (downloaded in 2021)",NA,2022,NA
"European Region","DEU","Germany","Landshut",2018,NA,18.66,24.5,NA,NA,99.65753425,"European Environment Agency (downloaded in 2021)",NA,2022,NA
"European Region","DEU","Germany","Landshut",2019,NA,15.67,24.34,NA,NA,99.84018265,"European Environment Agency (downloaded in 2021)",NA,2022,NA
"European Region","DEU","Germany","Lauenburg/Elbe",2018,11.87,17.77,10.61,NA,NA,99.76027397,"European Environment Agency (downloaded in 2021)",NA,2022,NA
"European Region","DEU","Germany","Lauenburg/Elbe",2019,9.92,15.14,10.03,NA,NA,99.74885845,"European Environment Agency (downloaded in 2021)",NA,2022,NA
"European Region","DEU","Germany","Leipzig",2017,12.81,20.4,30.82,NA,NA,99.38356164,"European Environment Agency (downloaded in 2021)",NA,2022,NA
"European Region","DEU","Germany","Leipzig",2018,13.69,22.8,32.15,NA,NA,99.21993911,"European Environment Agency (downloaded in 2021)",NA,2022,NA
"European Region","DEU","Germany","Leipzig",2019,10.56,18.15,27.38,NA,NA,99.4520548,"European Environment Agency (downloaded in 2021)",NA,2022,NA
"European Region","DEU","Germany","Leizen",2017,11.01,14.92,6.52,NA,NA,98.99543379,"European Environment Agency (downloaded in 2021)",NA,2022,NA
"European Region","DEU","Germany","Leizen",2018,11.63,16.62,6.68,NA,NA,98.77853881,"European Environment Agency (downloaded in 2021)",NA,2022,NA
"European Region","DEU","Germany","Leizen",2019,9.2,15.41,6.05,NA,NA,98.56164384,"European Environment Agency (downloaded in 2021)",NA,2022,NA
"European Region","DEU","Germany","Leuna",2017,NA,15.9,12.65,NA,NA,99.06392694,"European Environment Agency (downloaded in 2021)",NA,2022,NA
"European Region","DEU","Germany","Leuna",2018,NA,18.04,13.56,NA,NA,95.89041096,"European Environment Agency (downloaded in 2021)",NA,2022,NA
"European Region","DEU","Germany","Leuna",2019,NA,14.98,11.76,NA,NA,99.31506849,"European Environment Agency (downloaded in 2021)",NA,2022,NA
"European Region","DEU","Germany","Leverkusen",2017,NA,17.87,36.25,NA,NA,95.55365297,"European Environment Agency (downloaded in 2021)",NA,2022,NA
"European Region","DEU","Germany","Leverkusen",2018,14.91,15.63,33.93,NA,NA,96.59817352,"European Environment Agency (downloaded in 2021)",NA,2022,NA
"European Region","DEU","Germany","Leverkusen",2019,11.59,13.28,30.35,NA,NA,95.30251142,"European Environment Agency (downloaded in 2021)",NA,2022,NA
"European Region","DEU","Germany","Limburg An Der Lahn",2017,NA,20.1,42.22,NA,NA,91.54870624,"European Environment Agency (downloaded in 2021)",NA,2022,NA
"European Region","DEU","Germany","Limburg An Der Lahn",2018,NA,20.85,42.05,NA,NA,97.83295282,"European Environment Agency (downloaded in 2021)",NA,2022,NA
"European Region","DEU","Germany","Limburg An Der Lahn",2019,NA,18.38,38.99,NA,NA,99.8934551,"European Environment Agency (downloaded in 2021)",NA,2022,NA
"European Region","DEU","Germany","Lindau (Bodensee)",2017,11.24,15.29,24.27,NA,NA,99.8173516,"European Environment Agency (downloaded in 2021)",NA,2022,NA
"European Region","DEU","Germany","Lindau (Bodensee)",2018,12.4,16.02,21.69,NA,NA,99.76027397,"European Environment Agency (downloaded in 2021)",NA,2022,NA
"European Region","DEU","Germany","Lindau (Bodensee)",2019,10.3,14.2,21.68,NA,NA,99.8173516,"European Environment Agency (downloaded in 2021)",NA,2022,NA
"European Region","DEU","Germany","Lingen (Ems)",2017,11.91,16.6,14.66,NA,NA,95.94748858,"European Environment Agency (downloaded in 2021)",NA,2022,NA
"European Region","DEU","Germany","Lingen (Ems)",2018,13.22,17.78,15.03,NA,NA,95.94748858,"European Environment Agency (downloaded in 2021)",NA,2022,NA
"European Region","DEU","Germany","Lingen (Ems)",2019,10.65,14.85,14.48,NA,NA,91.38127854,"European Environment Agency (downloaded in 2021)",NA,2022,NA
"European Region","DEU","Germany","Lubeck",2017,10.65,16.19,24.18,NA,NA,99.74885845,"European Environment Agency (downloaded in 2021)",NA,2022,NA
"European Region","DEU","Germany","Lubeck",2018,10.94,17,23.82,NA,NA,98.68721461,"European Environment Agency (downloaded in 2021)",NA,2022,NA
"European Region","DEU","Germany","Lubeck",2019,9.97,17.28,22.77,NA,NA,93.54642313,"European Environment Agency (downloaded in 2021)",NA,2022,NA
"European Region","DEU","Germany","Luchow",2017,11.18,14.09,9.88,NA,NA,95.98173516,"European Environment Agency (downloaded in 2021)",NA,2022,NA
"European Region","DEU","Germany","Luchow",2018,11.34,15.07,11.99,NA,NA,95.82191781,"European Environment Agency (downloaded in 2021)",NA,2022,NA
"European Region","DEU","Germany","Luchow",2019,9.58,13.17,10.17,NA,NA,95.75342466,"European Environment Agency (downloaded in 2021)",NA,2022,NA
"European Region","DEU","Germany","Luder",2017,9.14,12.54,6.64,NA,NA,94.80593607,"European Environment Agency (downloaded in 2021)",NA,2022,NA
"European Region","DEU","Germany","Luder",2018,10.45,14.54,6.52,NA,NA,92.79680365,"European Environment Agency (downloaded in 2021)",NA,2022,NA
"European Region","DEU","Germany","Luder",2019,8.59,12.98,6.64,NA,NA,93.02511416,"European Environment Agency (downloaded in 2021)",NA,2022,NA
"European Region","DEU","Germany","Ludwigsburg",2017,NA,19.3,37.83,NA,NA,97.95662101,"European Environment Agency (downloaded in 2021)",NA,2022,NA
"European Region","DEU","Germany","Ludwigsburg",2018,NA,19.51,37.94,NA,NA,97.72260274,"European Environment Agency (downloaded in 2021)",NA,2022,NA
"European Region","DEU","Germany","Ludwigsburg",2019,NA,17.33,33.99,NA,NA,98.00228311,"European Environment Agency (downloaded in 2021)",NA,2022,NA
"European Region","DEU","Germany","Ludwigshafen Am Rhein",2017,13.19,21.93,33.07,NA,NA,97.1803653,"European Environment Agency (downloaded in 2021)",NA,2022,NA
"European Region","DEU","Germany","Ludwigshafen Am Rhein",2018,13.1,22.27,31.15,NA,NA,99.33409437,"European Environment Agency (downloaded in 2021)",NA,2022,NA
"European Region","DEU","Germany","Ludwigshafen Am Rhein",2019,11.71,19.73,31.63,NA,NA,98.88812785,"European Environment Agency (downloaded in 2021)",NA,2022,NA
"European Region","DEU","Germany","Luneburg",2017,NA,14.19,16.31,NA,NA,95.55936073,"European Environment Agency (downloaded in 2021)",NA,2022,NA
"European Region","DEU","Germany","Luneburg",2018,NA,16.34,15.58,NA,NA,96.02739726,"European Environment Agency (downloaded in 2021)",NA,2022,NA
"European Region","DEU","Germany","Luneburg",2019,NA,14.63,14.55,NA,NA,95.50228311,"European Environment Agency (downloaded in 2021)",NA,2022,NA
"European Region","DEU","Germany","Lunen",2017,NA,13.8,23.29,NA,NA,95.2283105,"European Environment Agency (downloaded in 2021)",NA,2022,NA
"European Region","DEU","Germany","Lunen",2018,NA,22.59,21.68,NA,NA,95.57077626,"European Environment Agency (downloaded in 2021)",NA,2022,NA
"European Region","DEU","Germany","Lunen",2019,NA,19.2,19.86,NA,NA,95.33105023,"European Environment Agency (downloaded in 2021)",NA,2022,NA
"European Region","DEU","Germany","Lutherstadt Wittenberg",2017,NA,19.07,20.13,NA,NA,99.34931507,"European Environment Agency (downloaded in 2021)",NA,2022,NA
"European Region","DEU","Germany","Lutherstadt Wittenberg",2018,NA,20.89,18.61,NA,NA,98.3390411,"European Environment Agency (downloaded in 2021)",NA,2022,NA
"European Region","DEU","Germany","Lutherstadt Wittenberg",2019,NA,17.74,17.27,NA,NA,97.83675799,"European Environment Agency (downloaded in 2021)",NA,2022,NA
"European Region","DEU","Germany","Magdeburg",2017,13.62,20.24,26.47,NA,NA,99.27321157,"European Environment Agency (downloaded in 2021)",NA,2022,NA
"European Region","DEU","Germany","Magdeburg",2018,13.79,22.31,24.66,NA,NA,99.41019787,"European Environment Agency (downloaded in 2021)",NA,2022,NA
"European Region","DEU","Germany","Magdeburg",2019,10.64,18.94,22.84,NA,NA,99.24277017,"European Environment Agency (downloaded in 2021)",NA,2022,NA
"European Region","DEU","Germany","Mainz",2017,12.58,20.1,38.08,NA,NA,97.46347032,"European Environment Agency (downloaded in 2021)",NA,2022,NA
"European Region","DEU","Germany","Mainz",2018,12.48,20.74,35.83,NA,NA,99.35216895,"European Environment Agency (downloaded in 2021)",NA,2022,NA
"European Region","DEU","Germany","Mainz",2019,11.36,18.58,33.44,NA,NA,96.59246576,"European Environment Agency (downloaded in 2021)",NA,2022,NA
"European Region","DEU","Germany","Mannheim",2017,12.98,19.24,35.38,NA,NA,97.23173516,"European Environment Agency (downloaded in 2021)",NA,2022,NA
"European Region","DEU","Germany","Mannheim",2018,12.6,19.47,35.53,NA,NA,97.74543379,"European Environment Agency (downloaded in 2021)",NA,2022,NA
"European Region","DEU","Germany","Mannheim",2019,11.56,17.39,34.25,NA,NA,98.30289193,"European Environment Agency (downloaded in 2021)",NA,2022,NA
"European Region","DEU","Germany","Marburg",2017,13.32,18.43,28.78,NA,NA,99.09817352,"European Environment Agency (downloaded in 2021)",NA,2022,NA
"European Region","DEU","Germany","Marburg",2018,13.61,18.9,26.9,NA,NA,99.82876713,"European Environment Agency (downloaded in 2021)",NA,2022,NA
"European Region","DEU","Germany","Marburg",2019,10.19,15.65,28.56,NA,NA,99.73363775,"European Environment Agency (downloaded in 2021)",NA,2022,NA
"European Region","DEU","Germany","Markgroningen",2017,NA,27.23,38.67,NA,96.16438356,96.16438356,"European Environment Agency (downloaded in 2021)",NA,2022,NA
"European Region","DEU","Germany","Markgroningen",2018,NA,25.44,35.44,NA,100,100,"European Environment Agency (downloaded in 2021)",NA,2022,NA
"European Region","DEU","Germany","Markgroningen",2019,NA,23.9,32.78,NA,100,100,"European Environment Agency (downloaded in 2021)",NA,2022,NA
"European Region","DEU","Germany","Meiningen",2017,NA,10.88,9,NA,NA,98.60730594,"European Environment Agency (downloaded in 2021)",NA,2022,NA
"European Region","DEU","Germany","Meiningen",2018,NA,12.41,7.77,NA,NA,98.47031963,"European Environment Agency (downloaded in 2021)",NA,2022,NA
"European Region","DEU","Germany","Meiningen",2019,NA,10.96,7.06,NA,NA,99.57762557,"European Environment Agency (downloaded in 2021)",NA,2022,NA
"European Region","DEU","Germany","Merzalben",2017,6.28,9.44,5,NA,NA,97.24885845,"European Environment Agency (downloaded in 2021)",NA,2022,NA
"European Region","DEU","Germany","Merzalben",2018,6.97,10.13,5.25,NA,NA,96.64383562,"European Environment Agency (downloaded in 2021)",NA,2022,NA
"European Region","DEU","Germany","Merzalben",2019,4.95,8.07,4.84,NA,NA,97.6826484,"European Environment Agency (downloaded in 2021)",NA,2022,NA
"European Region","DEU","Germany","Michelstadt",2017,NA,16.03,16.21,NA,NA,99.48630137,"European Environment Agency (downloaded in 2021)",NA,2022,NA
"European Region","DEU","Germany","Michelstadt",2018,NA,17.01,17.08,NA,NA,97.8196347,"European Environment Agency (downloaded in 2021)",NA,2022,NA
"European Region","DEU","Germany","Michelstadt",2019,NA,14.72,15.72,NA,NA,99.05251142,"European Environment Agency (downloaded in 2021)",NA,2022,NA
"European Region","DEU","Germany","Monchengladbach",2017,13.72,19.21,26.47,NA,NA,96.09589041,"European Environment Agency (downloaded in 2021)",NA,2022,NA
"European Region","DEU","Germany","Monchengladbach",2018,12.18,20.11,26.8,NA,NA,96.0216895,"European Environment Agency (downloaded in 2021)",NA,2022,NA
"European Region","DEU","Germany","Monchengladbach",2019,10.67,18.89,24.23,NA,NA,94.98858448,"European Environment Agency (downloaded in 2021)",NA,2022,NA
"European Region","DEU","Germany","Muhlhausen/Thuringen",2017,NA,18.36,26.13,NA,NA,97.00152207,"European Environment Agency (downloaded in 2021)",NA,2022,NA
"European Region","DEU","Germany","Muhlhausen/Thuringen",2018,NA,20.22,26.58,NA,NA,98.43226789,"European Environment Agency (downloaded in 2021)",NA,2022,NA
"European Region","DEU","Germany","Muhlhausen/Thuringen",2019,10.79,17.26,23.38,NA,NA,96.16818874,"European Environment Agency (downloaded in 2021)",NA,2022,NA
"European Region","DEU","Germany","Mulheim An Der Ruhr",2017,12.66,19.5,34.25,NA,NA,86.88736682,"European Environment Agency (downloaded in 2021)",NA,2022,NA
"European Region","DEU","Germany","Mulheim An Der Ruhr",2018,NA,20.18,32.74,NA,NA,98.60730594,"European Environment Agency (downloaded in 2021)",NA,2022,NA
"European Region","DEU","Germany","Mulheim An Der Ruhr",2019,NA,17.08,29.26,NA,NA,98.64916286,"European Environment Agency (downloaded in 2021)",NA,2022,NA
"European Region","DEU","Germany","Munchen",2017,13.92,21.84,41.85,NA,NA,99.87442922,"European Environment Agency (downloaded in 2021)",NA,2022,NA
"European Region","DEU","Germany","Munchen",2018,13.51,20.07,37,NA,NA,99.84018265,"European Environment Agency (downloaded in 2021)",NA,2022,NA
"European Region","DEU","Germany","Munchen",2019,10.72,17.95,34.34,NA,NA,99.83333333,"European Environment Agency (downloaded in 2021)",NA,2022,NA
"European Region","DEU","Germany","Munster",2017,NA,19.34,32.83,NA,NA,86.42408676,"European Environment Agency (downloaded in 2021)",NA,2022,NA
"European Region","DEU","Germany","Munster",2018,NA,22.28,29.78,NA,NA,96.7836758,"European Environment Agency (downloaded in 2021)",NA,2022,NA
"European Region","DEU","Germany","Munster",2019,NA,18.27,27.66,NA,NA,98.71004566,"European Environment Agency (downloaded in 2021)",NA,2022,NA
"European Region","DEU","Germany","Munstertal/Schwarzwald",2017,4.87,7.8,3.44,NA,NA,97.2260274,"European Environment Agency (downloaded in 2021)",NA,2022,NA
"European Region","DEU","Germany","Munstertal/Schwarzwald",2018,5.84,8.9,4.62,NA,NA,97.5913242,"European Environment Agency (downloaded in 2021)",NA,2022,NA
"European Region","DEU","Germany","Munstertal/Schwarzwald",2019,4.59,7.41,3.81,NA,NA,97.56849315,"European Environment Agency (downloaded in 2021)",NA,2022,NA
"European Region","DEU","Germany","Nauen",2017,14.21,17.16,10.61,NA,NA,99.9086758,"European Environment Agency (downloaded in 2021)",NA,2022,NA
"European Region","DEU","Germany","Nauen",2018,14,21.19,11.99,NA,NA,99.8173516,"European Environment Agency (downloaded in 2021)",NA,2022,NA
"European Region","DEU","Germany","Nauen",2019,11.08,17.36,11.52,NA,NA,99.8630137,"European Environment Agency (downloaded in 2021)",NA,2022,NA
"European Region","DEU","Germany","Netphen",2017,NA,10.58,5.58,NA,NA,95.61643836,"European Environment Agency (downloaded in 2021)",NA,2022,NA
"European Region","DEU","Germany","Netphen",2018,NA,11.89,4.88,NA,NA,95.99315068,"European Environment Agency (downloaded in 2021)",NA,2022,NA
"European Region","DEU","Germany","Netphen",2019,NA,9.77,3.41,NA,NA,94.6803653,"European Environment Agency (downloaded in 2021)",NA,2022,NA
"European Region","DEU","Germany","Nettetal",2017,NA,19.03,19.6,NA,NA,95.69634703,"European Environment Agency (downloaded in 2021)",NA,2022,NA
"European Region","DEU","Germany","Nettetal",2018,NA,19.47,20.95,NA,NA,95.95890411,"European Environment Agency (downloaded in 2021)",NA,2022,NA
"European Region","DEU","Germany","Nettetal",2019,NA,17.36,18.74,NA,NA,96.35844749,"European Environment Agency (downloaded in 2021)",NA,2022,NA
"European Region","DEU","Germany","Netzschkau",2017,NA,11.74,8.55,NA,NA,99.71461187,"European Environment Agency (downloaded in 2021)",NA,2022,NA
"European Region","DEU","Germany","Netzschkau",2018,NA,15.76,9.49,NA,NA,98.90410959,"European Environment Agency (downloaded in 2021)",NA,2022,NA
"European Region","DEU","Germany","Netzschkau",2019,NA,11.22,6.94,NA,NA,99.34931507,"European Environment Agency (downloaded in 2021)",NA,2022,NA
"European Region","DEU","Germany","Neu-Ulm",2017,12.54,17.91,29.79,NA,NA,99.93150685,"European Environment Agency (downloaded in 2021)",NA,2022,NA
"European Region","DEU","Germany","Neu-Ulm",2018,13.18,18.22,27.26,NA,NA,99.85159817,"European Environment Agency (downloaded in 2021)",NA,2022,NA
"European Region","DEU","Germany","Neu-Ulm",2019,10.71,16.06,27.4,NA,NA,99.84018265,"European Environment Agency (downloaded in 2021)",NA,2022,NA
"European Region","DEU","Germany","Neubrandenburg",2017,NA,18.77,18.81,NA,NA,98.83561644,"European Environment Agency (downloaded in 2021)",NA,2022,NA
"European Region","DEU","Germany","Neubrandenburg",2018,NA,19.16,21.19,NA,NA,99.34931507,"European Environment Agency (downloaded in 2021)",NA,2022,NA
"European Region","DEU","Germany","Neubrandenburg",2019,12.32,17.69,21.41,NA,NA,92.95091325,"European Environment Agency (downloaded in 2021)",NA,2022,NA
"European Region","DEU","Germany","Neuenburg Am Rhein",2017,NA,15.2,19.22,NA,NA,97.93378995,"European Environment Agency (downloaded in 2021)",NA,2022,NA
"European Region","DEU","Germany","Neuenburg Am Rhein",2018,NA,16.29,20.18,NA,NA,93.59589041,"European Environment Agency (downloaded in 2021)",NA,2022,NA
"European Region","DEU","Germany","Neuenburg Am Rhein",2019,NA,15.07,18.19,NA,NA,98.05936073,"European Environment Agency (downloaded in 2021)",NA,2022,NA
"European Region","DEU","Germany","Neuhaus Am Rennweg",2017,NA,8.21,5.46,NA,NA,99.34931507,"European Environment Agency (downloaded in 2021)",NA,2022,NA
"European Region","DEU","Germany","Neuhaus Am Rennweg",2018,NA,10.54,6.45,NA,NA,99.70319635,"European Environment Agency (downloaded in 2021)",NA,2022,NA
"European Region","DEU","Germany","Neuhaus Am Rennweg",2019,NA,8.59,4.54,NA,NA,99.6803653,"European Environment Agency (downloaded in 2021)",NA,2022,NA
"European Region","DEU","Germany","Neuhausen/Erzgebirge",2017,NA,11.21,7.69,NA,NA,98.49315068,"European Environment Agency (downloaded in 2021)",NA,2022,NA
"European Region","DEU","Germany","Neuhausen/Erzgebirge",2018,NA,13.55,8.45,NA,NA,98.75570776,"European Environment Agency (downloaded in 2021)",NA,2022,NA
"European Region","DEU","Germany","Neuhausen/Erzgebirge",2019,NA,10.39,6.62,NA,NA,99.37214612,"European Environment Agency (downloaded in 2021)",NA,2022,NA
"European Region","DEU","Germany","Neuruppin",2017,NA,16.41,17.5,NA,NA,99.88584475,"European Environment Agency (downloaded in 2021)",NA,2022,NA
"European Region","DEU","Germany","Neuruppin",2018,13.27,17.47,12.97,NA,NA,99.82876712,"European Environment Agency (downloaded in 2021)",NA,2022,NA
"European Region","DEU","Germany","Neuruppin",2019,10.88,16.26,12.83,NA,NA,99.88584475,"European Environment Agency (downloaded in 2021)",NA,2022,NA
"European Region","DEU","Germany","Neuss",2018,NA,21.52,40.51,NA,NA,98.96118722,"European Environment Agency (downloaded in 2021)",NA,2022,NA
"European Region","DEU","Germany","Neuss",2019,NA,19.31,36.12,NA,NA,97.83961187,"European Environment Agency (downloaded in 2021)",NA,2022,NA
"European Region","DEU","Germany","Neuwied",2017,10.58,20.05,24.78,NA,NA,99.6803653,"European Environment Agency (downloaded in 2021)",NA,2022,NA
"European Region","DEU","Germany","Neuwied",2018,11.41,20.61,24.71,NA,NA,99.50342466,"European Environment Agency (downloaded in 2021)",NA,2022,NA
"European Region","DEU","Germany","Neuwied",2019,9.66,18.59,22.97,NA,NA,99.27511416,"European Environment Agency (downloaded in 2021)",NA,2022,NA
"European Region","DEU","Germany","Norderney",2017,NA,15.52,8.46,NA,NA,95.43378995,"European Environment Agency (downloaded in 2021)",NA,2022,NA
"European Region","DEU","Germany","Norderney",2018,NA,16.58,9.49,NA,NA,95.55936073,"European Environment Agency (downloaded in 2021)",NA,2022,NA
"European Region","DEU","Germany","Norderney",2019,NA,16.6,8.39,NA,NA,95.95890411,"European Environment Agency (downloaded in 2021)",NA,2022,NA
"European Region","DEU","Germany","Nordhausen",2017,NA,16.09,16.07,NA,NA,99.28082192,"European Environment Agency (downloaded in 2021)",NA,2022,NA
"European Region","DEU","Germany","Nordhausen",2018,NA,17.15,17.6,NA,NA,99.76027397,"European Environment Agency (downloaded in 2021)",NA,2022,NA
"European Region","DEU","Germany","Nordhausen",2019,NA,14.47,17.09,NA,NA,99.70319635,"European Environment Agency (downloaded in 2021)",NA,2022,NA
"European Region","DEU","Germany","Nurnberg",2017,12.75,23.28,35.18,NA,NA,99.74505327,"European Environment Agency (downloaded in 2021)",NA,2022,NA
"European Region","DEU","Germany","Nurnberg",2018,13.91,26.46,36.02,NA,NA,99.79832572,"European Environment Agency (downloaded in 2021)",NA,2022,NA
"European Region","DEU","Germany","Nurnberg",2019,11.32,21.58,32.25,NA,NA,99.67656012,"European Environment Agency (downloaded in 2021)",NA,2022,NA
"European Region","DEU","Germany","Oberaudorf",2017,12.73,19.05,36.12,NA,NA,99.9086758,"European Environment Agency (downloaded in 2021)",NA,2022,NA
"European Region","DEU","Germany","Oberaudorf",2018,13.66,18.14,30.24,NA,NA,99.82876712,"European Environment Agency (downloaded in 2021)",NA,2022,NA
"European Region","DEU","Germany","Oberaudorf",2019,11.32,15.76,28.42,NA,NA,99.13242009,"European Environment Agency (downloaded in 2021)",NA,2022,NA
"European Region","DEU","Germany","Oberbodnitz",2017,NA,11.33,5.7,NA,NA,97.06621005,"European Environment Agency (downloaded in 2021)",NA,2022,NA
"European Region","DEU","Germany","Oberbodnitz",2018,10.01,13.09,6.8,NA,NA,98.29908676,"European Environment Agency (downloaded in 2021)",NA,2022,NA
"European Region","DEU","Germany","Oberbodnitz",2019,7.08,9.79,4.49,NA,NA,97.62557078,"European Environment Agency (downloaded in 2021)",NA,2022,NA
"European Region","DEU","Germany","Oberhausen",2017,NA,25.95,47.2,NA,NA,90.01712329,"European Environment Agency (downloaded in 2021)",NA,2022,NA
"European Region","DEU","Germany","Oberhausen",2018,NA,25,46.07,NA,NA,98.08789955,"European Environment Agency (downloaded in 2021)",NA,2022,NA
"European Region","DEU","Germany","Oberhausen",2019,NA,21.93,41.96,NA,NA,97.96803653,"European Environment Agency (downloaded in 2021)",NA,2022,NA
"European Region","DEU","Germany","Oberried",2017,5.25,7.36,2.07,NA,NA,92.37442922,"European Environment Agency (downloaded in 2021)",NA,2022,NA
"European Region","DEU","Germany","Oberried",2018,7.94,9.4,2.15,NA,NA,95.81050228,"European Environment Agency (downloaded in 2021)",NA,2022,NA
"European Region","DEU","Germany","Oberried",2019,5.19,7.39,1.75,NA,NA,94.47488584,"European Environment Agency (downloaded in 2021)",NA,2022,NA
"European Region","DEU","Germany","Offenbach Am Main",2017,NA,21.82,43.8,NA,NA,93.9783105,"European Environment Agency (downloaded in 2021)",NA,2022,NA
"European Region","DEU","Germany","Offenbach Am Main",2018,NA,22.62,42.65,NA,NA,99.375,"European Environment Agency (downloaded in 2021)",NA,2022,NA
"European Region","DEU","Germany","Offenbach Am Main",2019,NA,21.8,40.82,NA,NA,98.06792237,"European Environment Agency (downloaded in 2021)",NA,2022,NA
"European Region","DEU","Germany","Oldenburg",2017,14.6,21.13,48.77,NA,NA,94.50913242,"European Environment Agency (downloaded in 2021)",NA,2022,NA
"European Region","DEU","Germany","Oldenburg",2018,13.76,21.6,47.56,NA,NA,95.77625571,"European Environment Agency (downloaded in 2021)",NA,2022,NA
"European Region","DEU","Germany","Oldenburg",2019,11.28,18.45,38.95,NA,NA,95.26255708,"European Environment Agency (downloaded in 2021)",NA,2022,NA
"European Region","DEU","Germany","Osnabruck",2017,13.25,20.83,31.18,NA,NA,94.84018265,"European Environment Agency (downloaded in 2021)",NA,2022,NA
"European Region","DEU","Germany","Osnabruck",2018,13.35,20.8,29.59,NA,NA,95.08561644,"European Environment Agency (downloaded in 2021)",NA,2022,NA
"European Region","DEU","Germany","Osnabruck",2019,10.34,18.35,27.35,NA,NA,95.59360731,"European Environment Agency (downloaded in 2021)",NA,2022,NA
"European Region","DEU","Germany","Passau",2017,15.11,19.5,32.88,NA,NA,99.94292237,"European Environment Agency (downloaded in 2021)",NA,2022,NA
"European Region","DEU","Germany","Passau",2018,14.92,20.01,30.29,NA,NA,99.89726027,"European Environment Agency (downloaded in 2021)",NA,2022,NA
"European Region","DEU","Germany","Passau",2019,12.42,18.1,29.2,NA,NA,99.82876712,"European Environment Agency (downloaded in 2021)",NA,2022,NA
"European Region","DEU","Germany","Pfinztal",2017,13.07,18.43,36.15,NA,NA,97.956621,"European Environment Agency (downloaded in 2021)",NA,2022,NA
"European Region","DEU","Germany","Pfinztal",2018,13.14,18.44,35.01,NA,NA,97.956621,"European Environment Agency (downloaded in 2021)",NA,2022,NA
"European Region","DEU","Germany","Pfinztal",2019,11.82,17.28,33.8,NA,NA,97.99086758,"European Environment Agency (downloaded in 2021)",NA,2022,NA
"European Region","DEU","Germany","Pforzheim",2017,10.35,16.5,30.53,NA,NA,94.97716895,"European Environment Agency (downloaded in 2021)",NA,2022,NA
"European Region","DEU","Germany","Pforzheim",2018,10.92,16.99,30.69,NA,NA,98.96118722,"European Environment Agency (downloaded in 2021)",NA,2022,NA
"European Region","DEU","Germany","Pforzheim",2019,9.18,14.47,28.12,NA,NA,98.94977169,"European Environment Agency (downloaded in 2021)",NA,2022,NA
"European Region","DEU","Germany","Pirmasens",2017,NA,15.62,15.77,NA,NA,99.543379,"European Environment Agency (downloaded in 2021)",NA,2022,NA
"European Region","DEU","Germany","Pirmasens",2018,NA,15.37,15.64,NA,NA,99.46347032,"European Environment Agency (downloaded in 2021)",NA,2022,NA
"European Region","DEU","Germany","Pirmasens",2019,NA,14.4,14.41,NA,NA,98.92694064,"European Environment Agency (downloaded in 2021)",NA,2022,NA
"European Region","DEU","Germany","Plauen",2017,NA,16.84,21.53,NA,NA,99.25799087,"European Environment Agency (downloaded in 2021)",NA,2022,NA
"European Region","DEU","Germany","Plauen",2018,NA,18.6,23.52,NA,NA,99.62328767,"European Environment Agency (downloaded in 2021)",NA,2022,NA
"European Region","DEU","Germany","Plauen",2019,NA,14.31,20.59,NA,NA,99.23515982,"European Environment Agency (downloaded in 2021)",NA,2022,NA
"European Region","DEU","Germany","Potsdam",2017,14.16,19.59,24.1,NA,NA,99.7260274,"European Environment Agency (downloaded in 2021)",NA,2022,NA
"European Region","DEU","Germany","Potsdam",2018,13.96,19.39,24.76,NA,NA,99.87157534,"European Environment Agency (downloaded in 2021)",NA,2022,NA
"European Region","DEU","Germany","Potsdam",2019,11.2,17.52,21.54,NA,NA,99.77739726,"European Environment Agency (downloaded in 2021)",NA,2022,NA
"European Region","DEU","Germany","Quitzdorf Am See",2017,NA,14.83,8.34,NA,NA,97.8196347,"European Environment Agency (downloaded in 2021)",NA,2022,NA
"European Region","DEU","Germany","Quitzdorf Am See",2018,NA,17.51,9.07,NA,NA,97.93378995,"European Environment Agency (downloaded in 2021)",NA,2022,NA
"European Region","DEU","Germany","Quitzdorf Am See",2019,NA,14.16,7.97,NA,NA,98.60730594,"European Environment Agency (downloaded in 2021)",NA,2022,NA
"European Region","DEU","Germany","Radebeul",2017,NA,15.67,12.43,NA,NA,99.5890411,"European Environment Agency (downloaded in 2021)",NA,2022,NA
"European Region","DEU","Germany","Radebeul",2018,NA,17.53,13.54,NA,NA,98.65296804,"European Environment Agency (downloaded in 2021)",NA,2022,NA
"European Region","DEU","Germany","Radebeul",2019,NA,13.85,11.12,NA,NA,98.37899543,"European Environment Agency (downloaded in 2021)",NA,2022,NA
"European Region","DEU","Germany","Ratingen",2017,NA,16.73,26.37,NA,NA,96.03881279,"European Environment Agency (downloaded in 2021)",NA,2022,NA
"European Region","DEU","Germany","Ratingen",2018,NA,17.36,24.31,NA,NA,95.29680365,"European Environment Agency (downloaded in 2021)",NA,2022,NA
"European Region","DEU","Germany","Ratingen",2019,NA,13.74,23.41,NA,NA,96.21004566,"European Environment Agency (downloaded in 2021)",NA,2022,NA
"European Region","DEU","Germany","Raunheim",2017,NA,17.09,28.3,NA,NA,99.32648402,"European Environment Agency (downloaded in 2021)",NA,2022,NA
"European Region","DEU","Germany","Raunheim",2018,12.57,17.76,28.49,NA,NA,99.66894977,"European Environment Agency (downloaded in 2021)",NA,2022,NA
"European Region","DEU","Germany","Raunheim",2019,10.77,15.33,27.08,NA,NA,99.50913242,"European Environment Agency (downloaded in 2021)",NA,2022,NA
"European Region","DEU","Germany","Recklinghausen",2017,NA,17.55,30.61,NA,NA,93.62442923,"European Environment Agency (downloaded in 2021)",NA,2022,NA
"European Region","DEU","Germany","Regensburg",2017,NA,18.74,41.49,NA,NA,99.76027397,"European Environment Agency (downloaded in 2021)",NA,2022,NA
"European Region","DEU","Germany","Regensburg",2018,NA,19.97,36.98,NA,NA,99.87442922,"European Environment Agency (downloaded in 2021)",NA,2022,NA
"European Region","DEU","Germany","Regensburg",2019,NA,19.63,35.26,NA,NA,99.7716895,"European Environment Agency (downloaded in 2021)",NA,2022,NA
"European Region","DEU","Germany","Rehlingen-Siersburg",2017,NA,11.17,9.23,NA,NA,99.9086758,"European Environment Agency (downloaded in 2021)",NA,2022,NA
"European Region","DEU","Germany","Rehlingen-Siersburg",2018,NA,12.72,8.83,NA,NA,99.40639269,"European Environment Agency (downloaded in 2021)",NA,2022,NA
"European Region","DEU","Germany","Rehlingen-Siersburg",2019,NA,12.15,7.86,NA,NA,99.93150685,"European Environment Agency (downloaded in 2021)",NA,2022,NA
"European Region","DEU","Germany","Reutlingen",2017,14.55,19.97,42.16,NA,NA,98.00799087,"European Environment Agency (downloaded in 2021)",NA,2022,NA
"European Region","DEU","Germany","Reutlingen",2018,12.88,18.94,38.72,NA,NA,97.89383562,"European Environment Agency (downloaded in 2021)",NA,2022,NA
"European Region","DEU","Germany","Reutlingen",2019,11.21,16.21,34.63,NA,NA,96.9977169,"European Environment Agency (downloaded in 2021)",NA,2022,NA
"European Region","DEU","Germany","Riedstadt",2017,NA,16.82,16.68,NA,NA,99.50913242,"European Environment Agency (downloaded in 2021)",NA,2022,NA
"European Region","DEU","Germany","Riedstadt",2018,NA,17.5,17.07,NA,NA,99.84018265,"European Environment Agency (downloaded in 2021)",NA,2022,NA
"European Region","DEU","Germany","Riedstadt",2019,NA,14.96,16.33,NA,NA,98.89269406,"European Environment Agency (downloaded in 2021)",NA,2022,NA
"European Region","DEU","Germany","Rinteln",2017,9.8,15.56,13.94,NA,NA,95.95890411,"European Environment Agency (downloaded in 2021)",NA,2022,NA
"European Region","DEU","Germany","Rinteln",2018,11.37,15.98,14.36,NA,NA,95.87899543,"European Environment Agency (downloaded in 2021)",NA,2022,NA
"European Region","DEU","Germany","Rinteln",2019,9.12,13.08,11.81,NA,NA,95.2739726,"European Environment Agency (downloaded in 2021)",NA,2022,NA
"European Region","DEU","Germany","Rostock",2017,12.5,19.81,22.8,NA,NA,96.66095891,"European Environment Agency (downloaded in 2021)",NA,2022,NA
"European Region","DEU","Germany","Rostock",2018,12.92,21.71,24.21,NA,NA,96.64098174,"European Environment Agency (downloaded in 2021)",NA,2022,NA
"European Region","DEU","Germany","Rostock",2019,11.3,19.38,22.12,NA,NA,96.27853881,"European Environment Agency (downloaded in 2021)",NA,2022,NA
"European Region","DEU","Germany","Rothenklempenow",2017,12.38,17.11,6.57,NA,NA,97.8652968,"European Environment Agency (downloaded in 2021)",NA,2022,NA
"European Region","DEU","Germany","Rothenklempenow",2018,12.92,19.21,7.85,NA,NA,98.64155251,"European Environment Agency (downloaded in 2021)",NA,2022,NA
"European Region","DEU","Germany","Rothenklempenow",2019,10.6,16.78,5.54,NA,NA,98.96118721,"European Environment Agency (downloaded in 2021)",NA,2022,NA
"European Region","DEU","Germany","Rovershagen",2017,NA,14.73,10.56,NA,NA,97.83105023,"European Environment Agency (downloaded in 2021)",NA,2022,NA
"European Region","DEU","Germany","Rovershagen",2018,NA,19.14,9.86,NA,NA,96.72374429,"European Environment Agency (downloaded in 2021)",NA,2022,NA
"European Region","DEU","Germany","Rovershagen",2019,11.24,15.84,8.74,NA,NA,97.88812785,"European Environment Agency (downloaded in 2021)",NA,2022,NA
"European Region","DEU","Germany","Rudersdorf Bei Berlin",2017,16.74,22.78,18.8,NA,NA,99.8630137,"European Environment Agency (downloaded in 2021)",NA,2022,NA
"European Region","DEU","Germany","Rudersdorf Bei Berlin",2018,15.3,21.74,18.06,NA,NA,99.8173516,"European Environment Agency (downloaded in 2021)",NA,2022,NA
"European Region","DEU","Germany","Saalfeld/Saale",2017,NA,15.17,13.82,NA,NA,99.71461187,"European Environment Agency (downloaded in 2021)",NA,2022,NA
"European Region","DEU","Germany","Saalfeld/Saale",2018,NA,17.71,13.68,NA,NA,99.74885845,"European Environment Agency (downloaded in 2021)",NA,2022,NA
"European Region","DEU","Germany","Saalfeld/Saale",2019,NA,14.57,11.83,NA,NA,99.74885845,"European Environment Agency (downloaded in 2021)",NA,2022,NA
"European Region","DEU","Germany","Saarbrucken",2017,11.56,17.12,25.33,NA,NA,99.88584475,"European Environment Agency (downloaded in 2021)",NA,2022,NA
"European Region","DEU","Germany","Saarbrucken",2018,11.9,17.33,26.91,NA,NA,99.74885845,"European Environment Agency (downloaded in 2021)",NA,2022,NA
"European Region","DEU","Germany","Saarbrucken",2019,10.25,16.04,24.21,NA,NA,98.48744292,"European Environment Agency (downloaded in 2021)",NA,2022,NA
"European Region","DEU","Germany","Saarlouis",2017,NA,17.1,20.16,NA,NA,99.56621005,"European Environment Agency (downloaded in 2021)",NA,2022,NA
"European Region","DEU","Germany","Saarlouis",2018,NA,17.57,20.67,NA,NA,99.7260274,"European Environment Agency (downloaded in 2021)",NA,2022,NA
"European Region","DEU","Germany","Saarlouis",2019,NA,16.85,17.98,NA,NA,99.94292237,"European Environment Agency (downloaded in 2021)",NA,2022,NA
"European Region","DEU","Germany","Salzgitter",2017,10.63,15.25,16.13,NA,NA,94.37214612,"European Environment Agency (downloaded in 2021)",NA,2022,NA
"European Region","DEU","Germany","Salzgitter",2018,11.94,15.9,15.86,NA,NA,94.29223744,"European Environment Agency (downloaded in 2021)",NA,2022,NA
"European Region","DEU","Germany","Salzgitter",2019,8.42,13.39,14.15,NA,NA,93.77853881,"European Environment Agency (downloaded in 2021)",NA,2022,NA
"European Region","DEU","Germany","Schmiedefeld Am Rennsteig",2017,6.42,8.63,4.39,NA,NA,94.82876712,"European Environment Agency (downloaded in 2021)",NA,2022,NA
"European Region","DEU","Germany","Schmiedefeld Am Rennsteig",2018,8.01,11.01,4.04,NA,NA,94.36073059,"European Environment Agency (downloaded in 2021)",NA,2022,NA
"European Region","DEU","Germany","Schramberg",2017,11.08,16.25,35.92,NA,NA,97.8196347,"European Environment Agency (downloaded in 2021)",NA,2022,NA
"European Region","DEU","Germany","Schramberg",2018,11.45,16.42,34.15,NA,NA,98.00228311,"European Environment Agency (downloaded in 2021)",NA,2022,NA
"European Region","DEU","Germany","Schramberg",2019,9.66,14.41,31.37,NA,NA,98.00228311,"European Environment Agency (downloaded in 2021)",NA,2022,NA
"European Region","DEU","Germany","Schwabach",2017,NA,17.43,21.75,NA,NA,99.7716895,"European Environment Agency (downloaded in 2021)",NA,2022,NA
"European Region","DEU","Germany","Schwabach",2018,NA,17.88,23.54,NA,NA,97.92237443,"European Environment Agency (downloaded in 2021)",NA,2022,NA
"European Region","DEU","Germany","Schwabach",2019,NA,14.56,20.8,NA,NA,99.82876712,"European Environment Agency (downloaded in 2021)",NA,2022,NA
"European Region","DEU","Germany","Schwabisch Hall",2017,NA,17.28,19.02,NA,NA,96.21004566,"European Environment Agency (downloaded in 2021)",NA,2022,NA
"European Region","DEU","Germany","Schwedt/Oder",2017,13.33,15.61,8.23,NA,NA,99.87442922,"European Environment Agency (downloaded in 2021)",NA,2022,NA
"European Region","DEU","Germany","Schwedt/Oder",2018,14.95,19.13,11,NA,NA,99.47488584,"European Environment Agency (downloaded in 2021)",NA,2022,NA
"European Region","DEU","Germany","Schwedt/Oder",2019,11.38,16.56,9.62,NA,NA,99.9543379,"European Environment Agency (downloaded in 2021)",NA,2022,NA
"European Region","DEU","Germany","Schweinfurt",2017,NA,15.89,23.26,NA,NA,99.8630137,"European Environment Agency (downloaded in 2021)",NA,2022,NA
"European Region","DEU","Germany","Schweinfurt",2018,NA,17.61,21.27,NA,NA,99.87442922,"European Environment Agency (downloaded in 2021)",NA,2022,NA
"European Region","DEU","Germany","Schweinfurt",2019,NA,17.19,20.9,NA,NA,99.78310502,"European Environment Agency (downloaded in 2021)",NA,2022,NA
"European Region","DEU","Germany","Schwerin",2017,12.06,17.54,18.54,NA,NA,99.31506849,"European Environment Agency (downloaded in 2021)",NA,2022,NA
"European Region","DEU","Germany","Schwerin",2018,13.38,20.07,18.56,NA,NA,99.17808219,"European Environment Agency (downloaded in 2021)",NA,2022,NA
"European Region","DEU","Germany","Schwerin",2019,11.63,18.03,16.44,NA,NA,98.89269406,"European Environment Agency (downloaded in 2021)",NA,2022,NA
"European Region","DEU","Germany","Schwerte",2017,12.29,17.8,34.38,NA,NA,94.29223745,"European Environment Agency (downloaded in 2021)",NA,2022,NA
"European Region","DEU","Germany","Schwerte",2018,11.59,17.74,31.2,NA,NA,98.03082192,"European Environment Agency (downloaded in 2021)",NA,2022,NA
"European Region","DEU","Germany","Schwerte",2019,10.84,15.25,27.91,NA,NA,98.00799087,"European Environment Agency (downloaded in 2021)",NA,2022,NA
"European Region","DEU","Germany","Siesbach",2017,NA,9.26,5.22,NA,NA,99.39497717,"European Environment Agency (downloaded in 2021)",NA,2022,NA
"European Region","DEU","Germany","Siesbach",2018,NA,10.37,5.48,NA,NA,99.41780822,"European Environment Agency (downloaded in 2021)",NA,2022,NA
"European Region","DEU","Germany","Siesbach",2019,NA,8.53,4.86,NA,NA,99.543379,"European Environment Agency (downloaded in 2021)",NA,2022,NA
"European Region","DEU","Germany","Simmerath",2017,NA,10.87,5.51,NA,NA,96.00456621,"European Environment Agency (downloaded in 2021)",NA,2022,NA
"European Region","DEU","Germany","Simmerath",2018,NA,12.33,5.97,NA,NA,96.09589041,"European Environment Agency (downloaded in 2021)",NA,2022,NA
"European Region","DEU","Germany","Simmerath",2019,6.71,9.62,4.78,NA,NA,95.39954338,"European Environment Agency (downloaded in 2021)",NA,2022,NA
"European Region","DEU","Germany","Soest",2017,11.62,15.49,12.67,NA,NA,92.02054795,"European Environment Agency (downloaded in 2021)",NA,2022,NA
"European Region","DEU","Germany","Soest",2018,11.42,16,11.18,NA,NA,94.8630137,"European Environment Agency (downloaded in 2021)",NA,2022,NA
"European Region","DEU","Germany","Soest",2019,8.93,12.29,9.38,NA,NA,95.69634703,"European Environment Agency (downloaded in 2021)",NA,2022,NA
"European Region","DEU","Germany","Solingen",2017,NA,19.07,31.42,NA,NA,95.22260274,"European Environment Agency (downloaded in 2021)",NA,2022,NA
"European Region","DEU","Germany","Solingen",2018,NA,19.03,27.28,NA,NA,95.82762557,"European Environment Agency (downloaded in 2021)",NA,2022,NA
"European Region","DEU","Germany","Solingen",2019,NA,16.31,25.93,NA,NA,96.14726028,"European Environment Agency (downloaded in 2021)",NA,2022,NA
"European Region","DEU","Germany","Solling",2017,NA,12.46,8.4,NA,NA,95.3652968,"European Environment Agency (downloaded in 2021)",NA,2022,NA
"European Region","DEU","Germany","Solling",2018,NA,13.07,8.54,NA,NA,95.14840183,"European Environment Agency (downloaded in 2021)",NA,2022,NA
"European Region","DEU","Germany","Solling",2019,NA,11.21,7.08,NA,NA,95.43378995,"European Environment Agency (downloaded in 2021)",NA,2022,NA
"European Region","DEU","Germany","Sondershausen",2017,NA,11.16,5.73,NA,NA,99.65753425,"European Environment Agency (downloaded in 2021)",NA,2022,NA
"European Region","DEU","Germany","Sondershausen",2018,NA,12.79,5.77,NA,NA,99.78310502,"European Environment Agency (downloaded in 2021)",NA,2022,NA
"European Region","DEU","Germany","Sondershausen",2019,NA,10.31,4.84,NA,NA,98.71004566,"European Environment Agency (downloaded in 2021)",NA,2022,NA
"European Region","DEU","Germany","Sonnenbuhl",2017,6.99,10.66,6.54,NA,NA,97.65981735,"European Environment Agency (downloaded in 2021)",NA,2022,NA
"European Region","DEU","Germany","Sonnenbuhl",2018,8.16,11.84,7.19,NA,NA,98.00228311,"European Environment Agency (downloaded in 2021)",NA,2022,NA
"European Region","DEU","Germany","Sonnenbuhl",2019,6.65,9.95,6.32,NA,NA,97.9109589,"European Environment Agency (downloaded in 2021)",NA,2022,NA
"European Region","DEU","Germany","Spremberg",2017,15.64,18.58,9.48,NA,NA,99.07534247,"European Environment Agency (downloaded in 2021)",NA,2022,NA
"European Region","DEU","Germany","Spremberg",2018,15.45,20.39,10.4,NA,NA,99.82876712,"European Environment Agency (downloaded in 2021)",NA,2022,NA
"European Region","DEU","Germany","Spremberg",2019,11.75,17.65,8.59,NA,NA,99.8630137,"European Environment Agency (downloaded in 2021)",NA,2022,NA
"European Region","DEU","Germany","Stechlin",2017,9.42,12.87,4.25,NA,NA,93.73287671,"European Environment Agency (downloaded in 2021)",NA,2022,NA
"European Region","DEU","Germany","Stechlin",2018,11.33,13.87,4.47,NA,NA,92.73972603,"European Environment Agency (downloaded in 2021)",NA,2022,NA
"European Region","DEU","Germany","Stechlin",2019,9.12,12.72,3.89,NA,NA,94.26940639,"European Environment Agency (downloaded in 2021)",NA,2022,NA
"European Region","DEU","Germany","Stendal",2017,NA,15.08,10.46,NA,NA,98.77853881,"European Environment Agency (downloaded in 2021)",NA,2022,NA
"European Region","DEU","Germany","Stendal",2018,NA,15.64,10.97,NA,NA,98.64155251,"European Environment Agency (downloaded in 2021)",NA,2022,NA
"European Region","DEU","Germany","Stendal",2019,NA,13.98,10.26,NA,NA,98.81278539,"European Environment Agency (downloaded in 2021)",NA,2022,NA
"European Region","DEU","Germany","Stralsund",2017,NA,19.01,17.92,NA,NA,95.68493151,"European Environment Agency (downloaded in 2021)",NA,2022,NA
"European Region","DEU","Germany","Stralsund",2018,NA,18.4,18.85,NA,NA,95.68493151,"European Environment Agency (downloaded in 2021)",NA,2022,NA
"European Region","DEU","Germany","Stralsund",2019,11.52,17.88,17.41,NA,NA,94.21232877,"European Environment Agency (downloaded in 2021)",NA,2022,NA
"European Region","DEU","Germany","Stuttgart",2017,13.84,23.79,54.5,NA,NA,97.47716895,"European Environment Agency (downloaded in 2021)",NA,2022,NA
"European Region","DEU","Germany","Stuttgart",2018,12.57,22.8,49.63,NA,NA,98.25570776,"European Environment Agency (downloaded in 2021)",NA,2022,NA
"European Region","DEU","Germany","Stuttgart",2019,11.43,21.09,41.54,NA,NA,97.63013699,"European Environment Agency (downloaded in 2021)",NA,2022,NA
"European Region","DEU","Germany","Suhl",2017,NA,13.89,31.55,NA,NA,99.88013699,"European Environment Agency (downloaded in 2021)",NA,2022,NA
"European Region","DEU","Germany","Suhl",2018,NA,15.08,28.31,NA,NA,95.02283105,"European Environment Agency (downloaded in 2021)",NA,2022,NA
"European Region","DEU","Germany","Suhl",2019,NA,13.4,25.47,NA,NA,95.50799087,"European Environment Agency (downloaded in 2021)",NA,2022,NA
"European Region","DEU","Germany","Sylt",2017,NA,13.89,5.12,NA,NA,75.71917808,"European Environment Agency (downloaded in 2021)",NA,2022,NA
"European Region","DEU","Germany","Sylt",2018,NA,15.58,5.47,NA,NA,88.02511416,"European Environment Agency (downloaded in 2021)",NA,2022,NA
"European Region","DEU","Germany","Sylt",2019,NA,16.09,5.1,NA,NA,98.40182648,"European Environment Agency (downloaded in 2021)",NA,2022,NA
"European Region","DEU","Germany","Tauberbischofsheim",2017,NA,15.18,13.7,NA,NA,97.57990868,"European Environment Agency (downloaded in 2021)",NA,2022,NA
"European Region","DEU","Germany","Tauberbischofsheim",2018,NA,15.62,12.33,NA,NA,97.94520548,"European Environment Agency (downloaded in 2021)",NA,2022,NA
"European Region","DEU","Germany","Tauberbischofsheim",2019,NA,13.19,13.39,NA,NA,97.39726027,"European Environment Agency (downloaded in 2021)",NA,2022,NA
"European Region","DEU","Germany","Tiefenbach",2017,8.04,10.76,6.55,NA,NA,99.8173516,"European Environment Agency (downloaded in 2021)",NA,2022,NA
"European Region","DEU","Germany","Tiefenbach",2018,9.94,12.98,5.74,NA,NA,99.7260274,"European Environment Agency (downloaded in 2021)",NA,2022,NA
"European Region","DEU","Germany","Tiefenbach",2019,7.79,10.2,5.91,NA,NA,99.60045662,"European Environment Agency (downloaded in 2021)",NA,2022,NA
"European Region","DEU","Germany","Titz",2017,NA,20.06,18.5,NA,NA,96.01598174,"European Environment Agency (downloaded in 2021)",NA,2022,NA
"European Region","DEU","Germany","Titz",2018,NA,21.84,18.66,NA,NA,93.17351598,"European Environment Agency (downloaded in 2021)",NA,2022,NA
"European Region","DEU","Germany","Titz",2019,NA,18.4,15.88,NA,NA,91.26712329,"European Environment Agency (downloaded in 2021)",NA,2022,NA
"European Region","DEU","Germany","Trier",2017,12.46,17.59,24.15,NA,NA,99.64041096,"European Environment Agency (downloaded in 2021)",NA,2022,NA
"European Region","DEU","Germany","Trier",2018,12.78,17.87,30.1,NA,NA,99.60806697,"European Environment Agency (downloaded in 2021)",NA,2022,NA
"European Region","DEU","Germany","Trier",2019,11.09,16.35,26.09,NA,NA,99.4216134,"European Environment Agency (downloaded in 2021)",NA,2022,NA
"European Region","DEU","Germany","Trostberg",2017,11.99,15.86,17.62,NA,NA,99.89726027,"European Environment Agency (downloaded in 2021)",NA,2022,NA
"European Region","DEU","Germany","Trostberg",2018,12.76,16.91,16.56,NA,NA,94.74885845,"European Environment Agency (downloaded in 2021)",NA,2022,NA
"European Region","DEU","Germany","Trostberg",2019,10.24,14.66,17.33,NA,NA,99.82876712,"European Environment Agency (downloaded in 2021)",NA,2022,NA
"European Region","DEU","Germany","Tubingen",2017,11.13,18.45,35.76,NA,96.16438356,97.38203957,"European Environment Agency (downloaded in 2021)",NA,2022,NA
"European Region","DEU","Germany","Tubingen",2018,11.11,19.29,33.77,NA,100,98.57686453,"European Environment Agency (downloaded in 2021)",NA,2022,NA
"European Region","DEU","Germany","Tubingen",2019,9.71,18.02,29.23,NA,NA,98.00799087,"European Environment Agency (downloaded in 2021)",NA,2022,NA
"European Region","DEU","Germany","Ulm",2017,11.99,17.46,33.79,NA,NA,93.08219178,"European Environment Agency (downloaded in 2021)",NA,2022,NA
"European Region","DEU","Germany","Ulm",2018,11.93,17.58,35,NA,NA,99.33028919,"European Environment Agency (downloaded in 2021)",NA,2022,NA
"European Region","DEU","Germany","Ulm",2019,10.18,15.32,31.09,NA,NA,98.98972603,"European Environment Agency (downloaded in 2021)",NA,2022,NA
"European Region","DEU","Germany","Villingen-Schwenningen",2017,NA,13.62,13.41,NA,NA,96.80365297,"European Environment Agency (downloaded in 2021)",NA,2022,NA
"European Region","DEU","Germany","Villingen-Schwenningen",2018,NA,14.1,14.32,NA,NA,97.85388128,"European Environment Agency (downloaded in 2021)",NA,2022,NA
"European Region","DEU","Germany","Villingen-Schwenningen",2019,NA,12.61,14.16,NA,NA,97.8652968,"European Environment Agency (downloaded in 2021)",NA,2022,NA
"European Region","DEU","Germany","Volklingen",2017,NA,14.91,18.79,NA,NA,98.12785388,"European Environment Agency (downloaded in 2021)",NA,2022,NA
"European Region","DEU","Germany","Volklingen",2018,NA,16.03,17.94,NA,NA,100,"European Environment Agency (downloaded in 2021)",NA,2022,NA
"European Region","DEU","Germany","Volklingen",2019,NA,14.87,17.65,NA,NA,99.98858447,"European Environment Agency (downloaded in 2021)",NA,2022,NA
"European Region","DEU","Germany","Walsrode",2017,NA,16.84,12.44,NA,NA,95.30821918,"European Environment Agency (downloaded in 2021)",NA,2022,NA
"European Region","DEU","Germany","Walsrode",2018,NA,17.17,12.22,NA,NA,95.50228311,"European Environment Agency (downloaded in 2021)",NA,2022,NA
"European Region","DEU","Germany","Walsrode",2019,NA,14.95,11.2,NA,NA,95.81050228,"European Environment Agency (downloaded in 2021)",NA,2022,NA
"European Region","DEU","Germany","Warstein",2017,11.64,19.71,11.67,NA,NA,95.66210046,"European Environment Agency (downloaded in 2021)",NA,2022,NA
"European Region","DEU","Germany","Warstein",2018,11.66,21.41,10.87,NA,NA,95.20547945,"European Environment Agency (downloaded in 2021)",NA,2022,NA
"European Region","DEU","Germany","Warstein",2019,9.4,17.69,9.01,NA,NA,93.51598174,"European Environment Agency (downloaded in 2021)",NA,2022,NA
"European Region","DEU","Germany","Weil Am Rhein",2017,10.37,14.57,28.89,NA,NA,98.85844749,"European Environment Agency (downloaded in 2021)",NA,2022,NA
"European Region","DEU","Germany","Weil Am Rhein",2018,10.83,13.7,17.57,NA,NA,97.87671233,"European Environment Agency (downloaded in 2021)",NA,2022,NA
"European Region","DEU","Germany","Weil Am Rhein",2019,9.03,12.05,16.77,NA,NA,97.93378995,"European Environment Agency (downloaded in 2021)",NA,2022,NA
"European Region","DEU","Germany","Weimar",2017,12.36,15.46,20.02,NA,NA,99.61187215,"European Environment Agency (downloaded in 2021)",NA,2022,NA
"European Region","DEU","Germany","Weimar",2018,13.6,18.53,20.73,NA,NA,98.92123288,"European Environment Agency (downloaded in 2021)",NA,2022,NA
"European Region","DEU","Germany","Weimar",2019,9.73,14.49,18.39,NA,NA,99.68607306,"European Environment Agency (downloaded in 2021)",NA,2022,NA
"European Region","DEU","Germany","Wermsdorf",2017,9.15,13.06,8.64,NA,NA,99.09817352,"European Environment Agency (downloaded in 2021)",NA,2022,NA
"European Region","DEU","Germany","Wermsdorf",2018,10.77,15.23,8.5,NA,NA,98.32191781,"European Environment Agency (downloaded in 2021)",NA,2022,NA
"European Region","DEU","Germany","Wermsdorf",2019,7.91,11.52,7.75,NA,NA,99.40639269,"European Environment Agency (downloaded in 2021)",NA,2022,NA
"European Region","DEU","Germany","Wernigerode",2017,NA,15.82,8.5,NA,NA,99.40068493,"European Environment Agency (downloaded in 2021)",NA,2022,NA
"European Region","DEU","Germany","Wernigerode",2018,NA,16.92,8.47,NA,NA,99.32077626,"European Environment Agency (downloaded in 2021)",NA,2022,NA
"European Region","DEU","Germany","Wernigerode",2019,NA,13.84,7.75,NA,NA,98.97260274,"European Environment Agency (downloaded in 2021)",NA,2022,NA
"European Region","DEU","Germany","Wesel",2017,14.5,18.21,21.76,NA,NA,95.93607306,"European Environment Agency (downloaded in 2021)",NA,2022,NA
"European Region","DEU","Germany","Wesel",2018,12.97,19.53,20.77,NA,NA,93.41324201,"European Environment Agency (downloaded in 2021)",NA,2022,NA
"European Region","DEU","Germany","Wesel",2019,11.99,15.84,19.22,NA,NA,96.18721461,"European Environment Agency (downloaded in 2021)",NA,2022,NA
"European Region","DEU","Germany","Wetzlar",2017,NA,22.42,24.73,NA,NA,95.78196347,"European Environment Agency (downloaded in 2021)",NA,2022,NA
"European Region","DEU","Germany","Wetzlar",2018,NA,20.31,25.04,NA,NA,99.56621005,"European Environment Agency (downloaded in 2021)",NA,2022,NA
"European Region","DEU","Germany","Wetzlar",2019,NA,18.06,23.72,NA,NA,99.70890411,"European Environment Agency (downloaded in 2021)",NA,2022,NA
"European Region","DEU","Germany","Wiesbaden",2017,11.84,18.5,42.47,NA,NA,99.8630137,"European Environment Agency (downloaded in 2021)",NA,2022,NA
"European Region","DEU","Germany","Wiesbaden",2018,11.93,17.73,40.74,NA,NA,99.21232877,"European Environment Agency (downloaded in 2021)",NA,2022,NA
"European Region","DEU","Germany","Wiesbaden",2019,9.98,15.53,38.25,NA,NA,99.40639269,"European Environment Agency (downloaded in 2021)",NA,2022,NA
"European Region","DEU","Germany","Wiesloch",2017,NA,16.16,17.24,NA,NA,97.956621,"European Environment Agency (downloaded in 2021)",NA,2022,NA
"European Region","DEU","Germany","Wiesloch",2018,NA,15.88,16.15,NA,NA,97.87671233,"European Environment Agency (downloaded in 2021)",NA,2022,NA
"European Region","DEU","Germany","Wiesloch",2019,NA,14.08,17.07,NA,NA,98.01369863,"European Environment Agency (downloaded in 2021)",NA,2022,NA
"European Region","DEU","Germany","Wilhelmshaven",2017,10.02,14.17,10.45,NA,NA,95.26255708,"European Environment Agency (downloaded in 2021)",NA,2022,NA
"European Region","DEU","Germany","Wilhelmshaven",2018,10.8,15.54,12,NA,NA,94.57762557,"European Environment Agency (downloaded in 2021)",NA,2022,NA
"European Region","DEU","Germany","Wilhelmshaven",2019,9.05,14.57,10.59,NA,NA,96.01598174,"European Environment Agency (downloaded in 2021)",NA,2022,NA
"European Region","DEU","Germany","Witten",2017,NA,20.04,43.41,NA,NA,83.56164384,"European Environment Agency (downloaded in 2021)",NA,2022,NA
"European Region","DEU","Germany","Witten",2018,NA,19.8,43.53,NA,NA,100,"European Environment Agency (downloaded in 2021)",NA,2022,NA
"European Region","DEU","Germany","Witten",2019,NA,17.32,38.15,NA,NA,100,"European Environment Agency (downloaded in 2021)",NA,2022,NA
"European Region","DEU","Germany","Wittenberge",2017,13.65,15.42,8.59,NA,NA,99.32648402,"European Environment Agency (downloaded in 2021)",NA,2022,NA
"European Region","DEU","Germany","Wittenberge",2018,12.77,17.04,9.22,NA,NA,99.8630137,"European Environment Agency (downloaded in 2021)",NA,2022,NA
"European Region","DEU","Germany","Wittenberge",2019,10.14,14.43,8.61,NA,NA,99.93150685,"European Environment Agency (downloaded in 2021)",NA,2022,NA
"European Region","DEU","Germany","Wolfsburg",2017,NA,16.24,24.73,NA,NA,95.91324201,"European Environment Agency (downloaded in 2021)",NA,2022,NA
"European Region","DEU","Germany","Wolfsburg",2018,NA,18.29,24.52,NA,NA,95.2910959,"European Environment Agency (downloaded in 2021)",NA,2022,NA
"European Region","DEU","Germany","Wolfsburg",2019,NA,15.15,21.94,NA,NA,95.30821918,"European Environment Agency (downloaded in 2021)",NA,2022,NA
"European Region","DEU","Germany","Worms",2017,13.68,21.66,27.13,NA,NA,98.33333333,"European Environment Agency (downloaded in 2021)",NA,2022,NA
"European Region","DEU","Germany","Worms",2018,13.11,21.87,27.2,NA,NA,99.44063927,"European Environment Agency (downloaded in 2021)",NA,2022,NA
"European Region","DEU","Germany","Worms",2019,11.84,20.21,25.86,NA,NA,99.24657534,"European Environment Agency (downloaded in 2021)",NA,2022,NA
"European Region","DEU","Germany","Worth Am Rhein",2017,NA,17.31,17.98,NA,NA,99.44063927,"European Environment Agency (downloaded in 2021)",NA,2022,NA
"European Region","DEU","Germany","Worth Am Rhein",2018,NA,17.45,17.49,NA,NA,99.00684932,"European Environment Agency (downloaded in 2021)",NA,2022,NA
"European Region","DEU","Germany","Worth Am Rhein",2019,NA,16.1,16.58,NA,NA,99.05251142,"European Environment Agency (downloaded in 2021)",NA,2022,NA
"European Region","DEU","Germany","Wuppertal",2017,12.13,19.68,36.56,NA,NA,96.42123288,"European Environment Agency (downloaded in 2021)",NA,2022,NA
"European Region","DEU","Germany","Wuppertal",2018,12,20.57,33.57,NA,NA,95.1369863,"European Environment Agency (downloaded in 2021)",NA,2022,NA
"European Region","DEU","Germany","Wuppertal",2019,10.78,18.69,31.53,NA,NA,96.03881279,"European Environment Agency (downloaded in 2021)",NA,2022,NA
"European Region","DEU","Germany","Wurzburg",2017,11.51,20.7,31.19,NA,NA,96.06164384,"European Environment Agency (downloaded in 2021)",NA,2022,NA
"European Region","DEU","Germany","Wurzburg",2018,11.9,19.52,33.45,NA,NA,99.84018265,"European Environment Agency (downloaded in 2021)",NA,2022,NA
"European Region","DEU","Germany","Wurzburg",2019,9.44,17.59,30.49,NA,NA,99.85159817,"European Environment Agency (downloaded in 2021)",NA,2022,NA
"European Region","DEU","Germany","Zella-Mehlis",2017,9.52,13.12,14.86,NA,NA,99.69178082,"European Environment Agency (downloaded in 2021)",NA,2022,NA
"European Region","DEU","Germany","Zierenberg",2017,NA,12.01,8.55,NA,NA,99.12100457,"European Environment Agency (downloaded in 2021)",NA,2022,NA
"European Region","DEU","Germany","Zierenberg",2018,NA,12.84,8.99,NA,NA,99.18949772,"European Environment Agency (downloaded in 2021)",NA,2022,NA
"European Region","DEU","Germany","Zierenberg",2019,NA,11.4,7.43,NA,NA,99.64611872,"European Environment Agency (downloaded in 2021)",NA,2022,NA
"European Region","DEU","Germany","Zingst",2017,NA,12.87,5.2,NA,NA,95.3196347,"European Environment Agency (downloaded in 2021)",NA,2022,NA
"European Region","DEU","Germany","Zingst",2018,NA,14.39,4.98,NA,NA,94.71461187,"European Environment Agency (downloaded in 2021)",NA,2022,NA
"European Region","DEU","Germany","Zingst",2019,NA,13.44,4.76,NA,NA,94.96575342,"European Environment Agency (downloaded in 2021)",NA,2022,NA
"European Region","DEU","Germany","Zittau",2017,NA,20.2,12.66,NA,NA,98.94977169,"European Environment Agency (downloaded in 2021)",NA,2022,NA
"European Region","DEU","Germany","Zittau",2018,NA,21.2,13.17,NA,NA,98.43607306,"European Environment Agency (downloaded in 2021)",NA,2022,NA
"European Region","DEU","Germany","Zittau",2019,NA,16.8,11.44,NA,NA,99.7260274,"European Environment Agency (downloaded in 2021)",NA,2022,NA
"European Region","DEU","Germany","Zwickau",2017,NA,17.37,25.22,NA,NA,99.53196347,"European Environment Agency (downloaded in 2021)",NA,2022,NA
"European Region","DEU","Germany","Zwickau",2018,NA,19.84,26.15,NA,NA,99.48630137,"European Environment Agency (downloaded in 2021)",NA,2022,NA
"European Region","DEU","Germany","Zwickau",2019,NA,16.5,21.54,NA,NA,99.57762557,"European Environment Agency (downloaded in 2021)",NA,2022,NA
"European Region","DNK","Denmark","Aarhus",2017,9.43,18.03,19.96,NA,NA,86.78082192,"European Environment Agency (downloaded in 2021)",NA,2022,NA
"European Region","DNK","Denmark","Aarhus",2018,12.7,22.42,18.68,NA,NA,100,"European Environment Agency (downloaded in 2021)",NA,2022,NA
"European Region","DNK","Denmark","Aarhus",2019,10.54,19.44,17.09,NA,NA,94.49200913,"European Environment Agency (downloaded in 2021)",NA,2022,NA
"European Region","DNK","Denmark","Bagenkop",2018,NA,18.5,8.56,NA,NA,100,"European Environment Agency (downloaded in 2021)",NA,2022,NA
"European Region","DNK","Denmark","Bagenkop",2019,NA,17.84,7.15,NA,NA,92.1803653,"European Environment Agency (downloaded in 2021)",NA,2022,NA
"European Region","DNK","Denmark","Copenhagen",2017,11.4,21.93,27.32,NA,NA,92.64840183,"European Environment Agency (downloaded in 2021)",NA,2022,NA
"European Region","DNK","Denmark","Copenhagen",2018,13.2,26.3,27.26,NA,NA,100,"European Environment Agency (downloaded in 2021)",NA,2022,NA
"European Region","DNK","Denmark","Copenhagen",2019,11.32,22.29,22.94,NA,NA,91.84931507,"European Environment Agency (downloaded in 2021)",NA,2022,NA
"European Region","DNK","Denmark","Odense",2017,NA,19.21,14.04,NA,NA,93.04223744,"European Environment Agency (downloaded in 2021)",NA,2022,NA
"European Region","DNK","Denmark","Odense",2018,NA,22.94,13.82,NA,NA,99.78881279,"European Environment Agency (downloaded in 2021)",NA,2022,NA
"European Region","DNK","Denmark","Odense",2019,NA,20.32,12.25,NA,NA,92.39726028,"European Environment Agency (downloaded in 2021)",NA,2022,NA
"European Region","DNK","Denmark","Roskilde",2017,9.1,12.77,6.81,NA,NA,88.61872146,"European Environment Agency (downloaded in 2021)",NA,2022,NA
"European Region","DNK","Denmark","Roskilde",2018,11.96,15.35,7.57,NA,NA,100,"European Environment Agency (downloaded in 2021)",NA,2022,NA
"European Region","DNK","Denmark","Roskilde",2019,10.25,14.36,6.5,NA,NA,93.82420091,"European Environment Agency (downloaded in 2021)",NA,2022,NA
"European Region","ESP","Spain","A Coruna",2017,14.11,26.85,21.54,NA,NA,97.60273973,"European Environment Agency (downloaded in 2021)",NA,2022,NA
"European Region","ESP","Spain","A Coruna",2018,13.87,27.76,20.33,NA,NA,99.00399543,"European Environment Agency (downloaded in 2021)",NA,2022,NA
"European Region","ESP","Spain","A Coruna",2019,13.6,26.91,18.34,NA,NA,97.78538813,"European Environment Agency (downloaded in 2021)",NA,2022,NA
"European Region","ESP","Spain","Aguimes",2017,8.75,34.06,6.19,NA,NA,98.41894977,"European Environment Agency (downloaded in 2021)",NA,2022,NA
"European Region","ESP","Spain","Aguimes",2018,8.9,22.7,5.92,NA,NA,99.58333334,"European Environment Agency (downloaded in 2021)",NA,2022,NA
"European Region","ESP","Spain","Aguimes",2019,9.17,23.29,7.87,NA,NA,99.62899544,"European Environment Agency (downloaded in 2021)",NA,2022,NA
"European Region","ESP","Spain","Aia",2017,NA,13.15,3.51,NA,NA,90.59360731,"European Environment Agency (downloaded in 2021)",NA,2022,NA
"European Region","ESP","Spain","Aia",2018,NA,12.61,3.94,NA,NA,95.44520548,"European Environment Agency (downloaded in 2021)",NA,2022,NA
"European Region","ESP","Spain","Aia",2019,NA,11.35,3.18,NA,NA,98.71004566,"European Environment Agency (downloaded in 2021)",NA,2022,NA
"European Region","ESP","Spain","Alacant",2017,9.3,17.48,18.9,NA,NA,90.83713851,"European Environment Agency (downloaded in 2021)",NA,2022,NA
"European Region","ESP","Spain","Alacant",2018,7.7,14.74,19.79,NA,NA,98.39041096,"European Environment Agency (downloaded in 2021)",NA,2022,NA
"European Region","ESP","Spain","Alacant",2019,9.71,19.75,18.04,NA,NA,98.95738204,"European Environment Agency (downloaded in 2021)",NA,2022,NA
"European Region","ESP","Spain","Alagon",2017,14.11,20.76,18.03,NA,NA,87.55707763,"European Environment Agency (downloaded in 2021)",NA,2022,NA
"European Region","ESP","Spain","Alagon",2018,10.35,16.85,16.93,NA,NA,98.68721461,"European Environment Agency (downloaded in 2021)",NA,2022,NA
"European Region","ESP","Spain","Alagon",2019,11.07,16.68,17.73,NA,NA,98.21917808,"European Environment Agency (downloaded in 2021)",NA,2022,NA
"European Region","ESP","Spain","Albacete",2017,11.23,27.38,14.35,NA,NA,94.30365297,"European Environment Agency (downloaded in 2021)",NA,2022,NA
"European Region","ESP","Spain","Albacete",2018,10.24,24.63,13.54,NA,NA,94.41780822,"European Environment Agency (downloaded in 2021)",NA,2022,NA
"European Region","ESP","Spain","Albacete",2019,8.62,25.48,13.48,NA,NA,97.24885845,"European Environment Agency (downloaded in 2021)",NA,2022,NA
"European Region","ESP","Spain","Albalat Dels Tarongers",2017,4.96,9.52,9.3,NA,NA,98.78995434,"European Environment Agency (downloaded in 2021)",NA,2022,NA
"European Region","ESP","Spain","Albalat Dels Tarongers",2018,4.66,11.38,7.27,NA,NA,83.78995434,"European Environment Agency (downloaded in 2021)",NA,2022,NA
"European Region","ESP","Spain","Albalat Dels Tarongers",2019,4.47,6.09,7.14,NA,NA,99.38356164,"European Environment Agency (downloaded in 2021)",NA,2022,NA
"European Region","ESP","Spain","Alcala De Henares",2017,NA,25.66,37.41,NA,NA,98.67579909,"European Environment Agency (downloaded in 2021)",NA,2022,NA
"European Region","ESP","Spain","Alcala De Henares",2018,NA,18.89,28.31,NA,NA,98.99543379,"European Environment Agency (downloaded in 2021)",NA,2022,NA
"European Region","ESP","Spain","Alcala De Henares",2019,12.48,19.89,28.38,NA,NA,97.69406393,"European Environment Agency (downloaded in 2021)",NA,2022,NA
"European Region","ESP","Spain","Alcantarilla",2017,NA,19.89,23.93,NA,NA,98.63013699,"European Environment Agency (downloaded in 2021)",NA,2022,NA
"European Region","ESP","Spain","Alcantarilla",2018,NA,21.01,21.9,NA,NA,99.09817352,"European Environment Agency (downloaded in 2021)",NA,2022,NA
"European Region","ESP","Spain","Alcantarilla",2019,NA,23.56,20.19,NA,NA,99.56621005,"European Environment Agency (downloaded in 2021)",NA,2022,NA
"European Region","ESP","Spain","Alcoi",2017,NA,15.12,12.68,NA,NA,96.75799087,"European Environment Agency (downloaded in 2021)",NA,2022,NA
"European Region","ESP","Spain","Alcoi",2018,NA,13.59,11.21,NA,NA,95.54794521,"European Environment Agency (downloaded in 2021)",NA,2022,NA
"European Region","ESP","Spain","Alcoi",2019,NA,13.36,8.52,NA,NA,97.2716895,"European Environment Agency (downloaded in 2021)",NA,2022,NA
"European Region","ESP","Spain","Alfaro",2017,6.4,17.99,7.21,NA,NA,96.83789954,"European Environment Agency (downloaded in 2021)",NA,2022,NA
"European Region","ESP","Spain","Alfaro",2018,7.13,19.04,7.9,NA,NA,98.69863014,"European Environment Agency (downloaded in 2021)",NA,2022,NA
"European Region","ESP","Spain","Alfaro",2019,8.66,24.23,7.88,NA,NA,96.86073059,"European Environment Agency (downloaded in 2021)",NA,2022,NA
"European Region","ESP","Spain","Algeciras",2017,NA,27.16,27.88,NA,NA,98.52739726,"European Environment Agency (downloaded in 2021)",NA,2022,NA
"European Region","ESP","Spain","Almassora",2017,7.39,9.56,26.35,NA,NA,97.84246575,"European Environment Agency (downloaded in 2021)",NA,2022,NA
"European Region","ESP","Spain","Almassora",2018,8.75,12.35,23.07,NA,NA,94.26940639,"European Environment Agency (downloaded in 2021)",NA,2022,NA
"European Region","ESP","Spain","Almassora",2019,7.27,10.61,26.32,NA,NA,97.6826484,"European Environment Agency (downloaded in 2021)",NA,2022,NA
"European Region","ESP","Spain","Almonte",2017,NA,18.4,4.36,NA,NA,98.26484018,"European Environment Agency (downloaded in 2021)",NA,2022,NA
"European Region","ESP","Spain","Almonte",2018,NA,15.31,3.42,NA,NA,93.08789954,"European Environment Agency (downloaded in 2021)",NA,2022,NA
"European Region","ESP","Spain","Almonte",2019,NA,15.67,3.83,NA,NA,97.6369863,"European Environment Agency (downloaded in 2021)",NA,2022,NA
"European Region","ESP","Spain","Aranda De Duero",2017,NA,19.89,14.46,NA,NA,99.49771689,"European Environment Agency (downloaded in 2021)",NA,2022,NA
"European Region","ESP","Spain","Aranda De Duero",2018,NA,16.82,9.36,NA,NA,98.86986301,"European Environment Agency (downloaded in 2021)",NA,2022,NA
"European Region","ESP","Spain","Aranda De Duero",2019,NA,17.8,9.08,NA,NA,99.18949772,"European Environment Agency (downloaded in 2021)",NA,2022,NA
"European Region","ESP","Spain","Aranjuez",2017,NA,22.31,15.69,NA,NA,98.76712329,"European Environment Agency (downloaded in 2021)",NA,2022,NA
"European Region","ESP","Spain","Aranjuez",2018,NA,13.86,14.98,NA,NA,99.09817352,"European Environment Agency (downloaded in 2021)",NA,2022,NA
"European Region","ESP","Spain","Aranjuez",2019,NA,16.94,16.37,NA,NA,98.86986301,"European Environment Agency (downloaded in 2021)",NA,2022,NA
"European Region","ESP","Spain","Arcos De La Frontera",2017,NA,28.48,7.04,NA,NA,84.52054795,"European Environment Agency (downloaded in 2021)",NA,2022,NA
"European Region","ESP","Spain","Arcos De La Frontera",2019,NA,25.57,3.13,NA,NA,93.02511416,"European Environment Agency (downloaded in 2021)",NA,2022,NA
"European Region","ESP","Spain","Arganda Del Rey",2017,NA,24.27,23.77,NA,NA,98.52739726,"European Environment Agency (downloaded in 2021)",NA,2022,NA
"European Region","ESP","Spain","Arganda Del Rey",2018,NA,18.81,19.11,NA,NA,99.05251142,"European Environment Agency (downloaded in 2021)",NA,2022,NA
"European Region","ESP","Spain","Arganda Del Rey",2019,NA,19.35,18.45,NA,NA,99.04109589,"European Environment Agency (downloaded in 2021)",NA,2022,NA
"European Region","ESP","Spain","Arona",2017,15.04,39.39,12.26,NA,NA,95.20547945,"European Environment Agency (downloaded in 2021)",NA,2022,NA
"European Region","ESP","Spain","Arona",2018,11.8,28.66,13.6,NA,NA,98.71004566,"European Environment Agency (downloaded in 2021)",NA,2022,NA
"European Region","ESP","Spain","Arona",2019,6.87,32.17,14.37,NA,NA,99.22374429,"European Environment Agency (downloaded in 2021)",NA,2022,NA
"European Region","ESP","Spain","Arrasate",2017,NA,15.77,22.71,NA,NA,96.19863014,"European Environment Agency (downloaded in 2021)",NA,2022,NA
"European Region","ESP","Spain","Arrasate",2018,NA,13.82,19.08,NA,NA,94.543379,"European Environment Agency (downloaded in 2021)",NA,2022,NA
"European Region","ESP","Spain","Arrasate",2019,NA,15.57,19.04,NA,NA,98.35616438,"European Environment Agency (downloaded in 2021)",NA,2022,NA
"European Region","ESP","Spain","Arrecife",2017,7.14,29.27,12.27,NA,NA,87.81963471,"European Environment Agency (downloaded in 2021)",NA,2022,NA
"European Region","ESP","Spain","Arrecife",2018,6.83,23.79,9.44,NA,NA,92.24315069,"European Environment Agency (downloaded in 2021)",NA,2022,NA
"European Region","ESP","Spain","Arrecife",2019,6.54,24.83,9.99,NA,NA,88.2020548,"European Environment Agency (downloaded in 2021)",NA,2022,NA
"European Region","ESP","Spain","Arucas",2017,11.4,24.98,5.54,NA,NA,83.45890411,"European Environment Agency (downloaded in 2021)",NA,2022,NA
"European Region","ESP","Spain","Arucas",2018,8.47,25.26,2.87,NA,NA,97.51141553,"European Environment Agency (downloaded in 2021)",NA,2022,NA
"European Region","ESP","Spain","Arucas",2019,7.65,18.84,2.63,NA,NA,94.47488584,"European Environment Agency (downloaded in 2021)",NA,2022,NA
"European Region","ESP","Spain","As Pontes De Garcia Rodriguez",2017,10.17,10.33,3.89,NA,NA,97.57420092,"European Environment Agency (downloaded in 2021)",NA,2022,NA
"European Region","ESP","Spain","As Pontes De Garcia Rodriguez",2018,9.63,9.11,3.54,NA,NA,97.76255708,"European Environment Agency (downloaded in 2021)",NA,2022,NA
"European Region","ESP","Spain","As Pontes De Garcia Rodriguez",2019,8.99,8.96,3.62,NA,NA,97.89954338,"European Environment Agency (downloaded in 2021)",NA,2022,NA
"European Region","ESP","Spain","Astillero",2017,NA,25.73,18.15,NA,NA,99.00684932,"European Environment Agency (downloaded in 2021)",NA,2022,NA
"European Region","ESP","Spain","Astillero",2018,NA,24.41,15.92,NA,NA,98.37899543,"European Environment Agency (downloaded in 2021)",NA,2022,NA
"European Region","ESP","Spain","Astillero",2019,NA,24.07,16.23,NA,NA,99.42922374,"European Environment Agency (downloaded in 2021)",NA,2022,NA
"European Region","ESP","Spain","Avila",2017,NA,15.09,8.03,NA,NA,99.48630137,"European Environment Agency (downloaded in 2021)",NA,2022,NA
"European Region","ESP","Spain","Avila",2018,NA,14.24,6.84,NA,NA,99.46347032,"European Environment Agency (downloaded in 2021)",NA,2022,NA
"European Region","ESP","Spain","Avila",2019,NA,13.46,5.36,NA,NA,99.40639269,"European Environment Agency (downloaded in 2021)",NA,2022,NA
"European Region","ESP","Spain","Aviles",2017,NA,30.61,23.56,NA,NA,98.08599696,"European Environment Agency (downloaded in 2021)",NA,2022,NA
"European Region","ESP","Spain","Aviles",2018,10.46,22.42,19.42,NA,NA,98.51598174,"European Environment Agency (downloaded in 2021)",NA,2022,NA
"European Region","ESP","Spain","Aviles",2019,7.4,24.31,19.43,NA,NA,98.78139269,"European Environment Agency (downloaded in 2021)",NA,2022,NA
"European Region","ESP","Spain","Azpeitia",2017,NA,15.61,16.87,NA,NA,97.60273973,"European Environment Agency (downloaded in 2021)",NA,2022,NA
"European Region","ESP","Spain","Azpeitia",2018,NA,13.55,15.44,NA,NA,95.55936073,"European Environment Agency (downloaded in 2021)",NA,2022,NA
"European Region","ESP","Spain","Azpeitia",2019,NA,13.55,15.76,NA,NA,99.21232877,"European Environment Agency (downloaded in 2021)",NA,2022,NA
"European Region","ESP","Spain","Badajoz",2017,7.08,16.87,6.9,NA,NA,92.20890411,"European Environment Agency (downloaded in 2021)",NA,2022,NA
"European Region","ESP","Spain","Badajoz",2018,6.61,14.19,6.04,NA,NA,94.72031964,"European Environment Agency (downloaded in 2021)",NA,2022,NA
"European Region","ESP","Spain","Badajoz",2019,6.28,13.97,5.38,NA,NA,97.44292238,"European Environment Agency (downloaded in 2021)",NA,2022,NA
"European Region","ESP","Spain","Badalona",2017,NA,23.51,38.62,NA,NA,97.37442922,"European Environment Agency (downloaded in 2021)",NA,2022,NA
"European Region","ESP","Spain","Badalona",2018,NA,22.18,34.91,NA,NA,97.44292237,"European Environment Agency (downloaded in 2021)",NA,2022,NA
"European Region","ESP","Spain","Balcon De Telde",2017,8.06,29.82,15.12,NA,NA,95.1826484,"European Environment Agency (downloaded in 2021)",NA,2022,NA
"European Region","ESP","Spain","Balcon De Telde",2018,6.89,25.93,14.53,NA,NA,99.09817352,"European Environment Agency (downloaded in 2021)",NA,2022,NA
"European Region","ESP","Spain","Balcon De Telde",2019,7.58,26.51,10.4,NA,NA,98.88127854,"European Environment Agency (downloaded in 2021)",NA,2022,NA
"European Region","ESP","Spain","Barakaldo",2017,NA,20.57,26.03,NA,NA,97.46575342,"European Environment Agency (downloaded in 2021)",NA,2022,NA
"European Region","ESP","Spain","Barakaldo",2018,NA,21.05,23.93,NA,NA,98.29908676,"European Environment Agency (downloaded in 2021)",NA,2022,NA
"European Region","ESP","Spain","Barcelona",2017,15.7,25.79,41.99,NA,NA,97.66634051,"European Environment Agency (downloaded in 2021)",NA,2022,NA
"European Region","ESP","Spain","Barcelona",2018,15.8,24.68,37.84,NA,NA,95.28864971,"European Environment Agency (downloaded in 2021)",NA,2022,NA
"European Region","ESP","Spain","Barcelona",2019,17.83,26.81,35.71,NA,NA,97.79517286,"European Environment Agency (downloaded in 2021)",NA,2022,NA
"European Region","ESP","Spain","Barreda",2017,NA,24.88,32.55,NA,NA,99.12100457,"European Environment Agency (downloaded in 2021)",NA,2022,NA
"European Region","ESP","Spain","Barreda",2018,NA,23.52,27.73,NA,NA,98.80136986,"European Environment Agency (downloaded in 2021)",NA,2022,NA
"European Region","ESP","Spain","Barreda",2019,NA,19.51,27.48,NA,NA,99.23515982,"European Environment Agency (downloaded in 2021)",NA,2022,NA
"European Region","ESP","Spain","Barriada Rio San Pedro",2017,NA,30.29,13.58,NA,NA,90.456621,"European Environment Agency (downloaded in 2021)",NA,2022,NA
"European Region","ESP","Spain","Barriada Rio San Pedro",2018,NA,24.67,12.18,NA,NA,94.76027397,"European Environment Agency (downloaded in 2021)",NA,2022,NA
"European Region","ESP","Spain","Barriada Rio San Pedro",2019,NA,23.04,11.02,NA,NA,90.93607306,"European Environment Agency (downloaded in 2021)",NA,2022,NA
"European Region","ESP","Spain","Basauri",2017,NA,23.52,27.05,NA,NA,97.00913242,"European Environment Agency (downloaded in 2021)",NA,2022,NA
"European Region","ESP","Spain","Basauri",2018,NA,22.03,24.69,NA,NA,98.56164384,"European Environment Agency (downloaded in 2021)",NA,2022,NA
"European Region","ESP","Spain","Basauri",2019,NA,21.87,24.62,NA,NA,96.43835616,"European Environment Agency (downloaded in 2021)",NA,2022,NA
"European Region","ESP","Spain","Beasain",2017,8.52,18.7,22.79,NA,NA,99.42922374,"European Environment Agency (downloaded in 2021)",NA,2022,NA
"European Region","ESP","Spain","Beasain",2018,9.48,20.9,20.75,NA,NA,99.14383562,"European Environment Agency (downloaded in 2021)",NA,2022,NA
"European Region","ESP","Spain","Beasain",2019,8.98,22.34,20.49,NA,NA,98.51598174,"European Environment Agency (downloaded in 2021)",NA,2022,NA
"European Region","ESP","Spain","Benicasim",2017,5.03,7.17,16.38,NA,NA,95.49086758,"European Environment Agency (downloaded in 2021)",NA,2022,NA
"European Region","ESP","Spain","Benicasim",2018,6.6,10.44,15.81,NA,NA,98.99543379,"European Environment Agency (downloaded in 2021)",NA,2022,NA
"European Region","ESP","Spain","Benicasim",2019,6.71,11.18,16.8,NA,NA,97.52283105,"European Environment Agency (downloaded in 2021)",NA,2022,NA
"European Region","ESP","Spain","Bilbao",2017,10.16,18.11,27.51,NA,NA,99.48630137,"European Environment Agency (downloaded in 2021)",NA,2022,NA
"European Region","ESP","Spain","Bilbao",2018,9.76,13.64,24.65,NA,NA,98.91552511,"European Environment Agency (downloaded in 2021)",NA,2022,NA
"European Region","ESP","Spain","Bilbao",2019,9.09,12.94,22.97,NA,NA,94.71461187,"European Environment Agency (downloaded in 2021)",NA,2022,NA
"European Region","ESP","Spain","Biscay",2017,NA,20.02,23.67,NA,NA,92.8652968,"European Environment Agency (downloaded in 2021)",NA,2022,NA
"European Region","ESP","Spain","Biscay",2018,NA,19.05,20.32,NA,NA,96.64383562,"European Environment Agency (downloaded in 2021)",NA,2022,NA
"European Region","ESP","Spain","Biscay",2019,NA,19.8,19.49,NA,NA,99.05251142,"European Environment Agency (downloaded in 2021)",NA,2022,NA
"European Region","ESP","Spain","Bizkaia",2017,NA,12.29,3.69,NA,NA,86.21004566,"European Environment Agency (downloaded in 2021)",NA,2022,NA
"European Region","ESP","Spain","Bizkaia",2018,NA,10.63,3.37,NA,NA,97.85388128,"European Environment Agency (downloaded in 2021)",NA,2022,NA
"European Region","ESP","Spain","Bizkaia",2019,NA,10.38,4.02,NA,NA,97.0890411,"European Environment Agency (downloaded in 2021)",NA,2022,NA
"European Region","ESP","Spain","Brena Baja",2017,9.71,21.7,13.61,NA,NA,86.03881279,"European Environment Agency (downloaded in 2021)",NA,2022,NA
"European Region","ESP","Spain","Bunol",2017,10.2,14.31,12.24,NA,NA,97.47716895,"European Environment Agency (downloaded in 2021)",NA,2022,NA
"European Region","ESP","Spain","Bunol",2018,11.58,16.07,15.82,NA,NA,99.10958904,"European Environment Agency (downloaded in 2021)",NA,2022,NA
"European Region","ESP","Spain","Bunol",2019,5.91,8.17,12.81,NA,NA,96.17579909,"European Environment Agency (downloaded in 2021)",NA,2022,NA
"European Region","ESP","Spain","Burgos",2017,NA,15.44,19.09,NA,NA,98.78995434,"European Environment Agency (downloaded in 2021)",NA,2022,NA
"European Region","ESP","Spain","Burgos",2018,NA,15.95,17.58,NA,NA,99.36073059,"European Environment Agency (downloaded in 2021)",NA,2022,NA
"European Region","ESP","Spain","Burgos",2019,NA,18.64,13.24,NA,NA,99.57762557,"European Environment Agency (downloaded in 2021)",NA,2022,NA
"European Region","ESP","Spain","Burjassot",2017,NA,22.12,21.69,NA,NA,94.40639269,"European Environment Agency (downloaded in 2021)",NA,2022,NA
"European Region","ESP","Spain","Burjassot",2018,NA,18.7,20.81,NA,NA,98.27625571,"European Environment Agency (downloaded in 2021)",NA,2022,NA
"European Region","ESP","Spain","Burjassot",2019,NA,21.93,19.63,NA,NA,99.543379,"European Environment Agency (downloaded in 2021)",NA,2022,NA
"European Region","ESP","Spain","Buron",2018,NA,16.98,4.33,NA,NA,97.94520548,"European Environment Agency (downloaded in 2021)",NA,2022,NA
"European Region","ESP","Spain","Buzanada",2017,12.76,32.21,7.27,NA,NA,96.62100457,"European Environment Agency (downloaded in 2021)",NA,2022,NA
"European Region","ESP","Spain","Buzanada",2018,10.48,22.79,8.12,NA,NA,98.76712329,"European Environment Agency (downloaded in 2021)",NA,2022,NA
"European Region","ESP","Spain","Buzanada",2019,8.39,24.47,8.39,NA,NA,98.80136986,"European Environment Agency (downloaded in 2021)",NA,2022,NA
"European Region","ESP","Spain","Caceres",2017,6.3,16.4,7.98,NA,NA,89.93150685,"European Environment Agency (downloaded in 2021)",NA,2022,NA
"European Region","ESP","Spain","Caceres",2018,NA,13.67,7.66,NA,NA,99.00684932,"European Environment Agency (downloaded in 2021)",NA,2022,NA
"European Region","ESP","Spain","Caceres",2019,NA,13.54,6.3,NA,NA,97.94520548,"European Environment Agency (downloaded in 2021)",NA,2022,NA
"European Region","ESP","Spain","Cadaques",2017,7.54,15.81,3.59,NA,NA,97.28310502,"European Environment Agency (downloaded in 2021)",NA,2022,NA
"European Region","ESP","Spain","Cadaques",2018,8.89,16.14,3.6,NA,NA,96.16438356,"European Environment Agency (downloaded in 2021)",NA,2022,NA
"European Region","ESP","Spain","Cadaques",2019,7.4,15.88,3.11,NA,NA,96.80365297,"European Environment Agency (downloaded in 2021)",NA,2022,NA
"European Region","ESP","Spain","Camargo",2017,NA,28.51,19.45,NA,NA,98.25342466,"European Environment Agency (downloaded in 2021)",NA,2022,NA
"European Region","ESP","Spain","Camargo",2018,NA,22.7,14.18,NA,NA,98.61872146,"European Environment Agency (downloaded in 2021)",NA,2022,NA
"European Region","ESP","Spain","Camargo",2019,NA,26.7,12.02,NA,NA,98.59589041,"European Environment Agency (downloaded in 2021)",NA,2022,NA
"European Region","ESP","Spain","Campisabalos",2017,3.76,9.06,2.48,NA,NA,95.1369863,"European Environment Agency (downloaded in 2021)",NA,2022,NA
"European Region","ESP","Spain","Campisabalos",2018,4.59,8.35,1.7,NA,NA,96.31278539,"European Environment Agency (downloaded in 2021)",NA,2022,NA
"European Region","ESP","Spain","Campisabalos",2019,4.25,7.89,1.82,NA,NA,95.92465753,"European Environment Agency (downloaded in 2021)",NA,2022,NA
"European Region","ESP","Spain","Candelaria",2017,10.92,28.92,14.89,NA,NA,96.62100457,"European Environment Agency (downloaded in 2021)",NA,2022,NA
"European Region","ESP","Spain","Candelaria",2018,9.13,26.2,11.88,NA,NA,99.1780822,"European Environment Agency (downloaded in 2021)",NA,2022,NA
"European Region","ESP","Spain","Candelaria",2019,8.58,26.3,11.4,NA,NA,99.50913242,"European Environment Agency (downloaded in 2021)",NA,2022,NA
"European Region","ESP","Spain","Cangas Del Narcea",2017,NA,14.23,10.04,NA,NA,98.81278539,"European Environment Agency (downloaded in 2021)",NA,2022,NA
"European Region","ESP","Spain","Cangas Del Narcea",2018,NA,16.5,6.86,NA,NA,96.16438356,"European Environment Agency (downloaded in 2021)",NA,2022,NA
"European Region","ESP","Spain","Cangas Del Narcea",2019,NA,15.76,7.5,NA,NA,99.04109589,"European Environment Agency (downloaded in 2021)",NA,2022,NA
"European Region","ESP","Spain","Caravaca De La Cruz",2017,NA,17.15,8.03,NA,NA,91.13013699,"European Environment Agency (downloaded in 2021)",NA,2022,NA
"European Region","ESP","Spain","Caravaca De La Cruz",2018,NA,13.4,6.48,NA,NA,94.02968037,"European Environment Agency (downloaded in 2021)",NA,2022,NA
"European Region","ESP","Spain","Caravaca De La Cruz",2019,NA,14.01,7.27,NA,NA,93.56164384,"European Environment Agency (downloaded in 2021)",NA,2022,NA
"European Region","ESP","Spain","Cardenajimeno",2017,5.39,13.79,8.51,NA,NA,99.31506849,"European Environment Agency (downloaded in 2021)",NA,2022,NA
"European Region","ESP","Spain","Cardenajimeno",2018,5.8,14.55,7.87,NA,NA,98.73287671,"European Environment Agency (downloaded in 2021)",NA,2022,NA
"European Region","ESP","Spain","Cardenajimeno",2019,5.08,11.13,8.05,NA,NA,99.41780822,"European Environment Agency (downloaded in 2021)",NA,2022,NA
"European Region","ESP","Spain","Carracedelo",2017,NA,18.13,9.39,NA,NA,98.82420091,"European Environment Agency (downloaded in 2021)",NA,2022,NA
"European Region","ESP","Spain","Carracedelo",2018,NA,14.6,8.08,NA,NA,98.32191781,"European Environment Agency (downloaded in 2021)",NA,2022,NA
"European Region","ESP","Spain","Carracedelo",2019,NA,13.88,7.53,NA,NA,98.32191781,"European Environment Agency (downloaded in 2021)",NA,2022,NA
"European Region","ESP","Spain","Cartagena",2017,NA,21.43,20.01,NA,NA,95.1217656,"European Environment Agency (downloaded in 2021)",NA,2022,NA
"European Region","ESP","Spain","Cartagena",2018,NA,19.94,22.55,NA,NA,93.32191781,"European Environment Agency (downloaded in 2021)",NA,2022,NA
"European Region","ESP","Spain","Cartagena",2019,NA,22.17,18.97,NA,NA,98.72146119,"European Environment Agency (downloaded in 2021)",NA,2022,NA
"European Region","ESP","Spain","Castello",2017,6.9,9.28,8.08,NA,NA,97.45053272,"European Environment Agency (downloaded in 2021)",NA,2022,NA
"European Region","ESP","Spain","Castello",2018,6.1,7.77,8.14,NA,NA,98.22298326,"European Environment Agency (downloaded in 2021)",NA,2022,NA
"European Region","ESP","Spain","Castello",2019,6.17,8.99,9.92,NA,NA,98.23439878,"European Environment Agency (downloaded in 2021)",NA,2022,NA
"European Region","ESP","Spain","Castello De La Plana",2017,12.74,16.36,24.51,NA,NA,88.97831051,"European Environment Agency (downloaded in 2021)",NA,2022,NA
"European Region","ESP","Spain","Castillo Del Romeral",2017,10.36,29.33,11.16,NA,NA,98.34474886,"European Environment Agency (downloaded in 2021)",NA,2022,NA
"European Region","ESP","Spain","Castillo Del Romeral",2018,8.97,26.23,9.77,NA,NA,99.38356164,"European Environment Agency (downloaded in 2021)",NA,2022,NA
"European Region","ESP","Spain","Castillo Del Romeral",2019,6.96,29.93,8.87,NA,NA,98.76712329,"European Environment Agency (downloaded in 2021)",NA,2022,NA
"European Region","ESP","Spain","Castro Urdiales",2017,NA,17.29,13.83,NA,NA,99.31506849,"European Environment Agency (downloaded in 2021)",NA,2022,NA
"European Region","ESP","Spain","Castro Urdiales",2018,NA,17.45,10.99,NA,NA,98.53881279,"European Environment Agency (downloaded in 2021)",NA,2022,NA
"European Region","ESP","Spain","Castro Urdiales",2019,NA,15.08,11.31,NA,NA,99.21232877,"European Environment Agency (downloaded in 2021)",NA,2022,NA
"European Region","ESP","Spain","Caudete De Las Fuentes",2017,7.51,11.58,6.86,NA,NA,94.08675799,"European Environment Agency (downloaded in 2021)",NA,2022,NA
"European Region","ESP","Spain","Caudete De Las Fuentes",2018,5.64,8.5,4.65,NA,NA,94.53196347,"European Environment Agency (downloaded in 2021)",NA,2022,NA
"European Region","ESP","Spain","Caudete De Las Fuentes",2019,6.32,9.73,4.62,NA,NA,98.72146119,"European Environment Agency (downloaded in 2021)",NA,2022,NA
"European Region","ESP","Spain","Cee",2017,NA,14.47,8.5,NA,NA,99.44063927,"European Environment Agency (downloaded in 2021)",NA,2022,NA
"European Region","ESP","Spain","Cee",2018,NA,10.88,7.7,NA,NA,99.40639269,"European Environment Agency (downloaded in 2021)",NA,2022,NA
"European Region","ESP","Spain","Cee",2019,NA,15.61,7.22,NA,NA,99.24657534,"European Environment Agency (downloaded in 2021)",NA,2022,NA
"European Region","ESP","Spain","Cerceda",2017,NA,12.27,10.71,NA,NA,99.37214612,"European Environment Agency (downloaded in 2021)",NA,2022,NA
"European Region","ESP","Spain","Cerceda",2018,NA,11.44,9.87,NA,NA,97.92237443,"European Environment Agency (downloaded in 2021)",NA,2022,NA
"European Region","ESP","Spain","Cerceda",2019,NA,10.08,8.18,NA,NA,97.6826484,"European Environment Agency (downloaded in 2021)",NA,2022,NA
"European Region","ESP","Spain","Ciudad Real",2017,NA,24.96,13.01,NA,NA,98.31050228,"European Environment Agency (downloaded in 2021)",NA,2022,NA
"European Region","ESP","Spain","Ciudad Real",2018,NA,22.75,12.77,NA,NA,94.71461187,"European Environment Agency (downloaded in 2021)",NA,2022,NA
"European Region","ESP","Spain","Ciudad Real",2019,NA,25.95,15.46,NA,NA,95.21689498,"European Environment Agency (downloaded in 2021)",NA,2022,NA
"European Region","ESP","Spain","Ciutadella De Menorca",2017,NA,16.11,6.53,NA,NA,98.21917808,"European Environment Agency (downloaded in 2021)",NA,2022,NA
"European Region","ESP","Spain","Ciutadella De Menorca",2018,NA,18.08,6.27,NA,NA,85.87899543,"European Environment Agency (downloaded in 2021)",NA,2022,NA
"European Region","ESP","Spain","Ciutadella De Menorca",2019,NA,18.19,5.5,NA,NA,92.75114155,"European Environment Agency (downloaded in 2021)",NA,2022,NA
"European Region","ESP","Spain","Congosto",2017,NA,14.67,6.46,NA,NA,98.49315068,"European Environment Agency (downloaded in 2021)",NA,2022,NA
"European Region","ESP","Spain","Congosto",2018,NA,13.73,7.09,NA,NA,99.36073059,"European Environment Agency (downloaded in 2021)",NA,2022,NA
"European Region","ESP","Spain","Congosto",2019,NA,10.73,6.15,NA,NA,97.7283105,"European Environment Agency (downloaded in 2021)",NA,2022,NA
"European Region","ESP","Spain","Cuadros",2017,NA,13.4,9.38,NA,NA,98.92694064,"European Environment Agency (downloaded in 2021)",NA,2022,NA
"European Region","ESP","Spain","Cuadros",2018,NA,10.43,11,NA,NA,99.40639269,"European Environment Agency (downloaded in 2021)",NA,2022,NA
"European Region","ESP","Spain","Cuadros",2019,NA,9.59,9.22,NA,NA,99.29223744,"European Environment Agency (downloaded in 2021)",NA,2022,NA
"European Region","ESP","Spain","Cuenca",2017,NA,29.06,22.88,NA,NA,99.36073059,"European Environment Agency (downloaded in 2021)",NA,2022,NA
"European Region","ESP","Spain","Cuenca",2018,NA,27.47,24.5,NA,NA,94.8630137,"European Environment Agency (downloaded in 2021)",NA,2022,NA
"European Region","ESP","Spain","Cuenca",2019,NA,24.57,33.65,NA,NA,95.99315068,"European Environment Agency (downloaded in 2021)",NA,2022,NA
"European Region","ESP","Spain","Donostia",2017,8.54,16.54,22.9,NA,NA,97.38584475,"European Environment Agency (downloaded in 2021)",NA,2022,NA
"European Region","ESP","Spain","Donostia",2018,8.91,15.47,21.56,NA,NA,92.24505327,"European Environment Agency (downloaded in 2021)",NA,2022,NA
"European Region","ESP","Spain","Donostia",2019,8.41,18.31,21.64,NA,NA,99.61187215,"European Environment Agency (downloaded in 2021)",NA,2022,NA
"European Region","ESP","Spain","Dumbria",2017,NA,12.2,5.34,NA,NA,99.18949772,"European Environment Agency (downloaded in 2021)",NA,2022,NA
"European Region","ESP","Spain","Dumbria",2018,NA,11.9,3.74,NA,NA,96.86073059,"European Environment Agency (downloaded in 2021)",NA,2022,NA
"European Region","ESP","Spain","Dumbria",2019,NA,13.9,3.48,NA,NA,94.53196347,"European Environment Agency (downloaded in 2021)",NA,2022,NA
"European Region","ESP","Spain","Durango",2017,NA,16.25,24.49,NA,NA,95.15981735,"European Environment Agency (downloaded in 2021)",NA,2022,NA
"European Region","ESP","Spain","Durango",2018,8.38,17.21,23.41,NA,NA,97.32876712,"European Environment Agency (downloaded in 2021)",NA,2022,NA
"European Region","ESP","Spain","Durango",2019,7.69,16.86,21.11,NA,NA,97.53424658,"European Environment Agency (downloaded in 2021)",NA,2022,NA
"European Region","ESP","Spain","Eivissa",2017,NA,19.71,13.39,NA,NA,91.33561644,"European Environment Agency (downloaded in 2021)",NA,2022,NA
"European Region","ESP","Spain","Eivissa",2018,NA,20.58,14.12,NA,NA,98.30479452,"European Environment Agency (downloaded in 2021)",NA,2022,NA
"European Region","ESP","Spain","Eivissa",2019,NA,24.65,15.32,NA,NA,98.28196347,"European Environment Agency (downloaded in 2021)",NA,2022,NA
"European Region","ESP","Spain","El Brull",2017,9.81,12.4,3.62,NA,NA,96.71232877,"European Environment Agency (downloaded in 2021)",NA,2022,NA
"European Region","ESP","Spain","El Brull",2018,NA,12.12,2.59,NA,NA,97.89954338,"European Environment Agency (downloaded in 2021)",NA,2022,NA
"European Region","ESP","Spain","El Ejido",2017,NA,27.13,19.19,NA,NA,99.26940639,"European Environment Agency (downloaded in 2021)",NA,2022,NA
"European Region","ESP","Spain","El Ejido",2018,NA,29.99,16.95,NA,NA,98.55022831,"European Environment Agency (downloaded in 2021)",NA,2022,NA
"European Region","ESP","Spain","El Ejido",2019,NA,27.56,17.71,NA,NA,99.17808219,"European Environment Agency (downloaded in 2021)",NA,2022,NA
"European Region","ESP","Spain","El Grao De Castellon",2019,18.46,25.65,14.68,NA,NA,92.10045662,"European Environment Agency (downloaded in 2021)",NA,2022,NA
"European Region","ESP","Spain","El Maillo",2017,NA,19.75,1.68,NA,NA,98.23059361,"European Environment Agency (downloaded in 2021)",NA,2022,NA
"European Region","ESP","Spain","El Maillo",2019,NA,16.84,1.62,NA,NA,99.36073059,"European Environment Agency (downloaded in 2021)",NA,2022,NA
"European Region","ESP","Spain","El Medano",2017,12.05,29.38,15.11,NA,NA,96.40410959,"European Environment Agency (downloaded in 2021)",NA,2022,NA
"European Region","ESP","Spain","El Medano",2018,8.74,19.25,15.34,NA,NA,98.81278539,"European Environment Agency (downloaded in 2021)",NA,2022,NA
"European Region","ESP","Spain","El Medano",2019,8.84,26.47,14.52,NA,NA,99.14383562,"European Environment Agency (downloaded in 2021)",NA,2022,NA
"European Region","ESP","Spain","El Rio",2017,11.08,29.7,4.36,NA,NA,96.47260274,"European Environment Agency (downloaded in 2021)",NA,2022,NA
"European Region","ESP","Spain","El Rio",2018,8.08,19.3,4.47,NA,NA,98.71004566,"European Environment Agency (downloaded in 2021)",NA,2022,NA
"European Region","ESP","Spain","El Rio",2019,8.95,22.11,6.94,NA,NA,99.01826484,"European Environment Agency (downloaded in 2021)",NA,2022,NA
"European Region","ESP","Spain","Elche",2017,NA,20,18,NA,NA,96.47260274,"European Environment Agency (downloaded in 2021)",NA,2022,NA
"European Region","ESP","Spain","Elda",2017,10.88,16.25,10.25,NA,NA,97.47716895,"European Environment Agency (downloaded in 2021)",NA,2022,NA
"European Region","ESP","Spain","Elda",2018,10.16,14.26,8.63,NA,NA,99.18949772,"European Environment Agency (downloaded in 2021)",NA,2022,NA
"European Region","ESP","Spain","Elda",2019,9.78,14.57,5.9,NA,NA,98.47031963,"European Environment Agency (downloaded in 2021)",NA,2022,NA
"European Region","ESP","Spain","Els Torms",2017,7.07,12,3.38,NA,NA,97.75114155,"European Environment Agency (downloaded in 2021)",NA,2022,NA
"European Region","ESP","Spain","Els Torms",2018,6.73,11.63,3.42,NA,NA,98.88127854,"European Environment Agency (downloaded in 2021)",NA,2022,NA
"European Region","ESP","Spain","Els Torms",2019,7.56,12.54,2.34,NA,NA,98.55022831,"European Environment Agency (downloaded in 2021)",NA,2022,NA
"European Region","ESP","Spain","Eltziego",2017,NA,11.71,5.71,NA,NA,98.61872146,"European Environment Agency (downloaded in 2021)",NA,2022,NA
"European Region","ESP","Spain","Eltziego",2018,NA,10.61,5.26,NA,NA,99.39497717,"European Environment Agency (downloaded in 2021)",NA,2022,NA
"European Region","ESP","Spain","Eltziego",2019,NA,11.24,4.76,NA,NA,97.12328767,"European Environment Agency (downloaded in 2021)",NA,2022,NA
"European Region","ESP","Spain","Erandio",2017,10.68,19.77,28.38,NA,NA,99.06392694,"European Environment Agency (downloaded in 2021)",NA,2022,NA
"European Region","ESP","Spain","Erandio",2018,9.07,16.45,25.77,NA,NA,98.17351598,"European Environment Agency (downloaded in 2021)",NA,2022,NA
"European Region","ESP","Spain","Erandio",2019,8.88,16.44,24.62,NA,NA,95.65068493,"European Environment Agency (downloaded in 2021)",NA,2022,NA
"European Region","ESP","Spain","Ferrol",2017,8.7,18.83,11.89,NA,NA,96.33561644,"European Environment Agency (downloaded in 2021)",NA,2022,NA
"European Region","ESP","Spain","Ferrol",2018,8.12,16.33,10.23,NA,NA,98.6130137,"European Environment Agency (downloaded in 2021)",NA,2022,NA
"European Region","ESP","Spain","Ferrol",2019,7.93,15.61,11.07,NA,NA,97.043379,"European Environment Agency (downloaded in 2021)",NA,2022,NA
"European Region","ESP","Spain","Fortelasa De Isabel Ii",2017,6.1,16.12,3.34,NA,NA,94.47488584,"European Environment Agency (downloaded in 2021)",NA,2022,NA
"European Region","ESP","Spain","Fortelasa De Isabel Ii",2018,5.76,15.89,3.57,NA,NA,95.49086758,"European Environment Agency (downloaded in 2021)",NA,2022,NA
"European Region","ESP","Spain","Fortelasa De Isabel Ii",2019,5.36,17.37,3.19,NA,NA,96.86073059,"European Environment Agency (downloaded in 2021)",NA,2022,NA
"European Region","ESP","Spain","Foz Calanda",2017,5.24,11.03,4.26,NA,NA,97.67123288,"European Environment Agency (downloaded in 2021)",NA,2022,NA
"European Region","ESP","Spain","Foz Calanda",2018,4.08,7.98,3.89,NA,NA,81.63242009,"European Environment Agency (downloaded in 2021)",NA,2022,NA
"European Region","ESP","Spain","Foz Calanda",2019,5.11,9.2,3.83,NA,NA,93.85844749,"European Environment Agency (downloaded in 2021)",NA,2022,NA
"European Region","ESP","Spain","Fuenlabrada",2017,NA,21.28,35.71,NA,NA,98.44748858,"European Environment Agency (downloaded in 2021)",NA,2022,NA
"European Region","ESP","Spain","Fuenlabrada",2018,NA,19.52,33.87,NA,NA,98.83561644,"European Environment Agency (downloaded in 2021)",NA,2022,NA
"European Region","ESP","Spain","Fuenlabrada",2019,NA,19.13,32.77,NA,NA,98.80136986,"European Environment Agency (downloaded in 2021)",NA,2022,NA
"European Region","ESP","Spain","Galilea",2017,8.18,16.33,5.47,NA,NA,99.23515982,"European Environment Agency (downloaded in 2021)",NA,2022,NA
"European Region","ESP","Spain","Galilea",2018,7.91,14.52,5.08,NA,NA,98.61872146,"European Environment Agency (downloaded in 2021)",NA,2022,NA
"European Region","ESP","Spain","Galilea",2019,7.93,14.37,5.91,NA,NA,99.04109589,"European Environment Agency (downloaded in 2021)",NA,2022,NA
"European Region","ESP","Spain","Gallarta",2017,NA,11.82,21.83,NA,NA,99.25799087,"European Environment Agency (downloaded in 2021)",NA,2022,NA
"European Region","ESP","Spain","Gallarta",2018,NA,9.33,17.94,NA,NA,95.11415525,"European Environment Agency (downloaded in 2021)",NA,2022,NA
"European Region","ESP","Spain","Gallarta",2019,NA,12.42,16.54,NA,NA,99.17808219,"European Environment Agency (downloaded in 2021)",NA,2022,NA
"European Region","ESP","Spain","Gandia",2017,NA,16.31,18.77,NA,NA,96.48401826,"European Environment Agency (downloaded in 2021)",NA,2022,NA
"European Region","ESP","Spain","Gandia",2018,NA,14.5,14.33,NA,NA,98.31050228,"European Environment Agency (downloaded in 2021)",NA,2022,NA
"European Region","ESP","Spain","Gandia",2019,NA,15.85,10.78,NA,NA,97.76255708,"European Environment Agency (downloaded in 2021)",NA,2022,NA
"European Region","ESP","Spain","Getafe",2017,NA,24.95,42.45,NA,NA,98.58447489,"European Environment Agency (downloaded in 2021)",NA,2022,NA
"European Region","ESP","Spain","Getafe",2018,NA,17.85,33.37,NA,NA,98.47031963,"European Environment Agency (downloaded in 2021)",NA,2022,NA
"European Region","ESP","Spain","Getafe",2019,11.76,22.47,33.15,NA,NA,97.97945205,"European Environment Agency (downloaded in 2021)",NA,2022,NA
"European Region","ESP","Spain","Gijon",2017,10.77,23.99,25.05,NA,NA,98.74657534,"European Environment Agency (downloaded in 2021)",NA,2022,NA
"European Region","ESP","Spain","Gijon",2018,10.29,25.24,24.49,NA,NA,99.20319635,"European Environment Agency (downloaded in 2021)",NA,2022,NA
"European Region","ESP","Spain","Gijon",2019,11,22.75,23.4,NA,NA,98.71004566,"European Environment Agency (downloaded in 2021)",NA,2022,NA
"European Region","ESP","Spain","Granollers",2017,NA,29.89,40.39,NA,NA,99.26940639,"European Environment Agency (downloaded in 2021)",NA,2022,NA
"European Region","ESP","Spain","Granollers",2018,NA,26.95,33.38,NA,NA,95.68493151,"European Environment Agency (downloaded in 2021)",NA,2022,NA
"European Region","ESP","Spain","Granollers",2019,NA,28.14,34.55,NA,NA,94.65753425,"European Environment Agency (downloaded in 2021)",NA,2022,NA
"European Region","ESP","Spain","Guadalajara",2017,NA,31.25,22.47,NA,NA,99.09817352,"European Environment Agency (downloaded in 2021)",NA,2022,NA
"European Region","ESP","Spain","Guadalajara",2018,NA,29.47,20.13,NA,NA,97.62557078,"European Environment Agency (downloaded in 2021)",NA,2022,NA
"European Region","ESP","Spain","Guadalajara",2019,NA,26.68,14.31,NA,NA,94.8630137,"European Environment Agency (downloaded in 2021)",NA,2022,NA
"European Region","ESP","Spain","Guadalix De La Sierra",2017,NA,18.85,12.36,NA,NA,98.53881279,"European Environment Agency (downloaded in 2021)",NA,2022,NA
"European Region","ESP","Spain","Guadalix De La Sierra",2018,NA,13.3,10.85,NA,NA,98.82420091,"European Environment Agency (downloaded in 2021)",NA,2022,NA
"European Region","ESP","Spain","Guadalix De La Sierra",2019,NA,12.86,11.17,NA,NA,98.91552511,"European Environment Agency (downloaded in 2021)",NA,2022,NA
"European Region","ESP","Spain","Guardo",2017,NA,19.95,8.84,NA,NA,99.18949772,"European Environment Agency (downloaded in 2021)",NA,2022,NA
"European Region","ESP","Spain","Guardo",2018,NA,14.76,8.62,NA,NA,96.91780822,"European Environment Agency (downloaded in 2021)",NA,2022,NA
"European Region","ESP","Spain","Guardo",2019,NA,11.64,8.22,NA,NA,99.17808219,"European Environment Agency (downloaded in 2021)",NA,2022,NA
"European Region","ESP","Spain","Guillena",2019,NA,17.5,8.07,NA,NA,94.10958904,"European Environment Agency (downloaded in 2021)",NA,2022,NA
"European Region","ESP","Spain","Hernani",2017,NA,17.23,25.28,NA,NA,98.07077626,"European Environment Agency (downloaded in 2021)",NA,2022,NA
"European Region","ESP","Spain","Huelva",2017,NA,25.77,16.15,NA,NA,94.86872146,"European Environment Agency (downloaded in 2021)",NA,2022,NA
"European Region","ESP","Spain","Huelva",2018,NA,24.83,7.78,NA,NA,87.15753425,"European Environment Agency (downloaded in 2021)",NA,2022,NA
"European Region","ESP","Spain","Huelva",2019,NA,23.22,14.83,NA,NA,94.1466895,"European Environment Agency (downloaded in 2021)",NA,2022,NA
"European Region","ESP","Spain","Huesca",2017,9.13,14.68,16.35,NA,NA,95.11415525,"European Environment Agency (downloaded in 2021)",NA,2022,NA
"European Region","ESP","Spain","Huesca",2018,7.77,12.29,14.08,NA,NA,99.07534247,"European Environment Agency (downloaded in 2021)",NA,2022,NA
"European Region","ESP","Spain","Huesca",2019,9.55,14.18,16.24,NA,NA,97.56849315,"European Environment Agency (downloaded in 2021)",NA,2022,NA
"European Region","ESP","Spain","Igueste De Candelaria",2017,7.8,28.8,14.8,NA,NA,96.6152968,"European Environment Agency (downloaded in 2021)",NA,2022,NA
"European Region","ESP","Spain","Igueste De Candelaria",2018,9.15,24.88,10.94,NA,NA,99.59474886,"European Environment Agency (downloaded in 2021)",NA,2022,NA
"European Region","ESP","Spain","Igueste De Candelaria",2019,8.23,24.56,10.42,NA,NA,99.56050229,"European Environment Agency (downloaded in 2021)",NA,2022,NA
"European Region","ESP","Spain","Illescas",2017,NA,30.64,25.66,NA,NA,99.56621005,"European Environment Agency (downloaded in 2021)",NA,2022,NA
"European Region","ESP","Spain","Illescas",2018,NA,28.52,21.03,NA,NA,94.46347032,"European Environment Agency (downloaded in 2021)",NA,2022,NA
"European Region","ESP","Spain","Illescas",2019,NA,30.8,15.91,NA,NA,91.24429224,"European Environment Agency (downloaded in 2021)",NA,2022,NA
"European Region","ESP","Spain","Jerez De La Frontera",2017,NA,30.26,13.69,NA,NA,95.86187215,"European Environment Agency (downloaded in 2021)",NA,2022,NA
"European Region","ESP","Spain","Jerez De La Frontera",2018,NA,24.25,11.44,NA,NA,96.37557078,"European Environment Agency (downloaded in 2021)",NA,2022,NA
"European Region","ESP","Spain","Jerez De La Frontera",2019,NA,22.59,10.08,NA,NA,95.83333334,"European Environment Agency (downloaded in 2021)",NA,2022,NA
"European Region","ESP","Spain","L'alcora",2017,7.45,25.08,14.37,NA,NA,97.30593607,"European Environment Agency (downloaded in 2021)",NA,2022,NA
"European Region","ESP","Spain","L'alcora",2018,8.41,25.22,16.48,NA,NA,94.39497717,"European Environment Agency (downloaded in 2021)",NA,2022,NA
"European Region","ESP","Spain","L'alcora",2019,6.53,29.2,18.69,NA,NA,99.48630137,"European Environment Agency (downloaded in 2021)",NA,2022,NA
"European Region","ESP","Spain","L'hospitalet De Llobregat",2017,NA,26.55,36.2,NA,NA,97.55707763,"European Environment Agency (downloaded in 2021)",NA,2022,NA
"European Region","ESP","Spain","L'hospitalet De Llobregat",2018,NA,25.13,36.17,NA,NA,93.03652968,"European Environment Agency (downloaded in 2021)",NA,2022,NA
"European Region","ESP","Spain","L'hospitalet De Llobregat",2019,NA,21.52,33.33,NA,NA,99.22374429,"European Environment Agency (downloaded in 2021)",NA,2022,NA
"European Region","ESP","Spain","La Aljorra",2017,NA,27.95,20.25,NA,NA,81.00456621,"European Environment Agency (downloaded in 2021)",NA,2022,NA
"European Region","ESP","Spain","La Aljorra",2018,NA,24.92,13.77,NA,NA,86.15296804,"European Environment Agency (downloaded in 2021)",NA,2022,NA
"European Region","ESP","Spain","La Aljorra",2019,NA,26.46,14.32,NA,NA,89.89726027,"European Environment Agency (downloaded in 2021)",NA,2022,NA
"European Region","ESP","Spain","La Magina",2017,NA,26.62,24.24,NA,NA,94.48630137,"European Environment Agency (downloaded in 2021)",NA,2022,NA
"European Region","ESP","Spain","La Magina",2018,NA,25.72,20.24,NA,NA,91.47260274,"European Environment Agency (downloaded in 2021)",NA,2022,NA
"European Region","ESP","Spain","La Magina",2019,NA,25.64,21.98,NA,NA,92.43150685,"European Environment Agency (downloaded in 2021)",NA,2022,NA
"European Region","ESP","Spain","La Rapita",2017,NA,19.57,16.61,NA,NA,92.35159817,"European Environment Agency (downloaded in 2021)",NA,2022,NA
"European Region","ESP","Spain","La Rapita",2018,NA,18.19,13.62,NA,NA,93.18493151,"European Environment Agency (downloaded in 2021)",NA,2022,NA
"European Region","ESP","Spain","La Rapita",2019,NA,19.76,14.91,NA,NA,81.71232877,"European Environment Agency (downloaded in 2021)",NA,2022,NA
"European Region","ESP","Spain","La Robla",2017,NA,19.94,7.79,NA,NA,95.19406393,"European Environment Agency (downloaded in 2021)",NA,2022,NA
"European Region","ESP","Spain","La Robla",2018,NA,14.92,7.16,NA,NA,99.33789954,"European Environment Agency (downloaded in 2021)",NA,2022,NA
"European Region","ESP","Spain","La Robla",2019,NA,14.54,6.75,NA,NA,99.12100457,"European Environment Agency (downloaded in 2021)",NA,2022,NA
"European Region","ESP","Spain","Lalastra",2017,5.29,9.34,3.08,NA,NA,85.1826484,"European Environment Agency (downloaded in 2021)",NA,2022,NA
"European Region","ESP","Spain","Lalastra",2018,5.5,11.17,3.26,NA,NA,97.956621,"European Environment Agency (downloaded in 2021)",NA,2022,NA
"European Region","ESP","Spain","Lalastra",2019,5.34,8.51,2.34,NA,NA,98.25342466,"European Environment Agency (downloaded in 2021)",NA,2022,NA
"European Region","ESP","Spain","Langreo",2017,17.11,23.95,14.04,NA,NA,99.02968037,"European Environment Agency (downloaded in 2021)",NA,2022,NA
"European Region","ESP","Spain","Langreo",2018,12.26,22.15,14.29,NA,NA,99.10958904,"European Environment Agency (downloaded in 2021)",NA,2022,NA
"European Region","ESP","Spain","Langreo",2019,12.57,22.44,13.15,NA,NA,98.99543379,"European Environment Agency (downloaded in 2021)",NA,2022,NA
"European Region","ESP","Spain","Las Palmas",2017,10.17,30.14,9.28,NA,NA,94.84589041,"European Environment Agency (downloaded in 2021)",NA,2022,NA
"European Region","ESP","Spain","Las Palmas",2018,6.79,29.26,7.52,NA,NA,97.25456621,"European Environment Agency (downloaded in 2021)",NA,2022,NA
"European Region","ESP","Spain","Las Palmas",2019,9.32,30.42,7.94,NA,NA,99.28652968,"European Environment Agency (downloaded in 2021)",NA,2022,NA
"European Region","ESP","Spain","Las Palmas De Gran Canaria",2017,13.66,31.8,24.09,NA,NA,88.07077626,"European Environment Agency (downloaded in 2021)",NA,2022,NA
"European Region","ESP","Spain","Las Palmas De Gran Canaria",2018,12.6,25.12,20.61,NA,NA,87.87671233,"European Environment Agency (downloaded in 2021)",NA,2022,NA
"European Region","ESP","Spain","Laudio",2017,NA,16.16,21.53,NA,NA,98.63013699,"European Environment Agency (downloaded in 2021)",NA,2022,NA
"European Region","ESP","Spain","Laudio",2018,NA,16.43,20.64,NA,NA,97.1347032,"European Environment Agency (downloaded in 2021)",NA,2022,NA
"European Region","ESP","Spain","Laudio",2019,NA,14.62,19.47,NA,NA,96.41552511,"European Environment Agency (downloaded in 2021)",NA,2022,NA
"European Region","ESP","Spain","Leon",2017,NA,18.3,18.61,NA,NA,98.5216895,"European Environment Agency (downloaded in 2021)",NA,2022,NA
"European Region","ESP","Spain","Leon",2018,8.92,15.82,19.68,NA,NA,98.13926941,"European Environment Agency (downloaded in 2021)",NA,2022,NA
"European Region","ESP","Spain","Leon",2019,9.74,16.05,19.07,NA,NA,98.80136986,"European Environment Agency (downloaded in 2021)",NA,2022,NA
"European Region","ESP","Spain","Les Cases D'alcanar",2017,NA,18.41,10.13,NA,NA,99.52054795,"European Environment Agency (downloaded in 2021)",NA,2022,NA
"European Region","ESP","Spain","Les Cases D'alcanar",2018,NA,17.5,9.31,NA,NA,99.69178082,"European Environment Agency (downloaded in 2021)",NA,2022,NA
"European Region","ESP","Spain","Les Cases D'alcanar",2019,NA,19.38,7.44,NA,NA,97.16894977,"European Environment Agency (downloaded in 2021)",NA,2022,NA
"European Region","ESP","Spain","Llanes",2017,6.67,14.97,2.55,NA,NA,97.88812785,"European Environment Agency (downloaded in 2021)",NA,2022,NA
"European Region","ESP","Spain","Llanes",2018,6.54,14.48,2.46,NA,NA,97.73972603,"European Environment Agency (downloaded in 2021)",NA,2022,NA
"European Region","ESP","Spain","Logrono",2017,NA,19.5,20.18,NA,NA,98.73287671,"European Environment Agency (downloaded in 2021)",NA,2022,NA
"European Region","ESP","Spain","Logrono",2018,NA,21.31,23.15,NA,NA,98.72146119,"European Environment Agency (downloaded in 2021)",NA,2022,NA
"European Region","ESP","Spain","Logrono",2019,NA,22.73,18.8,NA,NA,97.94520548,"European Environment Agency (downloaded in 2021)",NA,2022,NA
"European Region","ESP","Spain","Lorca",2017,NA,22.66,10.64,NA,NA,95.83333333,"European Environment Agency (downloaded in 2021)",NA,2022,NA
"European Region","ESP","Spain","Lorca",2018,NA,15.42,10.61,NA,NA,92.51141553,"European Environment Agency (downloaded in 2021)",NA,2022,NA
"European Region","ESP","Spain","Lorca",2019,NA,21.67,10.68,NA,NA,98.17351598,"European Environment Agency (downloaded in 2021)",NA,2022,NA
"European Region","ESP","Spain","Los Corrales De Buelna",2017,NA,23.9,13.89,NA,NA,98.00228311,"European Environment Agency (downloaded in 2021)",NA,2022,NA
"European Region","ESP","Spain","Los Corrales De Buelna",2018,NA,21.54,12.16,NA,NA,99.09817352,"European Environment Agency (downloaded in 2021)",NA,2022,NA
"European Region","ESP","Spain","Los Corrales De Buelna",2019,NA,20.79,7.79,NA,NA,98.58447489,"European Environment Agency (downloaded in 2021)",NA,2022,NA
"European Region","ESP","Spain","Los Realejos",2017,NA,18.91,10,NA,NA,89.78310502,"European Environment Agency (downloaded in 2021)",NA,2022,NA
"European Region","ESP","Spain","Los Realejos",2018,NA,16.14,6.94,NA,NA,88.63013699,"European Environment Agency (downloaded in 2021)",NA,2022,NA
"European Region","ESP","Spain","Los Realejos",2019,NA,11.56,4.67,NA,NA,98.64155251,"European Environment Agency (downloaded in 2021)",NA,2022,NA
"European Region","ESP","Spain","Los Tojos",2017,NA,9.19,1.86,NA,NA,98.33333333,"European Environment Agency (downloaded in 2021)",NA,2022,NA
"European Region","ESP","Spain","Los Tojos",2018,NA,9.45,0.25,NA,NA,92.99086758,"European Environment Agency (downloaded in 2021)",NA,2022,NA
"European Region","ESP","Spain","Los Tojos",2019,NA,7.69,0.02,NA,NA,98.19634703,"European Environment Agency (downloaded in 2021)",NA,2022,NA
"European Region","ESP","Spain","Lousame",2018,NA,8.19,3.02,NA,NA,99.00684932,"European Environment Agency (downloaded in 2021)",NA,2022,NA
"European Region","ESP","Spain","Lousame",2019,NA,6.6,3.39,NA,NA,98.94977169,"European Environment Agency (downloaded in 2021)",NA,2022,NA
"European Region","ESP","Spain","Lugo",2017,10.1,15.43,8.21,NA,NA,98.05936073,"European Environment Agency (downloaded in 2021)",NA,2022,NA
"European Region","ESP","Spain","Lugo",2018,9.63,11.8,6.75,NA,NA,97.29452055,"European Environment Agency (downloaded in 2021)",NA,2022,NA
"European Region","ESP","Spain","Lugo",2019,8.42,10.89,7.23,NA,NA,96.91210046,"European Environment Agency (downloaded in 2021)",NA,2022,NA
"European Region","ESP","Spain","Lugones",2017,15.47,27.28,20.32,NA,NA,99.36073059,"European Environment Agency (downloaded in 2021)",NA,2022,NA
"European Region","ESP","Spain","Lugones",2018,12.28,24.16,18.94,NA,NA,98.78995434,"European Environment Agency (downloaded in 2021)",NA,2022,NA
"European Region","ESP","Spain","Lugones",2019,13.36,23,21.09,NA,NA,99.31506849,"European Environment Agency (downloaded in 2021)",NA,2022,NA
"European Region","ESP","Spain","Madrid",2017,9.88,19.32,39.17,NA,NA,99.35638182,"European Environment Agency (downloaded in 2021)",NA,2022,NA
"European Region","ESP","Spain","Madrid",2018,10.64,18.11,34.52,NA,NA,99.59067188,"European Environment Agency (downloaded in 2021)",NA,2022,NA
"European Region","ESP","Spain","Madrid",2019,9.86,17.32,32.9,NA,NA,98.75244618,"European Environment Agency (downloaded in 2021)",NA,2022,NA
"European Region","ESP","Spain","Mairena Del Aljarafe",2019,NA,21.31,13.08,NA,NA,98.71004566,"European Environment Agency (downloaded in 2021)",NA,2022,NA
"European Region","ESP","Spain","Majadahonda",2017,NA,17.35,29.68,NA,NA,98.57305936,"European Environment Agency (downloaded in 2021)",NA,2022,NA
"European Region","ESP","Spain","Majadahonda",2018,NA,13.03,22.71,NA,NA,98.86986301,"European Environment Agency (downloaded in 2021)",NA,2022,NA
"European Region","ESP","Spain","Majadahonda",2019,NA,13.44,22.43,NA,NA,98.61872146,"European Environment Agency (downloaded in 2021)",NA,2022,NA
"European Region","ESP","Spain","Malaga",2019,NA,30.91,22.64,NA,NA,95.73059361,"European Environment Agency (downloaded in 2021)",NA,2022,NA
"European Region","ESP","Spain","Mao",2018,NA,18.83,10.18,NA,NA,96.76940639,"European Environment Agency (downloaded in 2021)",NA,2022,NA
"European Region","ESP","Spain","Mao",2019,NA,19.31,10.54,NA,NA,77.65981735,"European Environment Agency (downloaded in 2021)",NA,2022,NA
"European Region","ESP","Spain","Marbella",2018,NA,33.86,27.44,NA,NA,91.67808219,"European Environment Agency (downloaded in 2021)",NA,2022,NA
"European Region","ESP","Spain","Marbella",2019,NA,34.7,26.94,NA,NA,95.10273973,"European Environment Agency (downloaded in 2021)",NA,2022,NA
"European Region","ESP","Spain","Medina De Pomar",2018,NA,13.52,3.07,NA,NA,96.99771689,"European Environment Agency (downloaded in 2021)",NA,2022,NA
"European Region","ESP","Spain","Merida",2018,NA,14.62,9.11,NA,NA,96.89497717,"European Environment Agency (downloaded in 2021)",NA,2022,NA
"European Region","ESP","Spain","Merida",2019,NA,14.46,9.13,NA,NA,97.03196347,"European Environment Agency (downloaded in 2021)",NA,2022,NA
"European Region","ESP","Spain","Mieres",2017,NA,24.63,18.35,NA,NA,96.63242009,"European Environment Agency (downloaded in 2021)",NA,2022,NA
"European Region","ESP","Spain","Mieres",2018,NA,22.45,16.21,NA,NA,95.0456621,"European Environment Agency (downloaded in 2021)",NA,2022,NA
"European Region","ESP","Spain","Mieres",2019,NA,23.29,14.46,NA,NA,98.34474886,"European Environment Agency (downloaded in 2021)",NA,2022,NA
"European Region","ESP","Spain","Mimetiz",2017,7.97,16.74,10.13,NA,NA,97.8196347,"European Environment Agency (downloaded in 2021)",NA,2022,NA
"European Region","ESP","Spain","Mimetiz",2018,8.06,14.5,9.9,NA,NA,98.97260274,"European Environment Agency (downloaded in 2021)",NA,2022,NA
"European Region","ESP","Spain","Mimetiz",2019,7.33,14.43,10.14,NA,NA,97.87671233,"European Environment Agency (downloaded in 2021)",NA,2022,NA
"European Region","ESP","Spain","Miranda De Ebro",2017,NA,21.51,13.3,NA,NA,98.80136986,"European Environment Agency (downloaded in 2021)",NA,2022,NA
"European Region","ESP","Spain","Miranda De Ebro",2018,NA,22.04,7.93,NA,NA,96.75799087,"European Environment Agency (downloaded in 2021)",NA,2022,NA
"European Region","ESP","Spain","Miranda De Ebro",2019,NA,19.26,14.24,NA,NA,96.75799087,"European Environment Agency (downloaded in 2021)",NA,2022,NA
"European Region","ESP","Spain","Moguer",2017,NA,24.63,14.15,NA,NA,86.82648402,"European Environment Agency (downloaded in 2021)",NA,2022,NA
"European Region","ESP","Spain","Moguer",2018,NA,23.74,11.94,NA,NA,92.1347032,"European Environment Agency (downloaded in 2021)",NA,2022,NA
"European Region","ESP","Spain","Moguer",2019,NA,22.31,14.71,NA,NA,94.12671233,"European Environment Agency (downloaded in 2021)",NA,2022,NA
"European Region","ESP","Spain","Monzon",2017,NA,19.25,9.29,NA,NA,99.32648402,"European Environment Agency (downloaded in 2021)",NA,2022,NA
"European Region","ESP","Spain","Monzon",2018,NA,18.47,8.11,NA,NA,96.88356164,"European Environment Agency (downloaded in 2021)",NA,2022,NA
"European Region","ESP","Spain","Monzon",2019,12.79,20.91,11.98,NA,NA,99.49771689,"European Environment Agency (downloaded in 2021)",NA,2022,NA
"European Region","ESP","Spain","Mostoles",2017,NA,21.42,31.77,NA,NA,98.65296804,"European Environment Agency (downloaded in 2021)",NA,2022,NA
"European Region","ESP","Spain","Mostoles",2018,NA,17.21,26.72,NA,NA,98.75570776,"European Environment Agency (downloaded in 2021)",NA,2022,NA
"European Region","ESP","Spain","Mostoles",2019,NA,16.63,25.79,NA,NA,98.78995434,"European Environment Agency (downloaded in 2021)",NA,2022,NA
"European Region","ESP","Spain","Motril",2017,NA,23.95,13,NA,NA,94.20091324,"European Environment Agency (downloaded in 2021)",NA,2022,NA
"European Region","ESP","Spain","Motril",2018,NA,29.16,10.66,NA,NA,89.47488584,"European Environment Agency (downloaded in 2021)",NA,2022,NA
"European Region","ESP","Spain","Murcia",2017,NA,34.1,31.48,NA,NA,95.42237443,"European Environment Agency (downloaded in 2021)",NA,2022,NA
"European Region","ESP","Spain","Murcia",2019,NA,29.19,38.1,NA,NA,89.79452055,"European Environment Agency (downloaded in 2021)",NA,2022,NA
"European Region","ESP","Spain","Muriel De La Fuente",2019,NA,14.22,3.99,NA,NA,97.37442922,"European Environment Agency (downloaded in 2021)",NA,2022,NA
"European Region","ESP","Spain","Navarra",2017,NA,15.43,6.36,NA,NA,95.74200913,"European Environment Agency (downloaded in 2021)",NA,2022,NA
"European Region","ESP","Spain","Navarra",2018,NA,14.43,5.33,NA,NA,98.88127854,"European Environment Agency (downloaded in 2021)",NA,2022,NA
"European Region","ESP","Spain","Navarra",2019,NA,15.35,5.07,NA,NA,98.29908676,"European Environment Agency (downloaded in 2021)",NA,2022,NA
"European Region","ESP","Spain","Obejo",2017,NA,13.92,4.58,NA,NA,89.47488584,"European Environment Agency (downloaded in 2021)",NA,2022,NA
"European Region","ESP","Spain","Obejo",2019,NA,13.48,7.87,NA,NA,92.65981735,"European Environment Agency (downloaded in 2021)",NA,2022,NA
"European Region","ESP","Spain","Ogijares",2017,NA,39.5,20.91,NA,NA,98.90410959,"European Environment Agency (downloaded in 2021)",NA,2022,NA
"European Region","ESP","Spain","Ogijares",2019,NA,34.95,17.03,NA,NA,91.72374429,"European Environment Agency (downloaded in 2021)",NA,2022,NA
"European Region","ESP","Spain","Oliva De Plasencia",2019,NA,10.48,8.34,NA,NA,97.15753425,"European Environment Agency (downloaded in 2021)",NA,2022,NA
"European Region","ESP","Spain","Onda",2017,NA,18.98,12.12,NA,NA,95.15981735,"European Environment Agency (downloaded in 2021)",NA,2022,NA
"European Region","ESP","Spain","Onda",2018,NA,16.52,9.6,NA,NA,94.44063927,"European Environment Agency (downloaded in 2021)",NA,2022,NA
"European Region","ESP","Spain","Onda",2019,NA,19.6,9.7,NA,NA,97.2716895,"European Environment Agency (downloaded in 2021)",NA,2022,NA
"European Region","ESP","Spain","Oural",2017,11.64,11.42,17.97,NA,NA,97.24885845,"European Environment Agency (downloaded in 2021)",NA,2022,NA
"European Region","ESP","Spain","Oural",2018,11.06,11.5,9.5,NA,NA,93.61872146,"European Environment Agency (downloaded in 2021)",NA,2022,NA
"European Region","ESP","Spain","Ourense",2017,9.83,16.64,14.33,NA,NA,98.41894978,"European Environment Agency (downloaded in 2021)",NA,2022,NA
"European Region","ESP","Spain","Ourense",2018,7.88,16.27,13.69,NA,NA,98.44748858,"European Environment Agency (downloaded in 2021)",NA,2022,NA
"European Region","ESP","Spain","Ourense",2019,8.05,19.74,13.14,NA,NA,99.06392694,"European Environment Agency (downloaded in 2021)",NA,2022,NA
"European Region","ESP","Spain","Oviedo",2017,11.8,23.91,21.14,NA,NA,97.46575342,"European Environment Agency (downloaded in 2021)",NA,2022,NA
"European Region","ESP","Spain","Oviedo",2018,11.33,20.08,23.72,NA,NA,99.07534247,"European Environment Agency (downloaded in 2021)",NA,2022,NA
"European Region","ESP","Spain","Oviedo",2019,10.76,17.99,22.73,NA,NA,98.89649924,"European Environment Agency (downloaded in 2021)",NA,2022,NA
"European Region","ESP","Spain","Palma",2017,NA,21.12,20.25,NA,NA,93.93550228,"European Environment Agency (downloaded in 2021)",NA,2022,NA
"European Region","ESP","Spain","Palma",2018,NA,22.73,21,NA,NA,93.64155251,"European Environment Agency (downloaded in 2021)",NA,2022,NA
"European Region","ESP","Spain","Palma",2019,NA,25,19.95,NA,NA,97.15372907,"European Environment Agency (downloaded in 2021)",NA,2022,NA
"European Region","ESP","Spain","Palos De La Frontera",2017,NA,24.1,11.68,NA,NA,94.00684932,"European Environment Agency (downloaded in 2021)",NA,2022,NA
"European Region","ESP","Spain","Palos De La Frontera",2018,NA,22.99,10.15,NA,NA,95.76484018,"European Environment Agency (downloaded in 2021)",NA,2022,NA
"European Region","ESP","Spain","Palos De La Frontera",2019,NA,24.04,12.46,NA,NA,98.97260274,"European Environment Agency (downloaded in 2021)",NA,2022,NA
"European Region","ESP","Spain","Pamplona",2017,NA,14.33,23.75,NA,NA,97.30593607,"European Environment Agency (downloaded in 2021)",NA,2022,NA
"European Region","ESP","Spain","Pamplona",2018,NA,14.35,20.54,NA,NA,96.42313546,"European Environment Agency (downloaded in 2021)",NA,2022,NA
"European Region","ESP","Spain","Pamplona",2019,NA,14.72,22.73,NA,NA,95.39193303,"European Environment Agency (downloaded in 2021)",NA,2022,NA
"European Region","ESP","Spain","Pastoriza",2017,NA,15.86,12.39,NA,NA,98.92694064,"European Environment Agency (downloaded in 2021)",NA,2022,NA
"European Region","ESP","Spain","Pastoriza",2018,NA,14.86,9.83,NA,NA,99.07534247,"European Environment Agency (downloaded in 2021)",NA,2022,NA
"European Region","ESP","Spain","Pastoriza",2019,NA,17.44,7.7,NA,NA,99.18949772,"European Environment Agency (downloaded in 2021)",NA,2022,NA
"European Region","ESP","Spain","Paterna",2017,NA,19.69,21.34,NA,NA,97.85388128,"European Environment Agency (downloaded in 2021)",NA,2022,NA
"European Region","ESP","Spain","Paterna",2018,NA,17.12,19.36,NA,NA,97.1803653,"European Environment Agency (downloaded in 2021)",NA,2022,NA
"European Region","ESP","Spain","Patones",2017,8.41,14.35,5.29,NA,NA,98.92694064,"European Environment Agency (downloaded in 2021)",NA,2022,NA
"European Region","ESP","Spain","Patones",2018,6.87,11.66,4.36,NA,NA,97.56849315,"European Environment Agency (downloaded in 2021)",NA,2022,NA
"European Region","ESP","Spain","Patones",2019,7.04,11.3,4.19,NA,NA,98.07077626,"European Environment Agency (downloaded in 2021)",NA,2022,NA
"European Region","ESP","Spain","Pollenca",2017,NA,14.23,4.43,NA,NA,93.26484018,"European Environment Agency (downloaded in 2021)",NA,2022,NA
"European Region","ESP","Spain","Pollenca",2018,NA,14.82,4.18,NA,NA,98.42465753,"European Environment Agency (downloaded in 2021)",NA,2022,NA
"European Region","ESP","Spain","Pollenca",2019,NA,14.78,4.32,NA,NA,97.67123288,"European Environment Agency (downloaded in 2021)",NA,2022,NA
"European Region","ESP","Spain","Ponferrada",2017,NA,22.26,10.02,NA,NA,99.14383562,"European Environment Agency (downloaded in 2021)",NA,2022,NA
"European Region","ESP","Spain","Ponferrada",2018,NA,18.8,7.95,NA,NA,96.28995434,"European Environment Agency (downloaded in 2021)",NA,2022,NA
"European Region","ESP","Spain","Ponferrada",2019,NA,17.97,8.98,NA,NA,98.55022831,"European Environment Agency (downloaded in 2021)",NA,2022,NA
"European Region","ESP","Spain","Pradejon",2017,6.24,15.3,6.95,NA,NA,99.12100457,"European Environment Agency (downloaded in 2021)",NA,2022,NA
"European Region","ESP","Spain","Pradejon",2018,11.28,18.66,6.72,NA,NA,98.32191781,"European Environment Agency (downloaded in 2021)",NA,2022,NA
"European Region","ESP","Spain","Pradejon",2019,10.55,18.77,6.97,NA,NA,98.76712329,"European Environment Agency (downloaded in 2021)",NA,2022,NA
"European Region","ESP","Spain","Prado Del Rey",2017,NA,27.95,5.85,NA,NA,90.54794521,"European Environment Agency (downloaded in 2021)",NA,2022,NA
"European Region","ESP","Spain","Puebla De Sancho Perez",2018,NA,13.22,5.32,NA,NA,96.65525114,"European Environment Agency (downloaded in 2021)",NA,2022,NA
"European Region","ESP","Spain","Puebla De Sancho Perez",2019,NA,12.37,5.1,NA,NA,91.91780822,"European Environment Agency (downloaded in 2021)",NA,2022,NA
"European Region","ESP","Spain","Puerto Del Rosario",2017,7.99,31.82,9.02,NA,NA,87.24600457,"European Environment Agency (downloaded in 2021)",NA,2022,NA
"European Region","ESP","Spain","Puerto Del Rosario",2018,6.42,25.41,6.43,NA,NA,97.8966895,"European Environment Agency (downloaded in 2021)",NA,2022,NA
"European Region","ESP","Spain","Puerto Del Rosario",2019,8.39,27.3,9.57,NA,NA,97.97184171,"European Environment Agency (downloaded in 2021)",NA,2022,NA
"European Region","ESP","Spain","Puertollano",2017,13.93,25.18,16.66,NA,NA,97.20605023,"European Environment Agency (downloaded in 2021)",NA,2022,NA
"European Region","ESP","Spain","Puertollano",2018,15.3,28.59,16.77,NA,NA,97.7597032,"European Environment Agency (downloaded in 2021)",NA,2022,NA
"European Region","ESP","Spain","Puertollano",2019,17.54,32.46,13.08,NA,NA,95.21689498,"European Environment Agency (downloaded in 2021)",NA,2022,NA
"European Region","ESP","Spain","Punta Umbria",2019,NA,18.26,10.06,NA,NA,98.61872146,"European Environment Agency (downloaded in 2021)",NA,2022,NA
"European Region","ESP","Spain","Quart De Poblet",2017,9.42,21.21,26.43,NA,NA,94.00684932,"European Environment Agency (downloaded in 2021)",NA,2022,NA
"European Region","ESP","Spain","Quart De Poblet",2018,12.69,23.7,23.48,NA,NA,84.79452055,"European Environment Agency (downloaded in 2021)",NA,2022,NA
"European Region","ESP","Spain","Quart De Poblet",2019,13.32,26.95,20.93,NA,NA,94.65753425,"European Environment Agency (downloaded in 2021)",NA,2022,NA
"European Region","ESP","Spain","Reinosa",2017,NA,14.58,13.82,NA,NA,98.36757991,"European Environment Agency (downloaded in 2021)",NA,2022,NA
"European Region","ESP","Spain","Reinosa",2018,NA,12,11.76,NA,NA,99.17808219,"European Environment Agency (downloaded in 2021)",NA,2022,NA
"European Region","ESP","Spain","Reinosa",2019,NA,15.62,10.67,NA,NA,97.47716895,"European Environment Agency (downloaded in 2021)",NA,2022,NA
"European Region","ESP","Spain","Reus",2017,NA,21.51,18.43,NA,NA,94.23515982,"European Environment Agency (downloaded in 2021)",NA,2022,NA
"European Region","ESP","Spain","Reus",2018,NA,19.38,17.62,NA,NA,96.60958904,"European Environment Agency (downloaded in 2021)",NA,2022,NA
"European Region","ESP","Spain","Reus",2019,NA,17.7,17.53,NA,NA,95.12557078,"European Environment Agency (downloaded in 2021)",NA,2022,NA
"European Region","ESP","Spain","Rivas-Vaciamadrid",2017,NA,22,38.13,NA,NA,99.00684932,"European Environment Agency (downloaded in 2021)",NA,2022,NA
"European Region","ESP","Spain","Rivas-Vaciamadrid",2018,NA,20.37,30.13,NA,NA,98.52739726,"European Environment Agency (downloaded in 2021)",NA,2022,NA
"European Region","ESP","Spain","Rivas-Vaciamadrid",2019,NA,21.52,29.09,NA,NA,98.74429224,"European Environment Agency (downloaded in 2021)",NA,2022,NA
"European Region","ESP","Spain","Rubi",2017,NA,22.02,28.09,NA,NA,98.01369863,"European Environment Agency (downloaded in 2021)",NA,2022,NA
"European Region","ESP","Spain","Rubi",2018,NA,19.57,22.91,NA,NA,96.11872146,"European Environment Agency (downloaded in 2021)",NA,2022,NA
"European Region","ESP","Spain","Rubi",2019,NA,21.04,23.44,NA,NA,96.16438356,"European Environment Agency (downloaded in 2021)",NA,2022,NA
"European Region","ESP","Spain","Sa Pobla",2017,NA,17.19,6.06,NA,NA,87.5456621,"European Environment Agency (downloaded in 2021)",NA,2022,NA
"European Region","ESP","Spain","Sa Pobla",2018,NA,15.87,5.76,NA,NA,98.27054795,"European Environment Agency (downloaded in 2021)",NA,2022,NA
"European Region","ESP","Spain","Sa Pobla",2019,NA,18.62,6.25,NA,NA,96.96917808,"European Environment Agency (downloaded in 2021)",NA,2022,NA
"European Region","ESP","Spain","Sagunt",2017,6.91,13.13,12.83,NA,NA,97.18607306,"European Environment Agency (downloaded in 2021)",NA,2022,NA
"European Region","ESP","Spain","Sagunt",2018,6.62,11.69,12.57,NA,NA,95.4109589,"European Environment Agency (downloaded in 2021)",NA,2022,NA
"European Region","ESP","Spain","Sagunt",2019,5.18,13.8,12.86,NA,NA,92.39726027,"European Environment Agency (downloaded in 2021)",NA,2022,NA
"European Region","ESP","Spain","Salamanca",2017,NA,19.3,13.27,NA,NA,97.98515982,"European Environment Agency (downloaded in 2021)",NA,2022,NA
"European Region","ESP","Spain","Salamanca",2018,NA,18.43,10.96,NA,NA,98.48173516,"European Environment Agency (downloaded in 2021)",NA,2022,NA
"European Region","ESP","Spain","Salamanca",2019,NA,16.21,10.55,NA,NA,99.0410959,"European Environment Agency (downloaded in 2021)",NA,2022,NA
"European Region","ESP","Spain","Salinas",2017,8.56,22.61,13.69,NA,NA,99.12100457,"European Environment Agency (downloaded in 2021)",NA,2022,NA
"European Region","ESP","Spain","Salinas",2018,7.96,19.79,13.03,NA,NA,98.20776256,"European Environment Agency (downloaded in 2021)",NA,2022,NA
"European Region","ESP","Spain","Salinas",2019,7.35,17.01,13.27,NA,NA,97.51141553,"European Environment Agency (downloaded in 2021)",NA,2022,NA
"European Region","ESP","Spain","San Bartolome De Tirajana",2017,10.77,39.63,17.1,NA,NA,97.63127854,"European Environment Agency (downloaded in 2021)",NA,2022,NA
"European Region","ESP","Spain","San Bartolome De Tirajana",2018,9.62,35.82,14.11,NA,NA,99.57762557,"European Environment Agency (downloaded in 2021)",NA,2022,NA
"European Region","ESP","Spain","San Bartolome De Tirajana",2019,8.62,34.37,13.82,NA,NA,99.35502283,"European Environment Agency (downloaded in 2021)",NA,2022,NA
"European Region","ESP","Spain","San Isidro",2017,10.56,26.11,12.37,NA,NA,96.47260274,"European Environment Agency (downloaded in 2021)",NA,2022,NA
"European Region","ESP","Spain","San Isidro",2018,9.55,22.69,12.37,NA,NA,98.76712329,"European Environment Agency (downloaded in 2021)",NA,2022,NA
"European Region","ESP","Spain","San Isidro",2019,6.8,30.59,11.56,NA,NA,98.76712329,"European Environment Agency (downloaded in 2021)",NA,2022,NA
"European Region","ESP","Spain","San Jorge",2017,NA,13.88,7.4,NA,NA,85.83333333,"European Environment Agency (downloaded in 2021)",NA,2022,NA
"European Region","ESP","Spain","San Jorge",2018,NA,12.08,6.55,NA,NA,96.25570776,"European Environment Agency (downloaded in 2021)",NA,2022,NA
"European Region","ESP","Spain","San Juan Del Puerto",2017,NA,20.37,16.61,NA,NA,93.39041096,"European Environment Agency (downloaded in 2021)",NA,2022,NA
"European Region","ESP","Spain","San Juan Del Puerto",2019,NA,24.74,13.79,NA,NA,88.44748858,"European Environment Agency (downloaded in 2021)",NA,2022,NA
"European Region","ESP","Spain","San Martin De Valdeiglesias",2017,NA,18.75,10.24,NA,NA,98.28767123,"European Environment Agency (downloaded in 2021)",NA,2022,NA
"European Region","ESP","Spain","San Martin De Valdeiglesias",2018,NA,14.68,7.55,NA,NA,98.55022831,"European Environment Agency (downloaded in 2021)",NA,2022,NA
"European Region","ESP","Spain","San Martin De Valdeiglesias",2019,NA,12.9,6.7,NA,NA,98.83561644,"European Environment Agency (downloaded in 2021)",NA,2022,NA
"European Region","ESP","Spain","San Martin Del Rey Aurelio",2017,NA,20.31,9.14,NA,NA,99.02968037,"European Environment Agency (downloaded in 2021)",NA,2022,NA
"European Region","ESP","Spain","San Martin Del Rey Aurelio",2018,NA,21.04,9.75,NA,NA,96.71232877,"European Environment Agency (downloaded in 2021)",NA,2022,NA
"European Region","ESP","Spain","San Martin Del Rey Aurelio",2019,NA,22.4,9.18,NA,NA,99.28082192,"European Environment Agency (downloaded in 2021)",NA,2022,NA
"European Region","ESP","Spain","San Pablo De Los Montes",2017,5.6,12.38,1.44,NA,NA,98.59589041,"European Environment Agency (downloaded in 2021)",NA,2022,NA
"European Region","ESP","Spain","San Pablo De Los Montes",2018,5.9,11.92,1.14,NA,NA,98.57305936,"European Environment Agency (downloaded in 2021)",NA,2022,NA
"European Region","ESP","Spain","San Pablo De Los Montes",2019,6.11,10.52,1.07,NA,NA,96.74657534,"European Environment Agency (downloaded in 2021)",NA,2022,NA
"European Region","ESP","Spain","San Roque",2017,NA,23.43,14.94,NA,NA,93.17123288,"European Environment Agency (downloaded in 2021)",NA,2022,NA
"European Region","ESP","Spain","San Roque",2018,NA,20.73,14.05,NA,NA,96.11415525,"European Environment Agency (downloaded in 2021)",NA,2022,NA
"European Region","ESP","Spain","San Roque",2019,NA,22.27,12.88,NA,NA,94.84018265,"European Environment Agency (downloaded in 2021)",NA,2022,NA
"European Region","ESP","Spain","San Sebastian De La Gomera",2017,7.82,26.18,14.2,NA,NA,94.68607306,"European Environment Agency (downloaded in 2021)",NA,2022,NA
"European Region","ESP","Spain","San Sebastian De La Gomera",2018,10.06,24.48,6.91,NA,NA,98.28196347,"European Environment Agency (downloaded in 2021)",NA,2022,NA
"European Region","ESP","Spain","San Sebastian De La Gomera",2019,10.04,23.53,9.11,NA,NA,98.1563927,"European Environment Agency (downloaded in 2021)",NA,2022,NA
"European Region","ESP","Spain","Sant Adria De Besos",2017,NA,27.78,39.84,NA,NA,98.53881279,"European Environment Agency (downloaded in 2021)",NA,2022,NA
"European Region","ESP","Spain","Sant Adria De Besos",2018,NA,24.83,40.12,NA,NA,99.07534247,"European Environment Agency (downloaded in 2021)",NA,2022,NA
"European Region","ESP","Spain","Sant Adria De Besos",2019,NA,24.25,36.97,NA,NA,99.39497717,"European Environment Agency (downloaded in 2021)",NA,2022,NA
"European Region","ESP","Spain","Sant Antoni De Portmany",2017,NA,14.22,4.47,NA,NA,89.9543379,"European Environment Agency (downloaded in 2021)",NA,2022,NA
"European Region","ESP","Spain","Sant Antoni De Portmany",2018,NA,16.03,3.53,NA,NA,86.71232877,"European Environment Agency (downloaded in 2021)",NA,2022,NA
"European Region","ESP","Spain","Sant Antoni De Portmany",2019,NA,16.82,3.5,NA,NA,96.94063927,"European Environment Agency (downloaded in 2021)",NA,2022,NA
"European Region","ESP","Spain","Sant Celoni",2017,NA,19.85,30.5,NA,NA,93.31050228,"European Environment Agency (downloaded in 2021)",NA,2022,NA
"European Region","ESP","Spain","Sant Celoni",2018,NA,19.29,25.15,NA,NA,94.60045662,"European Environment Agency (downloaded in 2021)",NA,2022,NA
"European Region","ESP","Spain","Sant Celoni",2019,NA,19.32,25.03,NA,NA,99.32648402,"European Environment Agency (downloaded in 2021)",NA,2022,NA
"European Region","ESP","Spain","Sant Esteve De La Sarga",2017,6.39,7.46,1.48,NA,NA,91.80365297,"European Environment Agency (downloaded in 2021)",NA,2022,NA
"European Region","ESP","Spain","Sant Esteve De La Sarga",2018,10.2,11.55,1.36,NA,NA,94.9543379,"European Environment Agency (downloaded in 2021)",NA,2022,NA
"European Region","ESP","Spain","Sant Vicenc Dels Horts",2017,NA,25.57,32.75,NA,NA,97.60273973,"European Environment Agency (downloaded in 2021)",NA,2022,NA
"European Region","ESP","Spain","Sant Vicenc Dels Horts",2018,NA,24.91,30.34,NA,NA,94.23515982,"European Environment Agency (downloaded in 2021)",NA,2022,NA
"European Region","ESP","Spain","Sant Vicenc Dels Horts",2019,NA,22.89,30.03,NA,NA,96.99200913,"European Environment Agency (downloaded in 2021)",NA,2022,NA
"European Region","ESP","Spain","Santa Cruz De La Palma",2017,6.65,28.39,17.15,NA,NA,94.06392694,"European Environment Agency (downloaded in 2021)",NA,2022,NA
"European Region","ESP","Spain","Santa Cruz De La Palma",2018,6.14,24.75,11.1,NA,NA,99.14383562,"European Environment Agency (downloaded in 2021)",NA,2022,NA
"European Region","ESP","Spain","Santa Cruz De La Palma",2019,8.46,30.11,13.4,NA,NA,99.69178082,"European Environment Agency (downloaded in 2021)",NA,2022,NA
"European Region","ESP","Spain","Santa Cruz De Tenerife",2017,8.68,22.75,17,NA,NA,94.66479867,"European Environment Agency (downloaded in 2021)",NA,2022,NA
"European Region","ESP","Spain","Santa Cruz De Tenerife",2018,7.29,19.21,14.72,NA,NA,96.43212951,"European Environment Agency (downloaded in 2021)",NA,2022,NA
"European Region","ESP","Spain","Santa Cruz De Tenerife",2019,8.41,21.42,15.37,NA,NA,95.83079655,"European Environment Agency (downloaded in 2021)",NA,2022,NA
"European Region","ESP","Spain","Santa Perpetua De Mogoda",2017,NA,26.59,37.45,NA,NA,96.06164384,"European Environment Agency (downloaded in 2021)",NA,2022,NA
"European Region","ESP","Spain","Santa Perpetua De Mogoda",2018,NA,24.48,32.03,NA,NA,97.32876712,"European Environment Agency (downloaded in 2021)",NA,2022,NA
"European Region","ESP","Spain","Santa Perpetua De Mogoda",2019,NA,26.5,31.78,NA,NA,96.90639269,"European Environment Agency (downloaded in 2021)",NA,2022,NA
"European Region","ESP","Spain","Santander",2017,NA,21.97,24.83,NA,NA,95.96461188,"European Environment Agency (downloaded in 2021)",NA,2022,NA
"European Region","ESP","Spain","Santander",2018,NA,21.34,23.5,NA,NA,95.91894977,"European Environment Agency (downloaded in 2021)",NA,2022,NA
"European Region","ESP","Spain","Santander",2019,NA,22.51,20.67,NA,NA,98.7956621,"European Environment Agency (downloaded in 2021)",NA,2022,NA
"European Region","ESP","Spain","Santiago De Compostela",2017,12.69,24.64,16.51,NA,NA,96.96347032,"European Environment Agency (downloaded in 2021)",NA,2022,NA
"European Region","ESP","Spain","Santiago De Compostela",2018,10.33,19.46,15.15,NA,NA,98.62442922,"European Environment Agency (downloaded in 2021)",NA,2022,NA
"European Region","ESP","Spain","Santiago De Compostela",2019,9.72,18.15,14.2,NA,NA,97.9737443,"European Environment Agency (downloaded in 2021)",NA,2022,NA
"European Region","ESP","Spain","Segovia",2017,NA,11.72,12.97,NA,NA,99.46347032,"European Environment Agency (downloaded in 2021)",NA,2022,NA
"European Region","ESP","Spain","Segovia",2018,NA,13.49,10.67,NA,NA,98.45890411,"European Environment Agency (downloaded in 2021)",NA,2022,NA
"European Region","ESP","Spain","Segovia",2019,NA,15.79,10.17,NA,NA,97.1803653,"European Environment Agency (downloaded in 2021)",NA,2022,NA
"European Region","ESP","Spain","Soria",2017,NA,16.84,21.13,NA,NA,99.49771689,"European Environment Agency (downloaded in 2021)",NA,2022,NA
"European Region","ESP","Spain","Soria",2018,NA,12.23,18.59,NA,NA,98.02511416,"European Environment Agency (downloaded in 2021)",NA,2022,NA
"European Region","ESP","Spain","Soria",2019,NA,11.48,19.75,NA,NA,99.20091324,"European Environment Agency (downloaded in 2021)",NA,2022,NA
"European Region","ESP","Spain","Talavera De La Reina",2017,NA,36.96,22.19,NA,NA,97.4086758,"European Environment Agency (downloaded in 2021)",NA,2022,NA
"European Region","ESP","Spain","Talavera De La Reina",2018,NA,23.69,15.71,NA,NA,97.956621,"European Environment Agency (downloaded in 2021)",NA,2022,NA
"European Region","ESP","Spain","Talavera De La Reina",2019,NA,21.12,15.93,NA,NA,98.45890411,"European Environment Agency (downloaded in 2021)",NA,2022,NA
"European Region","ESP","Spain","Tarragona",2017,NA,13.89,19.5,NA,NA,97.40296804,"European Environment Agency (downloaded in 2021)",NA,2022,NA
"European Region","ESP","Spain","Tarragona",2018,NA,13.15,17.9,NA,NA,94.86872146,"European Environment Agency (downloaded in 2021)",NA,2022,NA
"European Region","ESP","Spain","Tarragona",2019,NA,17.1,16.35,NA,NA,98.36472603,"European Environment Agency (downloaded in 2021)",NA,2022,NA
"European Region","ESP","Spain","Teguise",2018,7.04,23.18,5.28,NA,NA,98.52739726,"European Environment Agency (downloaded in 2021)",NA,2022,NA
"European Region","ESP","Spain","Teguise",2019,8,24.26,8.58,NA,NA,98.92694064,"European Environment Agency (downloaded in 2021)",NA,2022,NA
"European Region","ESP","Spain","Telde",2017,8.45,27.97,10.44,NA,NA,95.04946727,"European Environment Agency (downloaded in 2021)",NA,2022,NA
"European Region","ESP","Spain","Telde",2018,5.98,19.91,10.45,NA,NA,96.86453577,"European Environment Agency (downloaded in 2021)",NA,2022,NA
"European Region","ESP","Spain","Telde",2019,6.15,23.16,8.49,NA,NA,95.99695586,"European Environment Agency (downloaded in 2021)",NA,2022,NA
"European Region","ESP","Spain","Teruel",2017,NA,14.1,11.73,NA,NA,98.08219178,"European Environment Agency (downloaded in 2021)",NA,2022,NA
"European Region","ESP","Spain","Teruel",2018,8.37,12.63,10.24,NA,NA,96.39269406,"European Environment Agency (downloaded in 2021)",NA,2022,NA
"European Region","ESP","Spain","Teruel",2019,8.57,12.46,9.59,NA,NA,99.18949772,"European Environment Agency (downloaded in 2021)",NA,2022,NA
"European Region","ESP","Spain","Toledo",2017,12.79,23.08,21.38,NA,NA,99.32648402,"European Environment Agency (downloaded in 2021)",NA,2022,NA
"European Region","ESP","Spain","Toledo",2018,14.46,22.15,20.76,NA,NA,98.67579909,"European Environment Agency (downloaded in 2021)",NA,2022,NA
"European Region","ESP","Spain","Toledo",2019,11.91,21.19,19.27,NA,NA,95.11415525,"European Environment Agency (downloaded in 2021)",NA,2022,NA
"European Region","ESP","Spain","Tolosa",2017,NA,18.68,24.54,NA,NA,99.23515982,"European Environment Agency (downloaded in 2021)",NA,2022,NA
"European Region","ESP","Spain","Tolosa",2018,NA,15.86,24.09,NA,NA,97.37442922,"European Environment Agency (downloaded in 2021)",NA,2022,NA
"European Region","ESP","Spain","Tolosa",2019,NA,16.02,23.13,NA,NA,99.40639269,"European Environment Agency (downloaded in 2021)",NA,2022,NA
"European Region","ESP","Spain","Toril",2019,NA,9.18,2.49,NA,NA,94.93150685,"European Environment Agency (downloaded in 2021)",NA,2022,NA
"European Region","ESP","Spain","Torrejon De Ardoz",2017,NA,24.99,29.93,NA,NA,98.82420091,"European Environment Agency (downloaded in 2021)",NA,2022,NA
"European Region","ESP","Spain","Torrejon De Ardoz",2018,12.43,20.66,24.9,NA,NA,98.83561644,"European Environment Agency (downloaded in 2021)",NA,2022,NA
"European Region","ESP","Spain","Torrejon De Ardoz",2019,10.81,21.42,28.79,NA,NA,98.51598174,"European Environment Agency (downloaded in 2021)",NA,2022,NA
"European Region","ESP","Spain","Torrelavega",2017,NA,17.57,18.42,NA,NA,99.14954338,"European Environment Agency (downloaded in 2021)",NA,2022,NA
"European Region","ESP","Spain","Torrelavega",2018,NA,20.1,14.97,NA,NA,99.12671233,"European Environment Agency (downloaded in 2021)",NA,2022,NA
"European Region","ESP","Spain","Torrelavega",2019,NA,19.68,15.56,NA,NA,96.13584475,"European Environment Agency (downloaded in 2021)",NA,2022,NA
"European Region","ESP","Spain","Torrevieja",2019,9.86,12.38,11.61,NA,NA,99.12100457,"European Environment Agency (downloaded in 2021)",NA,2022,NA
"European Region","ESP","Spain","Traslodeiro",2017,NA,12.52,22.95,NA,NA,86.95205479,"European Environment Agency (downloaded in 2021)",NA,2022,NA
"European Region","ESP","Spain","Traslodeiro",2018,NA,9.94,20.21,NA,NA,84.15525114,"European Environment Agency (downloaded in 2021)",NA,2022,NA
"European Region","ESP","Spain","Traslodeiro",2019,NA,8.75,3.96,NA,NA,95.3652968,"European Environment Agency (downloaded in 2021)",NA,2022,NA
"European Region","ESP","Spain","Trepuco",2017,NA,16.15,7.19,NA,NA,77.70547945,"European Environment Agency (downloaded in 2021)",NA,2022,NA
"European Region","ESP","Spain","Trepuco",2018,NA,14.25,7.4,NA,NA,95.54794521,"European Environment Agency (downloaded in 2021)",NA,2022,NA
"European Region","ESP","Spain","Tudela",2017,NA,18.13,9.48,NA,NA,97.5,"European Environment Agency (downloaded in 2021)",NA,2022,NA
"European Region","ESP","Spain","Tudela",2018,NA,12.21,9.2,NA,NA,94.07534247,"European Environment Agency (downloaded in 2021)",NA,2022,NA
"European Region","ESP","Spain","Tudela",2019,NA,14.41,8.77,NA,NA,95.59360731,"European Environment Agency (downloaded in 2021)",NA,2022,NA
"European Region","ESP","Spain","Urbanizacion Tajao",2017,12.33,27.91,6.93,NA,NA,95.33105023,"European Environment Agency (downloaded in 2021)",NA,2022,NA
"European Region","ESP","Spain","Urbanizacion Tajao",2018,10.56,24.36,7.02,NA,NA,98.23059361,"European Environment Agency (downloaded in 2021)",NA,2022,NA
"European Region","ESP","Spain","Urbanizacion Tajao",2019,6.41,27.87,8.64,NA,NA,99.09817352,"European Environment Agency (downloaded in 2021)",NA,2022,NA
"European Region","ESP","Spain","Valencia",2017,8.97,16.37,21.69,NA,NA,94.7869102,"European Environment Agency (downloaded in 2021)",NA,2022,NA
"European Region","ESP","Spain","Valencia",2018,10.99,17.44,19.26,NA,NA,95.18391679,"European Environment Agency (downloaded in 2021)",NA,2022,NA
"European Region","ESP","Spain","Valencia",2019,11.15,19.12,17.43,NA,NA,96.32420091,"European Environment Agency (downloaded in 2021)",NA,2022,NA
"European Region","ESP","Spain","Valladolid",2017,11.42,17.79,24.76,NA,NA,96.70547945,"European Environment Agency (downloaded in 2021)",NA,2022,NA
"European Region","ESP","Spain","Valladolid",2018,10.56,16.59,19.87,NA,NA,91.14155251,"European Environment Agency (downloaded in 2021)",NA,2022,NA
"European Region","ESP","Spain","Valladolid",2019,11.03,16.26,18.76,NA,NA,94.68226789,"European Environment Agency (downloaded in 2021)",NA,2022,NA
"European Region","ESP","Spain","Venta De Banos",2017,NA,16.61,11.52,NA,NA,97.21461187,"European Environment Agency (downloaded in 2021)",NA,2022,NA
"European Region","ESP","Spain","Venta De Banos",2018,NA,11.09,8.99,NA,NA,97.5,"European Environment Agency (downloaded in 2021)",NA,2022,NA
"European Region","ESP","Spain","Venta De Banos",2019,NA,18.8,8.57,NA,NA,96.67808219,"European Environment Agency (downloaded in 2021)",NA,2022,NA
"European Region","ESP","Spain","Vigo",2017,13.13,24.92,28.54,NA,NA,98.26769407,"European Environment Agency (downloaded in 2021)",NA,2022,NA
"European Region","ESP","Spain","Vigo",2018,11.49,20.62,24.38,NA,NA,96.90353881,"European Environment Agency (downloaded in 2021)",NA,2022,NA
"European Region","ESP","Spain","Vigo",2019,12.56,21.42,22.4,NA,NA,98.35901827,"European Environment Agency (downloaded in 2021)",NA,2022,NA
"European Region","ESP","Spain","Vilalba",2017,NA,10.24,5.71,NA,NA,98.17351598,"European Environment Agency (downloaded in 2021)",NA,2022,NA
"European Region","ESP","Spain","Vilalba",2018,NA,7.97,4.31,NA,NA,98.55022831,"European Environment Agency (downloaded in 2021)",NA,2022,NA
"European Region","ESP","Spain","Vilalba",2019,NA,7.01,5.76,NA,NA,98.47031963,"European Environment Agency (downloaded in 2021)",NA,2022,NA
"European Region","ESP","Spain","Villalba De Guardo",2017,5.5,9.15,3.04,NA,NA,99.88584475,"European Environment Agency (downloaded in 2021)",NA,2022,NA
"European Region","ESP","Spain","Villalba De Guardo",2018,4.59,6.93,1.94,NA,NA,99.55479452,"European Environment Agency (downloaded in 2021)",NA,2022,NA
"European Region","ESP","Spain","Villalba De Guardo",2019,4,6.18,1.71,NA,NA,99.66894977,"European Environment Agency (downloaded in 2021)",NA,2022,NA
"European Region","ESP","Spain","Vitoria-Gasteiz",2017,9.83,16.19,22.53,NA,NA,98.43226788,"European Environment Agency (downloaded in 2021)",NA,2022,NA
"European Region","ESP","Spain","Vitoria-Gasteiz",2018,8.52,14.16,18.99,NA,NA,98.99162861,"European Environment Agency (downloaded in 2021)",NA,2022,NA
"European Region","ESP","Spain","Vitoria-Gasteiz",2019,8.12,14.14,18.59,NA,NA,99.19710807,"European Environment Agency (downloaded in 2021)",NA,2022,NA
"European Region","ESP","Spain","Viver",2017,7.34,11.97,5.86,NA,NA,96.89497717,"European Environment Agency (downloaded in 2021)",NA,2022,NA
"European Region","ESP","Spain","Viver",2018,6.29,9.56,5.77,NA,NA,95.35388128,"European Environment Agency (downloaded in 2021)",NA,2022,NA
"European Region","ESP","Spain","Viver",2019,5.69,9.14,8.11,NA,NA,96.62100457,"European Environment Agency (downloaded in 2021)",NA,2022,NA
"European Region","ESP","Spain","Viznar",2017,NA,14.18,4.07,NA,NA,98.88127854,"European Environment Agency (downloaded in 2021)",NA,2022,NA
"European Region","ESP","Spain","Viznar",2018,10.95,14.74,3.97,NA,NA,98.52739726,"European Environment Agency (downloaded in 2021)",NA,2022,NA
"European Region","ESP","Spain","Viznar",2019,9.72,15.92,3.95,NA,NA,94.60045662,"European Environment Agency (downloaded in 2021)",NA,2022,NA
"European Region","ESP","Spain","Xove",2017,NA,13.39,6.38,NA,NA,97.67123288,"European Environment Agency (downloaded in 2021)",NA,2022,NA
"European Region","ESP","Spain","Xove",2018,NA,11.12,3.62,NA,NA,97.4543379,"European Environment Agency (downloaded in 2021)",NA,2022,NA
"European Region","ESP","Spain","Xove",2019,NA,12.25,3.95,NA,NA,98.94977169,"European Environment Agency (downloaded in 2021)",NA,2022,NA
"European Region","ESP","Spain","Zamora",2017,NA,20.7,11.74,NA,NA,99.23515982,"European Environment Agency (downloaded in 2021)",NA,2022,NA
"European Region","ESP","Spain","Zamora",2018,NA,13.52,5.81,NA,NA,99.32648402,"European Environment Agency (downloaded in 2021)",NA,2022,NA
"European Region","ESP","Spain","Zamora",2019,NA,12.69,9,NA,NA,99.42922374,"European Environment Agency (downloaded in 2021)",NA,2022,NA
"European Region","ESP","Spain","Zaragoza",2017,12.86,19.71,28.37,NA,NA,98.28767123,"European Environment Agency (downloaded in 2021)",NA,2022,NA
"European Region","ESP","Spain","Zaragoza",2018,10.4,16.99,27.11,NA,NA,96.48021309,"European Environment Agency (downloaded in 2021)",NA,2022,NA
"European Region","ESP","Spain","Zaragoza",2019,9.65,16.35,22.59,NA,NA,97.05098934,"European Environment Agency (downloaded in 2021)",NA,2022,NA
"European Region","EST","Estonia","Kohtla-Jarve",2017,4.06,10.81,4.54,99.23515982,99.23515982,99.23515982,"European Environment Agency (downloaded in 2021)",NA,2022,NA
"European Region","EST","Estonia","Kohtla-Jarve",2018,5.36,14.54,5.7,99.23515982,99.23515982,99.23515982,"European Environment Agency (downloaded in 2021)",NA,2022,NA
"European Region","EST","Estonia","Kohtla-Jarve",2019,4.01,11.02,4.71,99.12100457,99.12100457,99.12100457,"European Environment Agency (downloaded in 2021)",NA,2022,NA
"European Region","EST","Estonia","Kohtla-Järve",2019,4,11,4.7,99.7,99.7,99.7,"http://www.klab.ee/en/services/environment/air-studies/","1 urban background",2022,NA
"European Region","EST","Estonia","Narva",2017,4.34,9.38,6.75,99.29223744,99.29223744,99.29223744,"European Environment Agency (downloaded in 2021)",NA,2022,NA
"European Region","EST","Estonia","Narva",2018,5.43,12.91,8.4,99.36073059,99.36073059,99.36073059,"European Environment Agency (downloaded in 2021)",NA,2022,NA
"European Region","EST","Estonia","Narva",2019,4.79,9.99,7.68,99.93150685,99.93150685,99.93150685,"European Environment Agency (downloaded in 2021), http://www.klab.ee/en/services/environment/air-studies/","1 urban background",2022,NA
"European Region","EST","Estonia","Palmse",2017,3.98,5.11,1.83,99.9086758,99.9086758,99.9086758,"European Environment Agency (downloaded in 2021)",NA,2022,NA
"European Region","EST","Estonia","Palmse",2018,6.75,7.14,1.82,99.6347032,99.6347032,99.6347032,"European Environment Agency (downloaded in 2021)",NA,2022,NA
"European Region","EST","Estonia","Palmse",2019,5.49,5.46,2.1,99.85159817,99.85159817,99.85159817,"European Environment Agency (downloaded in 2021)",NA,2022,NA
"European Region","EST","Estonia","Tallinn",2017,4.93,11.4,12.08,98.32191781,98.41324201,98.41324201,"European Environment Agency (downloaded in 2021)",NA,2022,NA
"European Region","EST","Estonia","Tallinn",2018,6.16,14.79,14.04,98.45890411,98.69482496,98.69482496,"European Environment Agency (downloaded in 2021)",NA,2022,NA
"European Region","EST","Estonia","Tallinn",2019,4.62,12.67,11.86,99.20091324,99.20319635,99.20319635,"European Environment Agency (downloaded in 2021), http://www.klab.ee/en/services/environment/air-studies/","1 traffic, 2 urban background",2022,NA
"European Region","EST","Estonia","Tartu",2017,7.34,15.23,10.35,99.88584475,99.88584475,99.88584475,"European Environment Agency (downloaded in 2021)",NA,2022,NA
"European Region","EST","Estonia","Tartu",2018,7.26,16.21,11.2,99.70319635,99.70319635,99.70319635,"European Environment Agency (downloaded in 2021)",NA,2022,NA
"European Region","EST","Estonia","Tartu",2019,5.4,15.1,9.88,99.9086758,99.9086758,99.9086758,"European Environment Agency (downloaded in 2021), http://www.klab.ee/en/services/environment/air-studies/","1 urban background",2022,NA
"European Region","FIN","Finland","Espoo",2017,5.56,14.07,20.28,NA,NA,99.25799087,"European Environment Agency (downloaded in 2021)",NA,2022,NA
"European Region","FIN","Finland","Espoo",2018,7.04,19.97,21.92,NA,NA,99.71461187,"European Environment Agency (downloaded in 2021)",NA,2022,NA
"European Region","FIN","Finland","Espoo",2019,6.14,17.07,19.62,NA,NA,99.41780822,"European Environment Agency (downloaded in 2021)",NA,2022,NA
"European Region","FIN","Finland","Helsingfors",2017,5.27,10.9,12.94,NA,NA,97.60844749,"European Environment Agency (downloaded in 2021)",NA,2022,NA
"European Region","FIN","Finland","Helsingfors",2018,6.9,12.06,13.3,NA,NA,99.65182649,"European Environment Agency (downloaded in 2021)",NA,2022,NA
"European Region","FIN","Finland","Helsingfors",2019,5.37,10.62,12.78,NA,NA,99.09246576,"European Environment Agency (downloaded in 2021)",NA,2022,NA
"European Region","FIN","Finland","Helsinki",2017,6.22,18.78,29.57,NA,NA,99.55479452,"European Environment Agency (downloaded in 2021)",NA,2022,NA
"European Region","FIN","Finland","Helsinki",2018,8.23,22.29,29.92,NA,NA,99.38926941,"European Environment Agency (downloaded in 2021)",NA,2022,NA
"European Region","FIN","Finland","Helsinki",2019,7.29,18.42,26.99,NA,NA,99.33789955,"European Environment Agency (downloaded in 2021)",NA,2022,NA
"European Region","FIN","Finland","Imatra",2017,NA,8.85,7.72,NA,NA,97.09284627,"European Environment Agency (downloaded in 2021)",NA,2022,NA
"European Region","FIN","Finland","Imatra",2018,NA,12.09,7.86,NA,NA,95.60502283,"European Environment Agency (downloaded in 2021)",NA,2022,NA
"European Region","FIN","Finland","Imatra",2019,NA,9.79,7.25,NA,NA,98.67199391,"European Environment Agency (downloaded in 2021)",NA,2022,NA
"European Region","FIN","Finland","Jakobstad",2018,NA,12.78,11.62,NA,NA,99.61187215,"European Environment Agency (downloaded in 2021)",NA,2022,NA
"European Region","FIN","Finland","Jakobstad",2019,NA,11.66,9.91,NA,NA,99.46347032,"European Environment Agency (downloaded in 2021)",NA,2022,NA
"European Region","FIN","Finland","Jyvaskyla",2017,NA,9.02,8.79,NA,NA,92.64840183,"European Environment Agency (downloaded in 2021)",NA,2022,NA
"European Region","FIN","Finland","Jyvaskyla",2018,NA,9.79,8.1,NA,NA,97.07762557,"European Environment Agency (downloaded in 2021)",NA,2022,NA
"European Region","FIN","Finland","Jyvaskyla",2019,NA,7.81,6.71,NA,NA,95.71917808,"European Environment Agency (downloaded in 2021)",NA,2022,NA
"European Region","FIN","Finland","Jyväskylä",2019,NA,11.38,16.79,NA,94.96575342,94.96575342,"European Environment Agency (downloaded in 2021)",NA,2022,NA
"European Region","FIN","Finland","Kuopio",2017,3.11,9.97,12.75,NA,NA,98.42846271,"European Environment Agency (downloaded in 2021)",NA,2022,NA
"European Region","FIN","Finland","Kuopio",2018,3.53,13.5,12.68,NA,NA,97.43150685,"European Environment Agency (downloaded in 2021)",NA,2022,NA
"European Region","FIN","Finland","Kuopio",2019,NA,12.37,12.82,NA,NA,98.75570776,"European Environment Agency (downloaded in 2021)",NA,2022,NA
"European Region","FIN","Finland","Lahti",2017,3.64,10.46,14.33,NA,NA,99.54908676,"European Environment Agency (downloaded in 2021)",NA,2022,NA
"European Region","FIN","Finland","Lahti",2018,5.19,16.83,15.43,NA,NA,99.8630137,"European Environment Agency (downloaded in 2021)",NA,2022,NA
"European Region","FIN","Finland","Lahti",2019,4.35,14.83,7.44,NA,NA,99.87442922,"European Environment Agency (downloaded in 2021)",NA,2022,NA
"European Region","FIN","Finland","Lappeenranta",2017,5.99,11.32,9.45,NA,NA,89.82876712,"European Environment Agency (downloaded in 2021)",NA,2022,NA
"European Region","FIN","Finland","Lappeenranta",2018,5.87,11.88,9.82,NA,NA,99.66894977,"European Environment Agency (downloaded in 2021)",NA,2022,NA
"European Region","FIN","Finland","Lappeenranta",2019,4.86,10.48,8.55,NA,NA,98.16210046,"European Environment Agency (downloaded in 2021)",NA,2022,NA
"European Region","FIN","Finland","Muonio",2017,NA,2.72,0.91,NA,NA,98.66438356,"European Environment Agency (downloaded in 2021)",NA,2022,NA
"European Region","FIN","Finland","Muonio",2018,NA,3.08,0.87,NA,NA,98.96118721,"European Environment Agency (downloaded in 2021)",NA,2022,NA
"European Region","FIN","Finland","Muonio",2019,NA,3.71,0.88,NA,NA,99.25799087,"European Environment Agency (downloaded in 2021)",NA,2022,NA
"European Region","FIN","Finland","Oulu",2017,4.75,9.74,14.86,NA,NA,97.80821918,"European Environment Agency (downloaded in 2021)",NA,2022,NA
"European Region","FIN","Finland","Oulu",2018,5.84,11.53,16.8,NA,NA,96.37557078,"European Environment Agency (downloaded in 2021)",NA,2022,NA
"European Region","FIN","Finland","Oulu",2019,5.06,10.29,14.73,NA,NA,91.1130137,"European Environment Agency (downloaded in 2021)",NA,2022,NA
"European Region","FIN","Finland","Pori",2017,NA,11.92,12.39,NA,NA,95.59360731,"European Environment Agency (downloaded in 2021)",NA,2022,NA
"European Region","FIN","Finland","Pori",2018,NA,16.6,13.18,NA,NA,95.59360731,"European Environment Agency (downloaded in 2021)",NA,2022,NA
"European Region","FIN","Finland","Pori",2019,NA,12.18,10.93,NA,NA,95.19406393,"European Environment Agency (downloaded in 2021)",NA,2022,NA
"European Region","FIN","Finland","Tampere",2017,3.93,9.44,19.27,NA,NA,99.82876712,"European Environment Agency (downloaded in 2021)",NA,2022,NA
"European Region","FIN","Finland","Tampere",2018,5.86,13.67,13.9,NA,NA,99.53196347,"European Environment Agency (downloaded in 2021)",NA,2022,NA
"European Region","FIN","Finland","Tampere",2019,4.86,10.06,11.51,NA,NA,99.76598174,"European Environment Agency (downloaded in 2021)",NA,2022,NA
"European Region","FIN","Finland","Turku",2017,NA,10.55,12.25,NA,NA,97.64269407,"European Environment Agency (downloaded in 2021)",NA,2022,NA
"European Region","FIN","Finland","Vaasa",2017,3.39,9.83,20.75,NA,NA,99.8173516,"European Environment Agency (downloaded in 2021)",NA,2022,NA
"European Region","FIN","Finland","Vaasa",2018,4.26,9.62,19.52,NA,NA,90.55936073,"European Environment Agency (downloaded in 2021)",NA,2022,NA
"European Region","FIN","Finland","Vaasa",2019,3.87,8.97,17.22,NA,NA,98.90410959,"European Environment Agency (downloaded in 2021)",NA,2022,NA
"European Region","FIN","Finland","Vantaa",2017,5.64,10.95,18.2,NA,NA,99.50913242,"European Environment Agency (downloaded in 2021)",NA,2022,NA
"European Region","FIN","Finland","Vantaa",2018,7.33,15.75,20.47,NA,NA,99.48630137,"European Environment Agency (downloaded in 2021)",NA,2022,NA
"European Region","FIN","Finland","Vantaa",2019,6.63,14.69,19.16,NA,NA,99.65753425,"European Environment Agency (downloaded in 2021)",NA,2022,NA
"European Region","FIN","Finland","Virolahti",2017,4.36,8.64,3.13,NA,NA,97.11187215,"European Environment Agency (downloaded in 2021)",NA,2022,NA
"European Region","FIN","Finland","Virolahti",2018,6.47,13.79,4.26,NA,NA,99.52054795,"European Environment Agency (downloaded in 2021)",NA,2022,NA
"European Region","FIN","Finland","Virolahti",2019,4.72,12.12,3.84,NA,NA,99.76027397,"European Environment Agency (downloaded in 2021)",NA,2022,NA
"European Region","FRA","France","Agen",2017,NA,15.03,13.47,NA,NA,93.75570776,"European Environment Agency (downloaded in 2021)",NA,2022,NA
"European Region","FRA","France","Agen",2018,NA,13.78,12.13,NA,NA,90.70776256,"European Environment Agency (downloaded in 2021)",NA,2022,NA
"European Region","FRA","France","Airvault",2017,NA,16.41,8.21,NA,NA,99.08675799,"European Environment Agency (downloaded in 2021)",NA,2022,NA
"European Region","FRA","France","Airvault",2018,NA,15.97,7.98,NA,NA,96.91780822,"European Environment Agency (downloaded in 2021)",NA,2022,NA
"European Region","FRA","France","Airvault",2019,NA,16.32,7.2,NA,NA,99.47488584,"European Environment Agency (downloaded in 2021)",NA,2022,NA
"European Region","FRA","France","Aix-En-Provence",2017,12.78,23.58,35.78,NA,NA,98.86415525,"European Environment Agency (downloaded in 2021)",NA,2022,NA
"European Region","FRA","France","Aix-En-Provence",2018,11.94,23.53,31.2,NA,NA,98.42465754,"European Environment Agency (downloaded in 2021)",NA,2022,NA
"European Region","FRA","France","Aix-En-Provence",2019,10.51,21.7,30.89,NA,NA,98.6130137,"European Environment Agency (downloaded in 2021)",NA,2022,NA
"European Region","FRA","France","Ajaccio",2017,NA,23.14,19.53,NA,NA,96.12633181,"European Environment Agency (downloaded in 2021)",NA,2022,NA
"European Region","FRA","France","Ajaccio",2018,NA,21.65,17.72,NA,NA,91.63242009,"European Environment Agency (downloaded in 2021)",NA,2022,NA
"European Region","FRA","France","Ajaccio",2019,9.28,17.08,12.37,NA,NA,95.32534247,"European Environment Agency (downloaded in 2021)",NA,2022,NA
"European Region","FRA","France","Albertville",2017,NA,17.4,22.21,NA,NA,99.26940639,"European Environment Agency (downloaded in 2021)",NA,2022,NA
"European Region","FRA","France","Albertville",2018,NA,16.97,19.89,NA,NA,97.78538813,"European Environment Agency (downloaded in 2021)",NA,2022,NA
"European Region","FRA","France","Albertville",2019,9.01,14.91,17.95,NA,NA,96.51826484,"European Environment Agency (downloaded in 2021)",NA,2022,NA
"European Region","FRA","France","Albi",2017,NA,16.4,14.78,NA,NA,99.8630137,"European Environment Agency (downloaded in 2021)",NA,2022,NA
"European Region","FRA","France","Albi",2018,NA,14.64,13.73,NA,NA,97.30593607,"European Environment Agency (downloaded in 2021)",NA,2022,NA
"European Region","FRA","France","Albi",2019,NA,13.8,13.9,NA,NA,99.22374429,"European Environment Agency (downloaded in 2021)",NA,2022,NA
"European Region","FRA","France","Ambilly",2018,10.99,16.04,16.96,NA,NA,93.27625571,"European Environment Agency (downloaded in 2021)",NA,2022,NA
"European Region","FRA","France","Ambilly",2019,9.92,15.31,15.68,NA,NA,93.69863014,"European Environment Agency (downloaded in 2021)",NA,2022,NA
"European Region","FRA","France","Amiens",2017,12.68,19.7,22.21,NA,NA,92.88812786,"European Environment Agency (downloaded in 2021)",NA,2022,NA
"European Region","FRA","France","Amiens",2018,NA,21.83,19.53,NA,NA,78.98401826,"European Environment Agency (downloaded in 2021)",NA,2022,NA
"European Region","FRA","France","Amiens",2019,11.68,18.87,15.71,NA,NA,75.38812785,"European Environment Agency (downloaded in 2021)",NA,2022,NA
"European Region","FRA","France","Angers",2017,11.25,16.95,13.18,NA,NA,99.64041096,"European Environment Agency (downloaded in 2021)",NA,2022,NA
"European Region","FRA","France","Angers",2018,9.85,15.63,11.87,NA,NA,99.56621005,"European Environment Agency (downloaded in 2021)",NA,2022,NA
"European Region","FRA","France","Angers",2019,9.47,15.76,11.59,NA,NA,98.93835617,"European Environment Agency (downloaded in 2021)",NA,2022,NA
"European Region","FRA","France","Anglet",2017,NA,27.62,28.46,NA,NA,98.44748858,"European Environment Agency (downloaded in 2021)",NA,2022,NA
"European Region","FRA","France","Anglet",2018,NA,23.5,26.63,NA,NA,90.71917808,"European Environment Agency (downloaded in 2021)",NA,2022,NA
"European Region","FRA","France","Anglet",2019,NA,23.22,24.05,NA,NA,98.29908676,"European Environment Agency (downloaded in 2021)",NA,2022,NA
"European Region","FRA","France","Angouleme",2017,8.71,16.69,24.77,NA,NA,98.60159818,"European Environment Agency (downloaded in 2021)",NA,2022,NA
"European Region","FRA","France","Angouleme",2018,8.5,16.76,23.18,NA,NA,99.77739726,"European Environment Agency (downloaded in 2021)",NA,2022,NA
"European Region","FRA","France","Angouleme",2019,9.15,17.93,21.93,NA,NA,98.29908676,"European Environment Agency (downloaded in 2021)",NA,2022,NA
"European Region","FRA","France","Annecy",2017,13.29,20.37,27.02,NA,NA,93.98782344,"European Environment Agency (downloaded in 2021)",NA,2022,NA
"European Region","FRA","France","Annecy",2018,12.07,18.22,24.52,NA,NA,93.91171994,"European Environment Agency (downloaded in 2021)",NA,2022,NA
"European Region","FRA","France","Annecy",2019,8.8,18.12,23.66,NA,NA,98.87366819,"European Environment Agency (downloaded in 2021)",NA,2022,NA
"European Region","FRA","France","Annemasse",2017,12.45,18.51,26.91,NA,NA,94.85730594,"European Environment Agency (downloaded in 2021)",NA,2022,NA
"European Region","FRA","France","Annemasse",2018,NA,18.39,21.77,NA,NA,96.07876713,"European Environment Agency (downloaded in 2021)",NA,2022,NA
"European Region","FRA","France","Annemasse",2019,NA,18.75,23.63,NA,NA,95.81050228,"European Environment Agency (downloaded in 2021)",NA,2022,NA
"European Region","FRA","France","Arles",2017,NA,20.87,19.83,NA,NA,99.20091324,"European Environment Agency (downloaded in 2021)",NA,2022,NA
"European Region","FRA","France","Arles",2018,NA,22.05,17.92,NA,NA,96.16438356,"European Environment Agency (downloaded in 2021)",NA,2022,NA
"European Region","FRA","France","Arles",2019,NA,22.26,18.07,NA,NA,97.26027397,"European Environment Agency (downloaded in 2021)",NA,2022,NA
"European Region","FRA","France","Atton",2017,NA,16.16,19.38,NA,NA,99.17808219,"European Environment Agency (downloaded in 2021)",NA,2022,NA
"European Region","FRA","France","Atton",2018,NA,17.65,18.55,NA,NA,98.29908676,"European Environment Agency (downloaded in 2021)",NA,2022,NA
"European Region","FRA","France","Aurillac",2017,NA,10.8,9.92,NA,NA,99.82876712,"European Environment Agency (downloaded in 2021)",NA,2022,NA
"European Region","FRA","France","Aurillac",2018,6.27,9.69,8.62,NA,NA,99.7716895,"European Environment Agency (downloaded in 2021)",NA,2022,NA
"European Region","FRA","France","Aurillac",2019,6.57,11.01,9.39,NA,NA,99.82876712,"European Environment Agency (downloaded in 2021)",NA,2022,NA
"European Region","FRA","France","Auxerre",2017,10.06,13.7,12.37,NA,NA,98.56164384,"European Environment Agency (downloaded in 2021)",NA,2022,NA
"European Region","FRA","France","Avignon",2017,12.68,21.6,23.42,NA,NA,97.59703197,"European Environment Agency (downloaded in 2021)",NA,2022,NA
"European Region","FRA","France","Avignon",2018,11.72,19.55,21.79,NA,NA,98.16210046,"European Environment Agency (downloaded in 2021)",NA,2022,NA
"European Region","FRA","France","Avignon",2019,10.98,21.93,20.15,NA,NA,97.6369863,"European Environment Agency (downloaded in 2021)",NA,2022,NA
"European Region","FRA","France","Aytre",2017,NA,17.68,10.12,NA,NA,98.25342466,"European Environment Agency (downloaded in 2021)",NA,2022,NA
"European Region","FRA","France","Aytre",2018,NA,18.02,8.67,NA,NA,97.11187215,"European Environment Agency (downloaded in 2021)",NA,2022,NA
"European Region","FRA","France","Aytre",2019,NA,18.04,8.07,NA,NA,95.26255708,"European Environment Agency (downloaded in 2021)",NA,2022,NA
"European Region","FRA","France","Baie Mahault",2017,NA,23.92,8.91,NA,NA,97.23744292,"European Environment Agency (downloaded in 2021)",NA,2022,NA
"European Region","FRA","France","Baie Mahault",2018,NA,18.95,9.43,NA,NA,97.26027397,"European Environment Agency (downloaded in 2021)",NA,2022,NA
"European Region","FRA","France","Baie Mahault",2019,NA,17.85,7.76,NA,NA,99.01826484,"European Environment Agency (downloaded in 2021)",NA,2022,NA
"European Region","FRA","France","Bar-Le-Duc",2017,NA,14.32,15.12,NA,NA,98.31050228,"European Environment Agency (downloaded in 2021)",NA,2022,NA
"European Region","FRA","France","Bar-Le-Duc",2018,NA,14.72,16.21,NA,NA,99.8173516,"European Environment Agency (downloaded in 2021)",NA,2022,NA
"European Region","FRA","France","Bar-Le-Duc",2019,NA,14.49,15.01,NA,NA,94.38356164,"European Environment Agency (downloaded in 2021)",NA,2022,NA
"European Region","FRA","France","Basse-Terre",2019,NA,26.43,12.96,NA,NA,96.49543379,"European Environment Agency (downloaded in 2021)",NA,2022,NA
"European Region","FRA","France","Bassens",2017,12.39,17.17,15.55,NA,NA,91.49543379,"European Environment Agency (downloaded in 2021)",NA,2022,NA
"European Region","FRA","France","Bassens",2018,10,17.71,13.92,NA,NA,97.42009132,"European Environment Agency (downloaded in 2021)",NA,2022,NA
"European Region","FRA","France","Bassens",2019,9.26,16.63,14.41,NA,NA,99.38356164,"European Environment Agency (downloaded in 2021)",NA,2022,NA
"European Region","FRA","France","Bastia",2017,9.63,20.88,19.06,NA,NA,94.78310502,"European Environment Agency (downloaded in 2021)",NA,2022,NA
"European Region","FRA","France","Bastia",2018,8.46,20.26,18.15,NA,NA,88.85844749,"European Environment Agency (downloaded in 2021)",NA,2022,NA
"European Region","FRA","France","Bastia",2019,8.67,17.68,11.77,NA,NA,96.75799086,"European Environment Agency (downloaded in 2021)",NA,2022,NA
"European Region","FRA","France","Bayonne",2017,NA,16.76,15.88,NA,NA,97.34018265,"European Environment Agency (downloaded in 2021)",NA,2022,NA
"European Region","FRA","France","Bayonne",2018,NA,15.7,15.18,NA,NA,98.56164384,"European Environment Agency (downloaded in 2021)",NA,2022,NA
"European Region","FRA","France","Bayonne",2019,NA,15.17,14.34,NA,NA,94.82876712,"European Environment Agency (downloaded in 2021)",NA,2022,NA
"European Region","FRA","France","Beauvais",2017,13.49,19.16,29.49,NA,NA,92.6826484,"European Environment Agency (downloaded in 2021)",NA,2022,NA
"European Region","FRA","France","Beauvais",2018,12.75,20.13,27.93,NA,NA,99.07534247,"European Environment Agency (downloaded in 2021)",NA,2022,NA
"European Region","FRA","France","Beauvais",2019,11.07,19.32,28.26,NA,NA,91.83789954,"European Environment Agency (downloaded in 2021)",NA,2022,NA
"European Region","FRA","France","Belfort",2017,NA,19.53,24.16,NA,NA,99.56621005,"European Environment Agency (downloaded in 2021)",NA,2022,NA
"European Region","FRA","France","Belfort",2018,NA,20.67,24.02,NA,NA,98.84703196,"European Environment Agency (downloaded in 2021)",NA,2022,NA
"European Region","FRA","France","Belfort",2019,NA,15.17,22.59,NA,NA,97.44292237,"European Environment Agency (downloaded in 2021)",NA,2022,NA
"European Region","FRA","France","Besancon",2017,11.66,15.79,21.71,NA,NA,98.34474886,"European Environment Agency (downloaded in 2021)",NA,2022,NA
"European Region","FRA","France","Besancon",2018,12.06,16.21,20.71,NA,NA,87.02625571,"European Environment Agency (downloaded in 2021)",NA,2022,NA
"European Region","FRA","France","Besancon",2019,9.17,14.79,19.63,NA,NA,98.21347032,"European Environment Agency (downloaded in 2021)",NA,2022,NA
"European Region","FRA","France","Betheny",2017,NA,20.89,16,NA,NA,97.4543379,"European Environment Agency (downloaded in 2021)",NA,2022,NA
"European Region","FRA","France","Betheny",2018,NA,18.21,14.16,NA,NA,91.52968037,"European Environment Agency (downloaded in 2021)",NA,2022,NA
"European Region","FRA","France","Betheny",2019,NA,17.81,13.41,NA,NA,96.87214612,"European Environment Agency (downloaded in 2021)",NA,2022,NA
"European Region","FRA","France","Bethune",2017,13.39,19.41,16.4,NA,NA,96.38127854,"European Environment Agency (downloaded in 2021)",NA,2022,NA
"European Region","FRA","France","Bethune",2018,13.74,19.84,16.56,NA,NA,99.26940639,"European Environment Agency (downloaded in 2021)",NA,2022,NA
"European Region","FRA","France","Bethune",2019,11.76,17.88,14.19,NA,NA,98.74429224,"European Environment Agency (downloaded in 2021)",NA,2022,NA
"European Region","FRA","France","Biarritz",2017,6.72,18.81,12.49,NA,NA,93.41324201,"European Environment Agency (downloaded in 2021)",NA,2022,NA
"European Region","FRA","France","Biarritz",2018,8.79,19.12,13.23,NA,NA,97.21461187,"European Environment Agency (downloaded in 2021)",NA,2022,NA
"European Region","FRA","France","Biarritz",2019,6.48,20.82,12.63,NA,NA,99.36073059,"European Environment Agency (downloaded in 2021)",NA,2022,NA
"European Region","FRA","France","Billere",2017,8.98,14.23,14.6,NA,NA,96.86073059,"European Environment Agency (downloaded in 2021)",NA,2022,NA
"European Region","FRA","France","Billere",2018,6.43,13.37,12.72,NA,NA,92.43150685,"European Environment Agency (downloaded in 2021)",NA,2022,NA
"European Region","FRA","France","Billere",2019,6.03,13.15,11.56,NA,NA,97.956621,"European Environment Agency (downloaded in 2021)",NA,2022,NA
"European Region","FRA","France","Bizanos",2017,NA,13.23,12.47,NA,NA,98.82420091,"European Environment Agency (downloaded in 2021)",NA,2022,NA
"European Region","FRA","France","Bizanos",2018,NA,12.25,12.02,NA,NA,97.71689498,"European Environment Agency (downloaded in 2021)",NA,2022,NA
"European Region","FRA","France","Blagnac",2019,NA,14.19,20.99,NA,NA,98.39041096,"European Environment Agency (downloaded in 2021)",NA,2022,NA
"European Region","FRA","France","Blois",2017,NA,13.46,10.87,NA,NA,97.64840183,"European Environment Agency (downloaded in 2021)",NA,2022,NA
"European Region","FRA","France","Blois",2018,NA,14.32,9.48,NA,NA,99.00684932,"European Environment Agency (downloaded in 2021)",NA,2022,NA
"European Region","FRA","France","Blois",2019,NA,14.19,8.78,NA,NA,99.80593607,"European Environment Agency (downloaded in 2021)",NA,2022,NA
"European Region","FRA","France","Bobigny",2017,11.21,19.38,31.15,NA,NA,99.64611872,"European Environment Agency (downloaded in 2021)",NA,2022,NA
"European Region","FRA","France","Bobigny",2018,11.08,18.5,29.61,NA,NA,91.86073059,"European Environment Agency (downloaded in 2021)",NA,2022,NA
"European Region","FRA","France","Bobigny",2019,10.21,18.49,28.04,NA,NA,97.14611872,"European Environment Agency (downloaded in 2021)",NA,2022,NA
"European Region","FRA","France","Bordeaux",2017,NA,20.54,25.16,NA,NA,98.50076103,"European Environment Agency (downloaded in 2021)",NA,2022,NA
"European Region","FRA","France","Bordeaux",2018,NA,17.74,17.28,NA,NA,96.70662101,"European Environment Agency (downloaded in 2021)",NA,2022,NA
"European Region","FRA","France","Bordeaux",2019,NA,17.13,16.7,NA,NA,95.34246576,"European Environment Agency (downloaded in 2021)",NA,2022,NA
"European Region","FRA","France","Bouguenais",2017,NA,17.47,18.22,NA,NA,82.15753425,"European Environment Agency (downloaded in 2021)",NA,2022,NA
"European Region","FRA","France","Bouguenais",2018,NA,17.99,17.54,NA,NA,99.31506849,"European Environment Agency (downloaded in 2021)",NA,2022,NA
"European Region","FRA","France","Bouguenais",2019,NA,17.96,15.67,NA,NA,99.6347032,"European Environment Agency (downloaded in 2021)",NA,2022,NA
"European Region","FRA","France","Bourg-En-Bresse",2017,NA,16.99,18.2,NA,NA,98.17351598,"European Environment Agency (downloaded in 2021)",NA,2022,NA
"European Region","FRA","France","Bourg-En-Bresse",2018,NA,14.4,15.12,NA,NA,98.47031963,"European Environment Agency (downloaded in 2021)",NA,2022,NA
"European Region","FRA","France","Bourg-En-Bresse",2019,9.21,13.66,15.08,NA,NA,98.73287671,"European Environment Agency (downloaded in 2021)",NA,2022,NA
"European Region","FRA","France","Bourg-Les-Valence",2018,11.54,19.34,32.69,NA,NA,99.69178082,"European Environment Agency (downloaded in 2021)",NA,2022,NA
"European Region","FRA","France","Bourg-Les-Valence",2019,9.71,18.58,30.81,NA,NA,98.93835616,"European Environment Agency (downloaded in 2021)",NA,2022,NA
"European Region","FRA","France","Bourges",2017,NA,15.03,12.7,NA,NA,98.76712329,"European Environment Agency (downloaded in 2021)",NA,2022,NA
"European Region","FRA","France","Bourges",2018,NA,15.17,12.33,NA,NA,97.61415525,"European Environment Agency (downloaded in 2021)",NA,2022,NA
"European Region","FRA","France","Bourges",2019,NA,14.5,12.06,NA,NA,98.67579909,"European Environment Agency (downloaded in 2021)",NA,2022,NA
"European Region","FRA","France","Bourgogne",2017,NA,17.95,12.28,NA,NA,98.52739726,"European Environment Agency (downloaded in 2021)",NA,2022,NA
"European Region","FRA","France","Bourgoin-Jallieu",2017,NA,18.94,13.66,NA,NA,94.8173516,"European Environment Agency (downloaded in 2021)",NA,2022,NA
"European Region","FRA","France","Bourgoin-Jallieu",2019,NA,15.39,11.39,NA,NA,89.40639269,"European Environment Agency (downloaded in 2021)",NA,2022,NA
"European Region","FRA","France","Brest",2017,7.53,14.94,22.85,NA,NA,94.42922375,"European Environment Agency (downloaded in 2021)",NA,2022,NA
"European Region","FRA","France","Brest",2018,7.83,15.96,20,NA,NA,94.62328767,"European Environment Agency (downloaded in 2021)",NA,2022,NA
"European Region","FRA","France","Brest",2019,7.49,17.8,18.94,NA,NA,98.67579909,"European Environment Agency (downloaded in 2021)",NA,2022,NA
"European Region","FRA","France","Brive-La-Gaillarde",2017,NA,17.63,15.92,NA,NA,97.79680365,"European Environment Agency (downloaded in 2021)",NA,2022,NA
"European Region","FRA","France","Brive-La-Gaillarde",2018,NA,13.58,13.71,NA,NA,95.34246575,"European Environment Agency (downloaded in 2021)",NA,2022,NA
"European Region","FRA","France","Brive-La-Gaillarde",2019,NA,14.92,12.8,NA,NA,96.21004566,"European Environment Agency (downloaded in 2021)",NA,2022,NA
"European Region","FRA","France","Caen",2017,8.7,17.39,21.69,NA,NA,98.13356165,"European Environment Agency (downloaded in 2021)",NA,2022,NA
"European Region","FRA","France","Caen",2018,8.91,19.07,26.69,NA,NA,98.76712328,"European Environment Agency (downloaded in 2021)",NA,2022,NA
"European Region","FRA","France","Caen",2019,9.1,17.63,19.47,NA,NA,98.15068493,"European Environment Agency (downloaded in 2021)",NA,2022,NA
"European Region","FRA","France","Calais",2017,9.89,20.74,16.71,NA,NA,90.2739726,"European Environment Agency (downloaded in 2021)",NA,2022,NA
"European Region","FRA","France","Calais",2018,9.76,22.5,16.48,NA,NA,99.46347032,"European Environment Agency (downloaded in 2021)",NA,2022,NA
"European Region","FRA","France","Calais",2019,10.23,22.04,14.38,NA,NA,94.18949772,"European Environment Agency (downloaded in 2021)",NA,2022,NA
"European Region","FRA","France","Cannes",2017,NA,20.45,22.05,NA,NA,96.51826484,"European Environment Agency (downloaded in 2021)",NA,2022,NA
"European Region","FRA","France","Cannes",2018,NA,20.79,20.1,NA,NA,99.24657534,"European Environment Agency (downloaded in 2021)",NA,2022,NA
"European Region","FRA","France","Cappelle-La-Grande",2018,NA,21.42,15.52,NA,NA,95.02283105,"European Environment Agency (downloaded in 2021)",NA,2022,NA
"European Region","FRA","France","Cappelle-La-Grande",2019,NA,18.41,13.47,NA,NA,94.96575342,"European Environment Agency (downloaded in 2021)",NA,2022,NA
"European Region","FRA","France","Carling",2017,NA,17.19,14.8,NA,NA,98.81278539,"European Environment Agency (downloaded in 2021)",NA,2022,NA
"European Region","FRA","France","Carling",2018,NA,16.69,15.34,NA,NA,96.39269406,"European Environment Agency (downloaded in 2021)",NA,2022,NA
"European Region","FRA","France","Carling",2019,NA,15.6,15.66,NA,NA,98.18493151,"European Environment Agency (downloaded in 2021)",NA,2022,NA
"European Region","FRA","France","Cartignies",2018,10.49,17.72,8.01,NA,NA,90.38812785,"European Environment Agency (downloaded in 2021)",NA,2022,NA
"European Region","FRA","France","Cartignies",2019,9.42,16.19,6.14,NA,NA,94.76027397,"European Environment Agency (downloaded in 2021)",NA,2022,NA
"European Region","FRA","France","Castres",2017,NA,14.91,6.76,NA,NA,98.67579909,"European Environment Agency (downloaded in 2021)",NA,2022,NA
"European Region","FRA","France","Castres",2018,NA,14.58,6.31,NA,NA,98.75570776,"European Environment Agency (downloaded in 2021)",NA,2022,NA
"European Region","FRA","France","Castres",2019,NA,15.31,7.22,NA,NA,94.8630137,"European Environment Agency (downloaded in 2021)",NA,2022,NA
"European Region","FRA","France","Cayenne",2017,NA,27.53,3.3,NA,NA,82.7283105,"European Environment Agency (downloaded in 2021)",NA,2022,NA
"European Region","FRA","France","Cayenne",2018,NA,25.7,2.73,NA,NA,88.83561644,"European Environment Agency (downloaded in 2021)",NA,2022,NA
"European Region","FRA","France","Cayenne",2019,NA,27.43,3.3,NA,NA,98.80136986,"European Environment Agency (downloaded in 2021)",NA,2022,NA
"European Region","FRA","France","Cerise",2017,NA,15.47,10.47,NA,NA,98.91552511,"European Environment Agency (downloaded in 2021)",NA,2022,NA
"European Region","FRA","France","Cerise",2018,NA,15.84,9.11,NA,NA,96.50684932,"European Environment Agency (downloaded in 2021)",NA,2022,NA
"European Region","FRA","France","Cerise",2019,NA,13.56,9.54,NA,NA,98.40182648,"European Environment Agency (downloaded in 2021)",NA,2022,NA
"European Region","FRA","France","Chalon-Sur-Saone",2017,10.49,16.49,22.56,NA,NA,98.05365297,"European Environment Agency (downloaded in 2021)",NA,2022,NA
"European Region","FRA","France","Chalon-Sur-Saone",2018,11,15.38,24.71,NA,NA,98.43607306,"European Environment Agency (downloaded in 2021)",NA,2022,NA
"European Region","FRA","France","Chalon-Sur-Saone",2019,9.66,15.14,24.29,NA,NA,96.40410959,"European Environment Agency (downloaded in 2021)",NA,2022,NA
"European Region","FRA","France","Chalons-En-Champagne",2017,NA,14.89,14.11,NA,NA,98.58447489,"European Environment Agency (downloaded in 2021)",NA,2022,NA
"European Region","FRA","France","Chalons-En-Champagne",2018,NA,16.39,13.25,NA,NA,97.19178082,"European Environment Agency (downloaded in 2021)",NA,2022,NA
"European Region","FRA","France","Chalons-En-Champagne",2019,NA,16.85,12.5,NA,NA,97.8196347,"European Environment Agency (downloaded in 2021)",NA,2022,NA
"European Region","FRA","France","Chamalieres",2017,NA,15.21,32.39,NA,NA,96.89497717,"European Environment Agency (downloaded in 2021)",NA,2022,NA
"European Region","FRA","France","Chamalieres",2018,NA,14.91,30.15,NA,NA,99.92009132,"European Environment Agency (downloaded in 2021)",NA,2022,NA
"European Region","FRA","France","Chamalieres",2019,NA,14.18,27.8,NA,NA,99.92009132,"European Environment Agency (downloaded in 2021)",NA,2022,NA
"European Region","FRA","France","Chambery",2017,13.03,18.75,26.88,NA,NA,97.48287671,"European Environment Agency (downloaded in 2021)",NA,2022,NA
"European Region","FRA","France","Chambery",2018,10.43,16.32,22.31,NA,NA,93.02891933,"European Environment Agency (downloaded in 2021)",NA,2022,NA
"European Region","FRA","France","Chambery",2019,9,15.42,21.22,NA,NA,97.4238965,"European Environment Agency (downloaded in 2021)",NA,2022,NA
"European Region","FRA","France","Chamonix-Mont-Blanc",2017,NA,16.32,36.86,NA,NA,97.87671233,"European Environment Agency (downloaded in 2021)",NA,2022,NA
"European Region","FRA","France","Chamonix-Mont-Blanc",2018,NA,16.09,32.97,NA,NA,97.41438357,"European Environment Agency (downloaded in 2021)",NA,2022,NA
"European Region","FRA","France","Chamonix-Mont-Blanc",2019,NA,16.37,31.17,NA,NA,99.73173516,"European Environment Agency (downloaded in 2021)",NA,2022,NA
"European Region","FRA","France","Champforgeuil",2017,NA,11.36,20.33,NA,NA,97.94520548,"European Environment Agency (downloaded in 2021)",NA,2022,NA
"European Region","FRA","France","Champforgeuil",2018,NA,13.31,17.24,NA,NA,98.35616438,"European Environment Agency (downloaded in 2021)",NA,2022,NA
"European Region","FRA","France","Champforgeuil",2019,NA,14.03,17.14,NA,NA,93.90410959,"European Environment Agency (downloaded in 2021)",NA,2022,NA
"European Region","FRA","France","Charleville-Mezieres",2017,NA,20.2,16.29,NA,NA,94.48630137,"European Environment Agency (downloaded in 2021)",NA,2022,NA
"European Region","FRA","France","Charleville-Mezieres",2018,NA,18.41,15.41,NA,NA,92.34018265,"European Environment Agency (downloaded in 2021)",NA,2022,NA
"European Region","FRA","France","Charleville-Mezieres",2019,NA,18.37,14.75,NA,NA,98.53881279,"European Environment Agency (downloaded in 2021)",NA,2022,NA
"European Region","FRA","France","Chartres",2019,10.53,14.64,19.46,NA,NA,98.89269406,"European Environment Agency (downloaded in 2021)",NA,2022,NA
"European Region","FRA","France","Chateauroux",2017,NA,14.06,9.27,NA,NA,96.90639269,"European Environment Agency (downloaded in 2021)",NA,2022,NA
"European Region","FRA","France","Chateauroux",2018,NA,14.86,9.37,NA,NA,98.35616438,"European Environment Agency (downloaded in 2021)",NA,2022,NA
"European Region","FRA","France","Chateauroux",2019,NA,14.98,8.86,NA,NA,98.84703196,"European Environment Agency (downloaded in 2021)",NA,2022,NA
"European Region","FRA","France","Cherbourg-Octeville",2017,NA,14.64,14.14,NA,NA,97.35159817,"European Environment Agency (downloaded in 2021)",NA,2022,NA
"European Region","FRA","France","Cherbourg-Octeville",2018,NA,16.52,14.59,NA,NA,99.70319635,"European Environment Agency (downloaded in 2021)",NA,2022,NA
"European Region","FRA","France","Cherbourg-Octeville",2019,NA,17.68,12.96,NA,NA,98.36757991,"European Environment Agency (downloaded in 2021)",NA,2022,NA
"European Region","FRA","France","Cholet",2017,NA,16.66,11.14,NA,NA,99.55479452,"European Environment Agency (downloaded in 2021)",NA,2022,NA
"European Region","FRA","France","Cholet",2018,NA,16.53,9.93,NA,NA,99.44063927,"European Environment Agency (downloaded in 2021)",NA,2022,NA
"European Region","FRA","France","Cholet",2019,NA,17.18,9.87,NA,NA,99.73744292,"European Environment Agency (downloaded in 2021)",NA,2022,NA
"European Region","FRA","France","Clermont-Ferrand",2017,11.11,15.81,26.07,NA,NA,99.07534247,"European Environment Agency (downloaded in 2021)",NA,2022,NA
"European Region","FRA","France","Clermont-Ferrand",2018,9.76,14.45,24.09,NA,NA,99.46803653,"European Environment Agency (downloaded in 2021)",NA,2022,NA
"European Region","FRA","France","Clermont-Ferrand",2019,8.78,14.51,23.36,NA,NA,99.51598173,"European Environment Agency (downloaded in 2021)",NA,2022,NA
"European Region","FRA","France","Cognac",2017,NA,15.01,12.99,NA,NA,99.21232877,"European Environment Agency (downloaded in 2021)",NA,2022,NA
"European Region","FRA","France","Cognac",2018,NA,15.93,12.38,NA,NA,90.89041096,"European Environment Agency (downloaded in 2021)",NA,2022,NA
"European Region","FRA","France","Colmar",2017,NA,17.53,26.14,NA,NA,99.30365297,"European Environment Agency (downloaded in 2021)",NA,2022,NA
"European Region","FRA","France","Colmar",2018,NA,18.24,26.58,NA,NA,99.31506849,"European Environment Agency (downloaded in 2021)",NA,2022,NA
"European Region","FRA","France","Colmar",2019,NA,16.19,25.16,NA,NA,98.52739726,"European Environment Agency (downloaded in 2021)",NA,2022,NA
"European Region","FRA","France","Contes",2017,NA,27.15,19.15,NA,NA,99.10958904,"European Environment Agency (downloaded in 2021)",NA,2022,NA
"European Region","FRA","France","Contes",2018,NA,24.76,17.64,NA,NA,96.18721461,"European Environment Agency (downloaded in 2021)",NA,2022,NA
"European Region","FRA","France","Contes",2019,NA,27.3,16.87,NA,NA,98.57305936,"European Environment Agency (downloaded in 2021)",NA,2022,NA
"European Region","FRA","France","Corse",2017,NA,33.16,34.76,NA,NA,99.10958904,"European Environment Agency (downloaded in 2021)",NA,2022,NA
"European Region","FRA","France","Corse",2018,NA,29.2,31.12,NA,NA,95.01141553,"European Environment Agency (downloaded in 2021)",NA,2022,NA
"European Region","FRA","France","Corse",2019,NA,26.81,32.11,NA,NA,96.76940639,"European Environment Agency (downloaded in 2021)",NA,2022,NA
"European Region","FRA","France","Creil",2017,11.76,18.76,21.48,NA,NA,95.90182648,"European Environment Agency (downloaded in 2021)",NA,2022,NA
"European Region","FRA","France","Creil",2018,12.06,18.79,21.88,NA,NA,99.13242009,"European Environment Agency (downloaded in 2021)",NA,2022,NA
"European Region","FRA","France","Creil",2019,11.47,17.65,20.4,NA,NA,93.66438356,"European Environment Agency (downloaded in 2021)",NA,2022,NA
"European Region","FRA","France","Crolles",2017,NA,18.81,16.37,NA,NA,97.71689498,"European Environment Agency (downloaded in 2021)",NA,2022,NA
"European Region","FRA","France","Crolles",2018,NA,17.04,14.77,NA,NA,99.76027397,"European Environment Agency (downloaded in 2021)",NA,2022,NA
"European Region","FRA","France","Crolles",2019,NA,14.25,14.6,NA,NA,98.45890411,"European Environment Agency (downloaded in 2021)",NA,2022,NA
"European Region","FRA","France","Daix",2017,NA,12.16,12.45,NA,NA,98.75570776,"European Environment Agency (downloaded in 2021)",NA,2022,NA
"European Region","FRA","France","Dax",2017,9.38,18.02,12.84,NA,NA,98.64155251,"European Environment Agency (downloaded in 2021)",NA,2022,NA
"European Region","FRA","France","Dax",2018,8.59,14.75,11.47,NA,NA,95.20547945,"European Environment Agency (downloaded in 2021)",NA,2022,NA
"European Region","FRA","France","Dax",2019,8.71,17.53,11.55,NA,NA,97.62557078,"European Environment Agency (downloaded in 2021)",NA,2022,NA
"European Region","FRA","France","Denain",2018,NA,20.89,16.67,NA,NA,96.95205479,"European Environment Agency (downloaded in 2021)",NA,2022,NA
"European Region","FRA","France","Dieppe",2017,12.76,22.88,37.34,NA,NA,99.50913242,"European Environment Agency (downloaded in 2021)",NA,2022,NA
"European Region","FRA","France","Dieppe",2018,11.27,24.05,34.91,NA,NA,96.13013699,"European Environment Agency (downloaded in 2021)",NA,2022,NA
"European Region","FRA","France","Dieppe",2019,11.26,25.14,32.94,NA,NA,98.51598174,"European Environment Agency (downloaded in 2021)",NA,2022,NA
"European Region","FRA","France","Dijon",2017,10.18,15.32,19.22,NA,NA,97.78253425,"European Environment Agency (downloaded in 2021)",NA,2022,NA
"European Region","FRA","France","Dijon",2018,8.43,16.12,18.18,NA,NA,96.32039574,"European Environment Agency (downloaded in 2021)",NA,2022,NA
"European Region","FRA","France","Dijon",2019,7.38,14.91,18.57,NA,NA,97.3630137,"European Environment Agency (downloaded in 2021)",NA,2022,NA
"European Region","FRA","France","Dole",2019,NA,14.46,13.37,NA,NA,98.59589041,"European Environment Agency (downloaded in 2021)",NA,2022,NA
"European Region","FRA","France","Donges",2017,NA,15.76,9.09,NA,NA,99.02968037,"European Environment Agency (downloaded in 2021)",NA,2022,NA
"European Region","FRA","France","Donges",2018,NA,15.16,8.42,NA,NA,97.35159818,"European Environment Agency (downloaded in 2021)",NA,2022,NA
"European Region","FRA","France","Donges",2019,NA,15.2,7.76,NA,NA,98.43607306,"European Environment Agency (downloaded in 2021)",NA,2022,NA
"European Region","FRA","France","Douai",2017,13.28,20.51,17.85,NA,NA,99.01826484,"European Environment Agency (downloaded in 2021)",NA,2022,NA
"European Region","FRA","France","Douai",2018,14.92,20.85,16.03,NA,NA,96.75799087,"European Environment Agency (downloaded in 2021)",NA,2022,NA
"European Region","FRA","France","Douai",2019,12.37,20,15.93,NA,NA,97.4086758,"European Environment Agency (downloaded in 2021)",NA,2022,NA
"European Region","FRA","France","Dreux",2017,NA,16.24,9.87,NA,NA,99.69178082,"European Environment Agency (downloaded in 2021)",NA,2022,NA
"European Region","FRA","France","Dreux",2018,NA,16.79,11.69,NA,NA,98.94977169,"European Environment Agency (downloaded in 2021)",NA,2022,NA
"European Region","FRA","France","Dreux",2019,NA,12.12,10.61,NA,NA,99.01826484,"European Environment Agency (downloaded in 2021)",NA,2022,NA
"European Region","FRA","France","Dunkerque",2017,11.98,21.05,15.23,NA,NA,99.44063927,"European Environment Agency (downloaded in 2021)",NA,2022,NA
"European Region","FRA","France","Dunkerque",2018,12.02,21.38,17.02,NA,NA,98.12214612,"European Environment Agency (downloaded in 2021)",NA,2022,NA
"European Region","FRA","France","Dunkerque",2019,11.44,22.29,15.86,NA,NA,92.23173516,"European Environment Agency (downloaded in 2021)",NA,2022,NA
"European Region","FRA","France","Echirolles",2017,12.62,28.88,43.78,NA,NA,99.60045662,"European Environment Agency (downloaded in 2021)",NA,2022,NA
"European Region","FRA","France","Echirolles",2018,10.9,24.4,40.24,NA,NA,99.74885845,"European Environment Agency (downloaded in 2021)",NA,2022,NA
"European Region","FRA","France","Echirolles",2019,9.69,23.01,37.52,NA,NA,98.92694064,"European Environment Agency (downloaded in 2021)",NA,2022,NA
"European Region","FRA","France","Epernay",2017,9.08,18.69,27.71,NA,NA,99.71461187,"European Environment Agency (downloaded in 2021)",NA,2022,NA
"European Region","FRA","France","Epernay",2018,10.74,19.9,27.1,NA,NA,99.17808219,"European Environment Agency (downloaded in 2021)",NA,2022,NA
"European Region","FRA","France","Epernay",2019,9.68,20.24,23.93,NA,NA,99.49771689,"European Environment Agency (downloaded in 2021)",NA,2022,NA
"European Region","FRA","France","Epinal",2017,NA,15.1,12.86,NA,NA,97.60273973,"European Environment Agency (downloaded in 2021)",NA,2022,NA
"European Region","FRA","France","Epinal",2018,NA,14.13,13.3,NA,NA,96.63242009,"European Environment Agency (downloaded in 2021)",NA,2022,NA
"European Region","FRA","France","Epinal",2019,NA,11.03,12.6,NA,NA,99.34931507,"European Environment Agency (downloaded in 2021)",NA,2022,NA
"European Region","FRA","France","Evreux",2017,NA,15.09,15.49,NA,NA,99.61187215,"European Environment Agency (downloaded in 2021)",NA,2022,NA
"European Region","FRA","France","Evreux",2018,NA,15.23,14.45,NA,NA,99.08675799,"European Environment Agency (downloaded in 2021)",NA,2022,NA
"European Region","FRA","France","Evreux",2019,NA,15.53,13.02,NA,NA,99.48630137,"European Environment Agency (downloaded in 2021)",NA,2022,NA
"European Region","FRA","France","Feyzin",2017,NA,22.37,25.23,NA,NA,94.65753425,"European Environment Agency (downloaded in 2021)",NA,2022,NA
"European Region","FRA","France","Fleville-Devant-Nancy",2017,NA,16.25,18.77,NA,NA,89.5890411,"European Environment Agency (downloaded in 2021)",NA,2022,NA
"European Region","FRA","France","Fleville-Devant-Nancy",2018,NA,17.77,18.75,NA,NA,95.06849315,"European Environment Agency (downloaded in 2021)",NA,2022,NA
"European Region","FRA","France","Fleville-Devant-Nancy",2019,NA,17.44,17.34,NA,NA,95.76484018,"European Environment Agency (downloaded in 2021)",NA,2022,NA
"European Region","FRA","France","Fontaine",2017,NA,18.78,22.81,NA,NA,98.89269406,"European Environment Agency (downloaded in 2021)",NA,2022,NA
"European Region","FRA","France","Forbach",2017,11.42,17.92,20.33,NA,NA,99.53196347,"European Environment Agency (downloaded in 2021)",NA,2022,NA
"European Region","FRA","France","Forbach",2018,12.36,18.72,19.74,NA,NA,97.16894977,"European Environment Agency (downloaded in 2021)",NA,2022,NA
"European Region","FRA","France","Forbach",2019,11.42,17.21,17.95,NA,NA,91.87214612,"European Environment Agency (downloaded in 2021)",NA,2022,NA
"European Region","FRA","France","Fort-De-France",2017,NA,36.28,21.65,NA,NA,87.50761035,"European Environment Agency (downloaded in 2021)",NA,2022,NA
"European Region","FRA","France","Fort-De-France",2018,NA,38.36,17.89,NA,NA,91.37747336,"European Environment Agency (downloaded in 2021)",NA,2022,NA
"European Region","FRA","France","Fort-De-France",2019,NA,30.19,4.77,NA,NA,88.37899543,"European Environment Agency (downloaded in 2021)",NA,2022,NA
"European Region","FRA","France","Fos-Sur-Mer",2018,NA,17.61,11.32,NA,NA,92.05479452,"European Environment Agency (downloaded in 2021)",NA,2022,NA
"European Region","FRA","France","Fos-Sur-Mer",2019,NA,19.85,11.55,NA,NA,93.10502283,"European Environment Agency (downloaded in 2021)",NA,2022,NA
"European Region","FRA","France","Frossay",2017,NA,15.05,5.91,NA,NA,99.39497717,"European Environment Agency (downloaded in 2021)",NA,2022,NA
"European Region","FRA","France","Frossay",2018,NA,14.57,5.34,NA,NA,99.36073059,"European Environment Agency (downloaded in 2021)",NA,2022,NA
"European Region","FRA","France","Frossay",2019,NA,13.39,5.05,NA,NA,99.53196347,"European Environment Agency (downloaded in 2021)",NA,2022,NA
"European Region","FRA","France","Gaillard",2018,10.99,16.04,16.96,NA,NA,93.27625571,"European Environment Agency (downloaded in 2021)",NA,2022,NA
"European Region","FRA","France","Gaillard",2019,9.92,15.31,15.68,NA,NA,93.69863014,"European Environment Agency (downloaded in 2021)",NA,2022,NA
"European Region","FRA","France","Gap",2017,11.67,18.69,25.57,NA,NA,97.95091325,"European Environment Agency (downloaded in 2021)",NA,2022,NA
"European Region","FRA","France","Gap",2018,11.75,18.86,23.27,NA,NA,97.70547946,"European Environment Agency (downloaded in 2021)",NA,2022,NA
"European Region","FRA","France","Gap",2019,10.63,17.64,22.99,NA,NA,98.95547945,"European Environment Agency (downloaded in 2021)",NA,2022,NA
"European Region","FRA","France","Gardanne",2017,12.25,28.12,25.24,NA,NA,95.3652968,"European Environment Agency (downloaded in 2021)",NA,2022,NA
"European Region","FRA","France","Gardanne",2018,12.3,24.41,22.74,NA,NA,97.4543379,"European Environment Agency (downloaded in 2021)",NA,2022,NA
"European Region","FRA","France","Gardanne",2019,11.9,25.49,22.5,NA,NA,99.15525114,"European Environment Agency (downloaded in 2021)",NA,2022,NA
"European Region","FRA","France","Genas",2017,NA,20.49,25.52,NA,NA,97.44292237,"European Environment Agency (downloaded in 2021)",NA,2022,NA
"European Region","FRA","France","Genas",2018,NA,16.59,23.78,NA,NA,91.58675799,"European Environment Agency (downloaded in 2021)",NA,2022,NA
"European Region","FRA","France","Gennevilliers",2017,12.68,19.9,31.07,NA,NA,94.18949772,"European Environment Agency (downloaded in 2021)",NA,2022,NA
"European Region","FRA","France","Gennevilliers",2018,13,20.87,30.06,NA,NA,98.96118721,"European Environment Agency (downloaded in 2021)",NA,2022,NA
"European Region","FRA","France","Gennevilliers",2019,12.09,19.9,28.3,NA,NA,94.50913242,"European Environment Agency (downloaded in 2021)",NA,2022,NA
"European Region","FRA","France","Gironde",2018,NA,25.16,39.89,NA,NA,99.57762557,"European Environment Agency (downloaded in 2021)",NA,2022,NA
"European Region","FRA","France","Gironde",2019,NA,22.02,40.19,NA,NA,98.51598174,"European Environment Agency (downloaded in 2021)",NA,2022,NA
"European Region","FRA","France","Gonfreville-L'orcher",2018,NA,17.07,12.8,NA,NA,99.34931507,"European Environment Agency (downloaded in 2021)",NA,2022,NA
"European Region","FRA","France","Gonfreville-L'orcher",2019,NA,17.65,13.59,NA,NA,97.5,"European Environment Agency (downloaded in 2021)",NA,2022,NA
"European Region","FRA","France","Grande-Synthe",2017,NA,21.7,18.49,NA,NA,99.10958904,"European Environment Agency (downloaded in 2021)",NA,2022,NA
"European Region","FRA","France","Grande-Synthe",2018,NA,26.36,20.68,NA,NA,99.13242009,"European Environment Agency (downloaded in 2021)",NA,2022,NA
"European Region","FRA","France","Grande-Synthe",2019,NA,23.43,17.57,NA,NA,99.32648402,"European Environment Agency (downloaded in 2021)",NA,2022,NA
"European Region","FRA","France","Grenoble",2017,13.43,21.46,34.41,NA,NA,99.26369864,"European Environment Agency (downloaded in 2021)",NA,2022,NA
"European Region","FRA","France","Grenoble",2018,12.15,19.55,31.59,NA,NA,97.69406393,"European Environment Agency (downloaded in 2021)",NA,2022,NA
"European Region","FRA","France","Grenoble",2019,10.94,19.04,30,NA,NA,99.57191781,"European Environment Agency (downloaded in 2021)",NA,2022,NA
"European Region","FRA","France","Gueret",2017,NA,13.93,12.01,NA,NA,99.29223744,"European Environment Agency (downloaded in 2021)",NA,2022,NA
"European Region","FRA","France","Gueret",2018,NA,11.96,12.4,NA,NA,99.71461187,"European Environment Agency (downloaded in 2021)",NA,2022,NA
"European Region","FRA","France","Gueret",2019,NA,11.88,12.99,NA,NA,98.47031963,"European Environment Agency (downloaded in 2021)",NA,2022,NA
"European Region","FRA","France","Guipry",2018,8,16.25,4.28,NA,NA,91.73515982,"European Environment Agency (downloaded in 2021)",NA,2022,NA
"European Region","FRA","France","Guipry",2019,7.16,16.4,5.22,NA,NA,87.80821918,"European Environment Agency (downloaded in 2021)",NA,2022,NA
"European Region","FRA","France","Harnes",2018,NA,21.72,17.15,NA,NA,94.84018265,"European Environment Agency (downloaded in 2021)",NA,2022,NA
"European Region","FRA","France","Harnes",2019,NA,20.3,16.18,NA,NA,93.58447489,"European Environment Agency (downloaded in 2021)",NA,2022,NA
"European Region","FRA","France","Hayange",2017,NA,12.35,17.55,NA,NA,99.22374429,"European Environment Agency (downloaded in 2021)",NA,2022,NA
"European Region","FRA","France","Hayange",2018,NA,12.76,18.06,NA,NA,98.42465753,"European Environment Agency (downloaded in 2021)",NA,2022,NA
"European Region","FRA","France","Heming",2017,NA,23.48,10.9,NA,NA,98.84703196,"European Environment Agency (downloaded in 2021)",NA,2022,NA
"European Region","FRA","France","Heming",2018,NA,22.26,11.69,NA,NA,95.4109589,"European Environment Agency (downloaded in 2021)",NA,2022,NA
"European Region","FRA","France","Heming",2019,NA,18.34,10.03,NA,NA,98.77853881,"European Environment Agency (downloaded in 2021)",NA,2022,NA
"European Region","FRA","France","Ifs",2017,NA,13.89,14.36,NA,NA,99.38356164,"European Environment Agency (downloaded in 2021)",NA,2022,NA
"European Region","FRA","France","Ifs",2018,NA,15.68,15.26,NA,NA,97.03196347,"European Environment Agency (downloaded in 2021)",NA,2022,NA
"European Region","FRA","France","Ifs",2019,NA,15.89,14,NA,NA,97.16894977,"European Environment Agency (downloaded in 2021)",NA,2022,NA
"European Region","FRA","France","Issoire",2017,NA,14.96,13.91,NA,NA,96.36986301,"European Environment Agency (downloaded in 2021)",NA,2022,NA
"European Region","FRA","France","Jonville-En-Woevre",2017,10.46,15.28,8.13,NA,NA,99.7716895,"European Environment Agency (downloaded in 2021)",NA,2022,NA
"European Region","FRA","France","Jonville-En-Woevre",2018,11.08,18.2,7.29,NA,NA,92.69406393,"European Environment Agency (downloaded in 2021)",NA,2022,NA
"European Region","FRA","France","Jonville-En-Woevre",2019,9.53,17.6,5.84,NA,NA,88.50456621,"European Environment Agency (downloaded in 2021)",NA,2022,NA
"European Region","FRA","France","Kourou",2019,NA,21.05,2.1,NA,NA,99.98858447,"European Environment Agency (downloaded in 2021)",NA,2022,NA
"European Region","FRA","France","La Calmette",2017,NA,17.81,9.08,NA,NA,97.94520548,"European Environment Agency (downloaded in 2021)",NA,2022,NA
"European Region","FRA","France","La Calmette",2018,NA,15.78,8.27,NA,NA,94.64611872,"European Environment Agency (downloaded in 2021)",NA,2022,NA
"European Region","FRA","France","La Calmette",2019,NA,16.99,10.84,NA,NA,97.8196347,"European Environment Agency (downloaded in 2021)",NA,2022,NA
"European Region","FRA","France","La Couronne",2017,NA,17.07,12.42,NA,NA,97.02054795,"European Environment Agency (downloaded in 2021)",NA,2022,NA
"European Region","FRA","France","La Couronne",2018,NA,16.26,10.24,NA,NA,99.13242009,"European Environment Agency (downloaded in 2021)",NA,2022,NA
"European Region","FRA","France","La Couronne",2019,NA,14.59,10.8,NA,NA,96.81506849,"European Environment Agency (downloaded in 2021)",NA,2022,NA
"European Region","FRA","France","La Mulatiere",2017,15.05,29.97,61.2,NA,NA,96.06164384,"European Environment Agency (downloaded in 2021)",NA,2022,NA
"European Region","FRA","France","La Mulatiere",2018,14.08,29.02,60.57,NA,NA,98.84703196,"European Environment Agency (downloaded in 2021)",NA,2022,NA
"European Region","FRA","France","La Mulatiere",2019,12.89,27.19,52.62,NA,NA,97.88812785,"European Environment Agency (downloaded in 2021)",NA,2022,NA
"European Region","FRA","France","La Plaine Des Cafres",2019,NA,6.57,3.58,NA,NA,82.75114155,"European Environment Agency (downloaded in 2021)",NA,2022,NA
"European Region","FRA","France","La Roche-Sur-Yon",2017,NA,17.12,10.99,NA,NA,99.02968037,"European Environment Agency (downloaded in 2021)",NA,2022,NA
"European Region","FRA","France","La Roche-Sur-Yon",2018,NA,17.05,9.43,NA,NA,99.66894977,"European Environment Agency (downloaded in 2021)",NA,2022,NA
"European Region","FRA","France","La Roche-Sur-Yon",2019,NA,15.31,8.56,NA,NA,99.55479452,"European Environment Agency (downloaded in 2021)",NA,2022,NA
"European Region","FRA","France","La Rochelle",2017,8.4,18.31,19.59,NA,NA,92.52283105,"European Environment Agency (downloaded in 2021)",NA,2022,NA
"European Region","FRA","France","La Rochelle",2018,9.04,19.44,16.85,NA,NA,94.73744292,"European Environment Agency (downloaded in 2021)",NA,2022,NA
"European Region","FRA","France","La Rochelle",2019,9.08,18.89,16.81,NA,NA,99.05251142,"European Environment Agency (downloaded in 2021)",NA,2022,NA
"European Region","FRA","France","La Talaudiere",2017,NA,17.13,15.31,NA,NA,99.21232877,"European Environment Agency (downloaded in 2021)",NA,2022,NA
"European Region","FRA","France","La Talaudiere",2018,NA,15.9,14.09,NA,NA,99.85159817,"European Environment Agency (downloaded in 2021)",NA,2022,NA
"European Region","FRA","France","La Talaudiere",2019,NA,16.3,12.68,NA,NA,99.60045662,"European Environment Agency (downloaded in 2021)",NA,2022,NA
"European Region","FRA","France","La Tardiere",2017,9.09,13.81,4.83,NA,NA,96.55251142,"European Environment Agency (downloaded in 2021)",NA,2022,NA
"European Region","FRA","France","La Tardiere",2018,8.43,12.66,4.63,NA,NA,99.13242009,"European Environment Agency (downloaded in 2021)",NA,2022,NA
"European Region","FRA","France","La Tardiere",2019,7.62,11.94,4.13,NA,NA,99.53196347,"European Environment Agency (downloaded in 2021)",NA,2022,NA
"European Region","FRA","France","Labastide-Cezeracq",2017,NA,13.11,9.25,NA,NA,97.69406393,"European Environment Agency (downloaded in 2021)",NA,2022,NA
"European Region","FRA","France","Labastide-Cezeracq",2018,NA,11.6,8.28,NA,NA,99.33789954,"European Environment Agency (downloaded in 2021)",NA,2022,NA
"European Region","FRA","France","Labastide-Cezeracq",2019,NA,13.85,8.99,NA,NA,95.44520548,"European Environment Agency (downloaded in 2021)",NA,2022,NA
"European Region","FRA","France","Laval",2017,NA,15.7,14.07,NA,NA,98.90410959,"European Environment Agency (downloaded in 2021)",NA,2022,NA
"European Region","FRA","France","Laval",2018,NA,14.68,12.82,NA,NA,99.60045662,"European Environment Agency (downloaded in 2021)",NA,2022,NA
"European Region","FRA","France","Laval",2019,NA,14.8,11.35,NA,NA,99.73744292,"European Environment Agency (downloaded in 2021)",NA,2022,NA
"European Region","FRA","France","Le Havre",2017,10.17,19.1,22.01,NA,NA,98.86130137,"European Environment Agency (downloaded in 2021)",NA,2022,NA
"European Region","FRA","France","Le Havre",2018,10.51,20.63,25.42,NA,NA,98.75570776,"European Environment Agency (downloaded in 2021)",NA,2022,NA
"European Region","FRA","France","Le Havre",2019,10.42,19.84,20.98,NA,NA,98.29147641,"European Environment Agency (downloaded in 2021)",NA,2022,NA
"European Region","FRA","France","Le Lamentin",2017,NA,27.06,9.9,NA,NA,94.45205479,"European Environment Agency (downloaded in 2021)",NA,2022,NA
"European Region","FRA","France","Le Lamentin",2018,NA,30.29,10.38,NA,NA,89.26940639,"European Environment Agency (downloaded in 2021)",NA,2022,NA
"European Region","FRA","France","Le Lamentin",2019,NA,24.62,8.61,NA,NA,93.75570776,"European Environment Agency (downloaded in 2021)",NA,2022,NA
"European Region","FRA","France","Le Mans",2017,10.63,16.65,12.76,NA,NA,99.60616439,"European Environment Agency (downloaded in 2021)",NA,2022,NA
"European Region","FRA","France","Le Mans",2018,9.41,15.31,12.03,NA,NA,99.73744293,"European Environment Agency (downloaded in 2021)",NA,2022,NA
"European Region","FRA","France","Le Mans",2019,9.29,15.11,11.88,NA,NA,98.28196347,"European Environment Agency (downloaded in 2021)",NA,2022,NA
"European Region","FRA","France","Le Marin",2017,10.99,28.15,1.73,NA,NA,88.10502283,"European Environment Agency (downloaded in 2021)",NA,2022,NA
"European Region","FRA","France","Le Marin",2018,8.58,23.79,1.32,NA,NA,94.06392694,"European Environment Agency (downloaded in 2021)",NA,2022,NA
"European Region","FRA","France","Le Marin",2019,8.42,21.74,1.62,NA,NA,86.82648402,"European Environment Agency (downloaded in 2021)",NA,2022,NA
"European Region","FRA","France","Le Petit-Quevilly",2017,NA,23.18,38.44,NA,NA,97.95091324,"European Environment Agency (downloaded in 2021)",NA,2022,NA
"European Region","FRA","France","Le Petit-Quevilly",2018,NA,22.84,37.47,NA,NA,98.55593607,"European Environment Agency (downloaded in 2021)",NA,2022,NA
"European Region","FRA","France","Le Petit-Quevilly",2019,NA,22.42,33.16,NA,NA,98.31621005,"European Environment Agency (downloaded in 2021)",NA,2022,NA
"European Region","FRA","France","Le Puy-En-Velay",2017,NA,15.25,14.58,NA,NA,98.91552511,"European Environment Agency (downloaded in 2021)",NA,2022,NA
"European Region","FRA","France","Le Puy-En-Velay",2018,NA,12.1,13.23,NA,NA,99.80593607,"European Environment Agency (downloaded in 2021)",NA,2022,NA
"European Region","FRA","France","Le Puy-En-Velay",2019,NA,12.82,13.67,NA,NA,99.42922374,"European Environment Agency (downloaded in 2021)",NA,2022,NA
"European Region","FRA","France","Le Robert",2017,NA,25.36,3.93,NA,NA,92.29452055,"European Environment Agency (downloaded in 2021)",NA,2022,NA
"European Region","FRA","France","Le Robert",2018,NA,25.3,1.61,NA,NA,94.8173516,"European Environment Agency (downloaded in 2021)",NA,2022,NA
"European Region","FRA","France","Les Mazures",2017,6.12,10.46,6.12,NA,NA,95.93607306,"European Environment Agency (downloaded in 2021)",NA,2022,NA
"European Region","FRA","France","Les Mazures",2018,7.11,11.66,5.95,NA,NA,93.04794521,"European Environment Agency (downloaded in 2021)",NA,2022,NA
"European Region","FRA","France","Les Mazures",2019,6.08,10.28,4.7,NA,NA,90.14840183,"European Environment Agency (downloaded in 2021)",NA,2022,NA
"European Region","FRA","France","Lille",2017,14.26,20.79,30.25,NA,NA,98.9326484,"European Environment Agency (downloaded in 2021)",NA,2022,NA
"European Region","FRA","France","Lille",2018,14.77,21.52,30.02,NA,NA,88.65296803,"European Environment Agency (downloaded in 2021)",NA,2022,NA
"European Region","FRA","France","Lille",2019,11.94,19.97,25.95,NA,NA,99.24086758,"European Environment Agency (downloaded in 2021)",NA,2022,NA
"European Region","FRA","France","Limoges",2017,8.27,11.17,23.16,NA,NA,98.1107306,"European Environment Agency (downloaded in 2021)",NA,2022,NA
"European Region","FRA","France","Limoges",2018,8.07,12.96,21.35,NA,NA,98.85273973,"European Environment Agency (downloaded in 2021)",NA,2022,NA
"European Region","FRA","France","Limoges",2019,8.11,14.67,21.58,NA,NA,95.40525114,"European Environment Agency (downloaded in 2021)",NA,2022,NA
"European Region","FRA","France","Lisieux",2017,NA,17.68,11.88,NA,NA,99.48630137,"European Environment Agency (downloaded in 2021)",NA,2022,NA
"European Region","FRA","France","Lisieux",2018,NA,15.89,11.83,NA,NA,94.38356164,"European Environment Agency (downloaded in 2021)",NA,2022,NA
"European Region","FRA","France","Lisieux",2019,NA,15.83,11,NA,NA,98.49315068,"European Environment Agency (downloaded in 2021)",NA,2022,NA
"European Region","FRA","France","Lognes",2017,NA,19.53,26.9,NA,NA,99.50913242,"European Environment Agency (downloaded in 2021)",NA,2022,NA
"European Region","FRA","France","Lognes",2018,NA,18.83,24.22,NA,NA,99.29223744,"European Environment Agency (downloaded in 2021)",NA,2022,NA
"European Region","FRA","France","Lognes",2019,NA,17.28,22.98,NA,NA,97.15753425,"European Environment Agency (downloaded in 2021)",NA,2022,NA
"European Region","FRA","France","Lons-Le-Saunier",2017,10.53,15.49,13.25,NA,NA,99.52054795,"European Environment Agency (downloaded in 2021)",NA,2022,NA
"European Region","FRA","France","Lorient",2018,NA,15.08,10.95,NA,NA,97.69977169,"European Environment Agency (downloaded in 2021)",NA,2022,NA
"European Region","FRA","France","Lorient",2019,9.25,15.09,9.29,NA,NA,97.27739726,"European Environment Agency (downloaded in 2021)",NA,2022,NA
"European Region","FRA","France","Lourdes",2017,9.6,15.75,16.21,NA,NA,95.81621005,"European Environment Agency (downloaded in 2021)",NA,2022,NA
"European Region","FRA","France","Lourdes",2018,8.28,12.69,13.97,NA,NA,96.69520548,"European Environment Agency (downloaded in 2021)",NA,2022,NA
"European Region","FRA","France","Lourdes",2019,8.14,12.42,13.41,NA,NA,94.8173516,"European Environment Agency (downloaded in 2021)",NA,2022,NA
"European Region","FRA","France","Lucciana",2017,NA,17.26,6.98,NA,NA,95.23972603,"European Environment Agency (downloaded in 2021)",NA,2022,NA
"European Region","FRA","France","Lucciana",2018,NA,17.8,6.07,NA,NA,88.39041096,"European Environment Agency (downloaded in 2021)",NA,2022,NA
"European Region","FRA","France","Lucciana",2019,NA,19.07,6.16,NA,NA,97.64840183,"European Environment Agency (downloaded in 2021)",NA,2022,NA
"European Region","FRA","France","Luce",2017,9.93,17.37,12.85,NA,NA,99.41780822,"European Environment Agency (downloaded in 2021)",NA,2022,NA
"European Region","FRA","France","Luce",2018,10.28,15.55,11.36,NA,NA,93.05936073,"European Environment Agency (downloaded in 2021)",NA,2022,NA
"European Region","FRA","France","Lunel-Viel",2017,9.73,17,12.52,NA,NA,99.48630137,"European Environment Agency (downloaded in 2021)",NA,2022,NA
"European Region","FRA","France","Lunel-Viel",2018,9.51,18.07,11.75,NA,NA,97.85388128,"European Environment Agency (downloaded in 2021)",NA,2022,NA
"European Region","FRA","France","Lunel-Viel",2019,8.38,15.9,11.89,NA,NA,92.34018265,"European Environment Agency (downloaded in 2021)",NA,2022,NA
"European Region","FRA","France","Lyon",2017,15,23.49,33.79,NA,NA,95.12557077,"European Environment Agency (downloaded in 2021)",NA,2022,NA
"European Region","FRA","France","Lyon",2018,11.83,19.15,29.69,NA,NA,95.35768645,"European Environment Agency (downloaded in 2021)",NA,2022,NA
"European Region","FRA","France","Lyon",2019,11.57,18.16,29.98,NA,NA,96.06925419,"European Environment Agency (downloaded in 2021)",NA,2022,NA
"European Region","FRA","France","Macon",2017,NA,15.27,21.16,NA,NA,98.55022831,"European Environment Agency (downloaded in 2021)",NA,2022,NA
"European Region","FRA","France","Macon",2018,NA,13.12,16.26,NA,NA,98.10502283,"European Environment Agency (downloaded in 2021)",NA,2022,NA
"European Region","FRA","France","Macon",2019,NA,13.58,17.8,NA,NA,95.62785388,"European Environment Agency (downloaded in 2021)",NA,2022,NA
"European Region","FRA","France","Malroy",2017,NA,17.63,18.55,NA,NA,97.2716895,"European Environment Agency (downloaded in 2021)",NA,2022,NA
"European Region","FRA","France","Malroy",2018,NA,17.35,18.29,NA,NA,97.46575342,"European Environment Agency (downloaded in 2021)",NA,2022,NA
"European Region","FRA","France","Manosque",2018,NA,16.81,10.06,NA,NA,99.543379,"European Environment Agency (downloaded in 2021)",NA,2022,NA
"European Region","FRA","France","Manosque",2019,8.16,13.38,10.18,NA,NA,99.53196347,"European Environment Agency (downloaded in 2021)",NA,2022,NA
"European Region","FRA","France","Marignane",2018,NA,21.23,21.37,NA,NA,88.08219178,"European Environment Agency (downloaded in 2021)",NA,2022,NA
"European Region","FRA","France","Marignane",2019,NA,21.47,22.92,NA,NA,96.70091324,"European Environment Agency (downloaded in 2021)",NA,2022,NA
"European Region","FRA","France","Marmande",2017,8.95,17.96,19.21,NA,NA,93.19634703,"European Environment Agency (downloaded in 2021)",NA,2022,NA
"European Region","FRA","France","Marmande",2018,8.55,16.93,16.51,NA,NA,98.03652968,"European Environment Agency (downloaded in 2021)",NA,2022,NA
"European Region","FRA","France","Marmande",2019,6.86,17.09,16.48,NA,NA,99.87442922,"European Environment Agency (downloaded in 2021)",NA,2022,NA
"European Region","FRA","France","Marseille",2017,14.67,28.4,47.36,NA,NA,96.64383562,"European Environment Agency (downloaded in 2021)",NA,2022,NA
"European Region","FRA","France","Marseille",2018,12.49,24.3,35.37,NA,NA,99.07153729,"European Environment Agency (downloaded in 2021)",NA,2022,NA
"European Region","FRA","France","Marseille",2019,11.1,23.85,34.6,NA,NA,96.92922374,"European Environment Agency (downloaded in 2021)",NA,2022,NA
"European Region","FRA","France","Matoury",2017,NA,23.57,2.67,NA,NA,86.83789954,"European Environment Agency (downloaded in 2021)",NA,2022,NA
"European Region","FRA","France","Matoury",2019,NA,23.06,2.95,NA,NA,89.52054795,"European Environment Agency (downloaded in 2021)",NA,2022,NA
"European Region","FRA","France","Maubeuge",2017,NA,16.81,16.37,NA,NA,99.65753425,"European Environment Agency (downloaded in 2021)",NA,2022,NA
"European Region","FRA","France","Maubeuge",2018,NA,18.3,14.24,NA,NA,94.44063927,"European Environment Agency (downloaded in 2021)",NA,2022,NA
"European Region","FRA","France","Maubeuge",2019,NA,16.49,13.02,NA,NA,99.55479452,"European Environment Agency (downloaded in 2021)",NA,2022,NA
"European Region","FRA","France","Melun",2017,12.89,25.8,32.72,NA,NA,98.6586758,"European Environment Agency (downloaded in 2021)",NA,2022,NA
"European Region","FRA","France","Melun",2018,14.12,24.79,30.5,NA,NA,96.02739726,"European Environment Agency (downloaded in 2021)",NA,2022,NA
"European Region","FRA","France","Melun",2019,13.63,25.6,28.75,NA,NA,91.9520548,"European Environment Agency (downloaded in 2021)",NA,2022,NA
"European Region","FRA","France","Merignac",2017,NA,17.8,26.02,NA,NA,94.69178082,"European Environment Agency (downloaded in 2021)",NA,2022,NA
"European Region","FRA","France","Merignac",2018,NA,16.39,23.97,NA,NA,98.10502283,"European Environment Agency (downloaded in 2021)",NA,2022,NA
"European Region","FRA","France","Merignac",2019,NA,17.44,23.02,NA,NA,98.04794521,"European Environment Agency (downloaded in 2021)",NA,2022,NA
"European Region","FRA","France","Metz",2017,10.26,18.04,20.41,NA,NA,99.46061644,"European Environment Agency (downloaded in 2021)",NA,2022,NA
"European Region","FRA","France","Metz",2018,12.46,18.28,20.3,NA,NA,99.44920091,"European Environment Agency (downloaded in 2021)",NA,2022,NA
"European Region","FRA","France","Metz",2019,10.3,16.19,19.43,NA,NA,97.68550228,"European Environment Agency (downloaded in 2021)",NA,2022,NA
"European Region","FRA","France","Meze",2017,14.71,15.6,18.92,NA,NA,93.31050228,"European Environment Agency (downloaded in 2021)",NA,2022,NA
"European Region","FRA","France","Miribel",2019,NA,13.4,7.54,NA,NA,99.6347032,"European Environment Agency (downloaded in 2021)",NA,2022,NA
"European Region","FRA","France","Mont-De-Marsan",2017,9.35,17.44,16.1,NA,NA,98.82420091,"European Environment Agency (downloaded in 2021)",NA,2022,NA
"European Region","FRA","France","Mont-De-Marsan",2018,9.03,16.88,16.54,NA,NA,98.89269406,"European Environment Agency (downloaded in 2021)",NA,2022,NA
"European Region","FRA","France","Mont-De-Marsan",2019,7.6,17.45,15.43,NA,NA,96.81506849,"European Environment Agency (downloaded in 2021)",NA,2022,NA
"European Region","FRA","France","Montargis",2017,9.57,18.68,11.35,NA,NA,96.88356164,"European Environment Agency (downloaded in 2021)",NA,2022,NA
"European Region","FRA","France","Montargis",2018,8.92,18.07,10.56,NA,NA,99.79452055,"European Environment Agency (downloaded in 2021)",NA,2022,NA
"European Region","FRA","France","Montargis",2019,8.63,12.96,15.86,NA,NA,98.09931507,"European Environment Agency (downloaded in 2021)",NA,2022,NA
"European Region","FRA","France","Montbeliard",2017,10.74,19.62,19.29,NA,NA,99.24657534,"European Environment Agency (downloaded in 2021)",NA,2022,NA
"European Region","FRA","France","Montbeliard",2018,11.18,19.64,19.01,NA,NA,97.79680365,"European Environment Agency (downloaded in 2021)",NA,2022,NA
"European Region","FRA","France","Montbeliard",2019,10.66,16.68,18.88,NA,NA,98.55022831,"European Environment Agency (downloaded in 2021)",NA,2022,NA
"European Region","FRA","France","Montceau-Les-Mines",2017,NA,14.68,15.58,NA,NA,96.67808219,"European Environment Agency (downloaded in 2021)",NA,2022,NA
"European Region","FRA","France","Montceau-Les-Mines",2018,NA,16,14.58,NA,NA,98.24200913,"European Environment Agency (downloaded in 2021)",NA,2022,NA
"European Region","FRA","France","Montceau-Les-Mines",2019,NA,15.25,14.53,NA,NA,97.52283105,"European Environment Agency (downloaded in 2021)",NA,2022,NA
"European Region","FRA","France","Montlucon",2017,NA,14.41,14.47,NA,NA,98.31050228,"European Environment Agency (downloaded in 2021)",NA,2022,NA
"European Region","FRA","France","Montlucon",2018,NA,12.18,14.64,NA,NA,98.72146119,"European Environment Agency (downloaded in 2021)",NA,2022,NA
"European Region","FRA","France","Montlucon",2019,6.16,12.01,14.86,NA,NA,99.82876712,"European Environment Agency (downloaded in 2021)",NA,2022,NA
"European Region","FRA","France","Montpellier",2017,13.43,17.38,31.12,NA,NA,93.82420091,"European Environment Agency (downloaded in 2021)",NA,2022,NA
"European Region","FRA","France","Montpellier",2018,10.36,14.28,28.61,NA,NA,98.08219178,"European Environment Agency (downloaded in 2021)",NA,2022,NA
"European Region","FRA","France","Montpellier",2019,8.18,16.84,27.83,NA,NA,97.61130137,"European Environment Agency (downloaded in 2021)",NA,2022,NA
"European Region","FRA","France","Moult",2017,11.04,16.57,13.79,NA,NA,98.71004566,"European Environment Agency (downloaded in 2021)",NA,2022,NA
"European Region","FRA","France","Moult",2018,10.14,14.7,13.23,NA,NA,97.7283105,"European Environment Agency (downloaded in 2021)",NA,2022,NA
"European Region","FRA","France","Moult",2019,9.88,13.83,11.82,NA,NA,85.71917808,"European Environment Agency (downloaded in 2021)",NA,2022,NA
"European Region","FRA","France","Mulhouse",2017,14.17,17.71,24.86,NA,NA,98.83942161,"European Environment Agency (downloaded in 2021)",NA,2022,NA
"European Region","FRA","France","Mulhouse",2018,12.84,18.23,24.57,NA,NA,99.5129376,"European Environment Agency (downloaded in 2021)",NA,2022,NA
"European Region","FRA","France","Mulhouse",2019,12.04,16.97,24.81,NA,NA,99.36834094,"European Environment Agency (downloaded in 2021)",NA,2022,NA
"European Region","FRA","France","Munchhausen",2017,NA,16.1,13.9,NA,NA,99.47488584,"European Environment Agency (downloaded in 2021)",NA,2022,NA
"European Region","FRA","France","Munchhausen",2018,NA,16.71,12.37,NA,NA,98.77853881,"European Environment Agency (downloaded in 2021)",NA,2022,NA
"European Region","FRA","France","Munchhausen",2019,NA,14.47,13.51,NA,NA,98.21917808,"European Environment Agency (downloaded in 2021)",NA,2022,NA
"European Region","FRA","France","Nancy",2017,10.83,18.89,25.16,NA,NA,98.51217656,"European Environment Agency (downloaded in 2021)",NA,2022,NA
"European Region","FRA","France","Nancy",2018,10.79,15.27,24.71,NA,NA,92.5152207,"European Environment Agency (downloaded in 2021)",NA,2022,NA
"European Region","FRA","France","Nancy",2019,9.46,16.09,21.87,NA,NA,96.14535768,"European Environment Agency (downloaded in 2021)",NA,2022,NA
"European Region","FRA","France","Nantes",2017,11.56,18.04,23.53,NA,NA,99.27321157,"European Environment Agency (downloaded in 2021)",NA,2022,NA
"European Region","FRA","France","Nantes",2018,10.12,17.03,19.64,NA,NA,99.67275495,"European Environment Agency (downloaded in 2021)",NA,2022,NA
"European Region","FRA","France","Nantes",2019,10.11,17.25,19.04,NA,NA,99.25038052,"European Environment Agency (downloaded in 2021)",NA,2022,NA
"European Region","FRA","France","Nevers",2017,NA,12.27,10.32,NA,NA,98.49315068,"European Environment Agency (downloaded in 2021)",NA,2022,NA
"European Region","FRA","France","Nevers",2018,NA,11.88,9.22,NA,NA,98.35616438,"European Environment Agency (downloaded in 2021)",NA,2022,NA
"European Region","FRA","France","Nevers",2019,NA,12.15,9.75,NA,NA,98.56164384,"European Environment Agency (downloaded in 2021)",NA,2022,NA
"European Region","FRA","France","Nice",2017,13.9,28.59,41.37,NA,NA,97.81963471,"European Environment Agency (downloaded in 2021)",NA,2022,NA
"European Region","FRA","France","Nice",2018,12.53,25.19,36.25,NA,NA,97.97945206,"European Environment Agency (downloaded in 2021)",NA,2022,NA
"European Region","FRA","France","Nice",2019,12.08,24.92,34.27,NA,NA,98.84703196,"European Environment Agency (downloaded in 2021)",NA,2022,NA
"European Region","FRA","France","Nimes",2017,10.83,19.44,26.92,NA,NA,97.10045663,"European Environment Agency (downloaded in 2021)",NA,2022,NA
"European Region","FRA","France","Nimes",2018,9.85,17.31,24.38,NA,NA,98.81278539,"European Environment Agency (downloaded in 2021)",NA,2022,NA
"European Region","FRA","France","Nimes",2019,8.18,18.34,23.55,NA,NA,96.76940639,"European Environment Agency (downloaded in 2021)",NA,2022,NA
"European Region","FRA","France","Niort",2017,9.89,18.16,23.72,NA,NA,98.55593608,"European Environment Agency (downloaded in 2021)",NA,2022,NA
"European Region","FRA","France","Niort",2018,8.99,17.82,20.39,NA,NA,92.17465754,"European Environment Agency (downloaded in 2021)",NA,2022,NA
"European Region","FRA","France","Niort",2019,8.85,17.97,20.07,NA,NA,97.7739726,"European Environment Agency (downloaded in 2021)",NA,2022,NA
"European Region","FRA","France","Noeux-Les-Mines",2017,NA,17.5,12.66,NA,NA,99.14383562,"European Environment Agency (downloaded in 2021)",NA,2022,NA
"European Region","FRA","France","Noeux-Les-Mines",2018,NA,19.04,12.29,NA,NA,95.77625571,"European Environment Agency (downloaded in 2021)",NA,2022,NA
"European Region","FRA","France","Noeux-Les-Mines",2019,NA,18.27,10.65,NA,NA,98.42465753,"European Environment Agency (downloaded in 2021)",NA,2022,NA
"European Region","FRA","France","Nogent-Sur-Oise",2018,NA,19.98,21.28,NA,NA,96.47260274,"European Environment Agency (downloaded in 2021)",NA,2022,NA
"European Region","FRA","France","Nogent-Sur-Oise",2019,NA,18.53,19.78,NA,NA,95.11415525,"European Environment Agency (downloaded in 2021)",NA,2022,NA
"European Region","FRA","France","Notre-Dame-De-Gravenchon",2017,NA,16.42,11.4,NA,NA,98.47031963,"European Environment Agency (downloaded in 2021)",NA,2022,NA
"European Region","FRA","France","Notre-Dame-De-Gravenchon",2018,NA,16.19,11.05,NA,NA,99.56621005,"European Environment Agency (downloaded in 2021)",NA,2022,NA
"European Region","FRA","France","Notre-Dame-De-Gravenchon",2019,NA,15.74,11.24,NA,NA,99.70319635,"European Environment Agency (downloaded in 2021)",NA,2022,NA
"European Region","FRA","France","Nuits-Saint-Georges",2017,NA,15.65,24.43,NA,NA,95.3652968,"European Environment Agency (downloaded in 2021)",NA,2022,NA
"European Region","FRA","France","Nuits-Saint-Georges",2018,NA,15.19,19.03,NA,NA,97.80821918,"European Environment Agency (downloaded in 2021)",NA,2022,NA
"European Region","FRA","France","Nuits-Saint-Georges",2019,NA,14.9,17.97,NA,NA,98.50456621,"European Environment Agency (downloaded in 2021)",NA,2022,NA
"European Region","FRA","France","Orleans",2017,NA,15.92,20.27,NA,NA,97.85958905,"European Environment Agency (downloaded in 2021)",NA,2022,NA
"European Region","FRA","France","Orleans",2018,NA,15.36,18.8,NA,NA,99.13242009,"European Environment Agency (downloaded in 2021)",NA,2022,NA
"European Region","FRA","France","Orleans",2019,NA,15.27,18.32,NA,NA,99.39497717,"European Environment Agency (downloaded in 2021)",NA,2022,NA
"European Region","FRA","France","Outreau",2017,NA,16.61,10.19,NA,NA,95.87899543,"European Environment Agency (downloaded in 2021)",NA,2022,NA
"European Region","FRA","France","Outreau",2018,NA,16.95,10.71,NA,NA,97.02054795,"European Environment Agency (downloaded in 2021)",NA,2022,NA
"European Region","FRA","France","Outreau",2019,NA,17.52,10.21,NA,NA,89.29223744,"European Environment Agency (downloaded in 2021)",NA,2022,NA
"European Region","FRA","France","Pantin",2017,NA,31.06,55.21,NA,NA,98.47031963,"European Environment Agency (downloaded in 2021)",NA,2022,NA
"European Region","FRA","France","Pantin",2018,NA,29.27,56.11,NA,NA,96.96347032,"European Environment Agency (downloaded in 2021)",NA,2022,NA
"European Region","FRA","France","Pantin",2019,NA,28.19,51.42,NA,NA,98.56164384,"European Environment Agency (downloaded in 2021)",NA,2022,NA
"European Region","FRA","France","Paray-Le-Fresil",2017,7.61,10.98,2.71,NA,NA,99.73744292,"European Environment Agency (downloaded in 2021)",NA,2022,NA
"European Region","FRA","France","Paray-Le-Fresil",2018,7.2,10.47,3.21,NA,NA,98.88127854,"European Environment Agency (downloaded in 2021)",NA,2022,NA
"European Region","FRA","France","Paray-Le-Fresil",2019,6.77,10.61,3.72,NA,NA,97.84246575,"European Environment Agency (downloaded in 2021)",NA,2022,NA
"European Region","FRA","France","Paris",2017,15.16,25.85,48.63,NA,NA,95.26092629,"European Environment Agency (downloaded in 2021)",NA,2022,NA
"European Region","FRA","France","Paris",2018,15.33,25.71,44.13,NA,NA,96.49016509,"European Environment Agency (downloaded in 2021)",NA,2022,NA
"European Region","FRA","France","Paris",2019,15.51,24.75,41.32,NA,NA,95.82857686,"European Environment Agency (downloaded in 2021)",NA,2022,NA
"European Region","FRA","France","Passy",2017,17.03,23.24,18.24,NA,NA,89.52054795,"European Environment Agency (downloaded in 2021)",NA,2022,NA
"European Region","FRA","France","Passy",2018,12.76,22.7,14.79,NA,NA,91.07305936,"European Environment Agency (downloaded in 2021)",NA,2022,NA
"European Region","FRA","France","Passy",2019,14.05,20.04,15.64,NA,NA,96.15296804,"European Environment Agency (downloaded in 2021)",NA,2022,NA
"European Region","FRA","France","Pau",2017,NA,19.33,26.47,NA,NA,98.33333333,"European Environment Agency (downloaded in 2021)",NA,2022,NA
"European Region","FRA","France","Pau",2018,NA,16.24,26.29,NA,NA,99.01826484,"European Environment Agency (downloaded in 2021)",NA,2022,NA
"European Region","FRA","France","Pau",2019,NA,17.45,25.76,NA,NA,99.02968037,"European Environment Agency (downloaded in 2021)",NA,2022,NA
"European Region","FRA","France","Perigueux",2017,NA,13.42,11.9,NA,NA,89.37214612,"European Environment Agency (downloaded in 2021)",NA,2022,NA
"European Region","FRA","France","Perigueux",2018,NA,11.9,10.95,NA,NA,99.08675799,"European Environment Agency (downloaded in 2021)",NA,2022,NA
"European Region","FRA","France","Perigueux",2019,6.69,13.12,10.04,NA,NA,98.94977169,"European Environment Agency (downloaded in 2021)",NA,2022,NA
"European Region","FRA","France","Perpignan",2017,9.87,15.92,15.13,NA,NA,96.36986301,"European Environment Agency (downloaded in 2021)",NA,2022,NA
"European Region","FRA","France","Perpignan",2018,NA,14.3,13.1,NA,NA,97.42009132,"European Environment Agency (downloaded in 2021)",NA,2022,NA
"European Region","FRA","France","Perpignan",2019,9.65,13.77,14.88,NA,NA,94.64041096,"European Environment Agency (downloaded in 2021)",NA,2022,NA
"European Region","FRA","France","Peyrusse-Vieille",2018,6.95,10.35,1.12,NA,NA,95.84474886,"European Environment Agency (downloaded in 2021)",NA,2022,NA
"European Region","FRA","France","Peyrusse-Vieille",2019,6.49,10.54,0.91,NA,NA,95.52511416,"European Environment Agency (downloaded in 2021)",NA,2022,NA
"European Region","FRA","France","Pointe-A-Pitre",2017,NA,30.48,8.89,NA,NA,93.35616438,"European Environment Agency (downloaded in 2021)",NA,2022,NA
"European Region","FRA","France","Pointe-A-Pitre",2018,NA,26.58,7.92,NA,NA,96.10730594,"European Environment Agency (downloaded in 2021)",NA,2022,NA
"European Region","FRA","France","Pointe-A-Pitre",2019,NA,24.01,8.05,NA,NA,99.12100457,"European Environment Agency (downloaded in 2021)",NA,2022,NA
"European Region","FRA","France","Pointe-À-Pitre",2018,8.23,25.49,12.12,NA,NA,93.78995434,"European Environment Agency (downloaded in 2021)",NA,2022,NA
"European Region","FRA","France","Pointe-À-Pitre",2019,8.12,21.44,10.39,NA,NA,99.00684932,"European Environment Agency (downloaded in 2021)",NA,2022,NA
"European Region","FRA","France","Poitiers",2017,11.11,18.56,22.5,NA,NA,98.40563166,"European Environment Agency (downloaded in 2021)",NA,2022,NA
"European Region","FRA","France","Poitiers",2018,9.92,16.9,21.2,NA,NA,97.1803653,"European Environment Agency (downloaded in 2021)",NA,2022,NA
"European Region","FRA","France","Poitiers",2019,9.85,16.62,21.14,NA,NA,97.01674277,"European Environment Agency (downloaded in 2021)",NA,2022,NA
"European Region","FRA","France","Portes-Les-Valence",2017,NA,22.17,17.64,NA,NA,93.47031963,"European Environment Agency (downloaded in 2021)",NA,2022,NA
"European Region","FRA","France","Portes-Les-Valence",2018,NA,17.9,16.36,NA,NA,99.70319635,"European Environment Agency (downloaded in 2021)",NA,2022,NA
"European Region","FRA","France","Portes-Les-Valence",2019,NA,16.6,16.59,NA,NA,97.93378995,"European Environment Agency (downloaded in 2021)",NA,2022,NA
"European Region","FRA","France","Pusignan",2017,NA,19.7,14.67,NA,NA,86.98630137,"European Environment Agency (downloaded in 2021)",NA,2022,NA
"European Region","FRA","France","Pusignan",2018,NA,14.6,12.19,NA,NA,97.03196347,"European Environment Agency (downloaded in 2021)",NA,2022,NA
"European Region","FRA","France","Pusignan",2019,NA,14.86,13.12,NA,NA,98.28767123,"European Environment Agency (downloaded in 2021)",NA,2022,NA
"European Region","FRA","France","Puteaux",2017,NA,19.95,30.67,NA,NA,99.34931507,"European Environment Agency (downloaded in 2021)",NA,2022,NA
"European Region","FRA","France","Quimper",2018,NA,17.83,9.82,NA,NA,98.07077626,"European Environment Agency (downloaded in 2021)",NA,2022,NA
"European Region","FRA","France","Quimper",2019,NA,16.81,9.2,NA,NA,98.47031963,"European Environment Agency (downloaded in 2021)",NA,2022,NA
"European Region","FRA","France","Reims",2017,13.14,20.3,28.46,NA,NA,97.64840183,"European Environment Agency (downloaded in 2021)",NA,2022,NA
"European Region","FRA","France","Reims",2018,13.2,21.73,30.27,NA,NA,97.87100457,"European Environment Agency (downloaded in 2021)",NA,2022,NA
"European Region","FRA","France","Reims",2019,11.38,20.03,28.25,NA,NA,96.94063927,"European Environment Agency (downloaded in 2021)",NA,2022,NA
"European Region","FRA","France","Rennes",2017,10.88,19.06,25.49,NA,NA,98.33713851,"European Environment Agency (downloaded in 2021)",NA,2022,NA
"European Region","FRA","France","Rennes",2018,9.27,14.31,23.21,NA,NA,98.60730594,"European Environment Agency (downloaded in 2021)",NA,2022,NA
"European Region","FRA","France","Rennes",2019,9.42,15.8,21.47,NA,NA,98.80898021,"European Environment Agency (downloaded in 2021)",NA,2022,NA
"European Region","FRA","France","Reze",2017,NA,16.88,16.34,NA,NA,82.96803653,"European Environment Agency (downloaded in 2021)",NA,2022,NA
"European Region","FRA","France","Reze",2018,NA,18.27,15.43,NA,NA,98.48173516,"European Environment Agency (downloaded in 2021)",NA,2022,NA
"European Region","FRA","France","Reze",2019,NA,18.6,15.11,NA,NA,99.66894977,"European Environment Agency (downloaded in 2021)",NA,2022,NA
"European Region","FRA","France","Riom",2019,NA,13.51,12.54,NA,NA,98.92694064,"European Environment Agency (downloaded in 2021)",NA,2022,NA
"European Region","FRA","France","Rive-De-Gier",2017,NA,20.38,39.87,NA,NA,98.59589041,"European Environment Agency (downloaded in 2021)",NA,2022,NA
"European Region","FRA","France","Rive-De-Gier",2018,NA,16.11,35.05,NA,NA,99.47488584,"European Environment Agency (downloaded in 2021)",NA,2022,NA
"European Region","FRA","France","Rive-De-Gier",2019,NA,14.81,32.18,NA,NA,99.74885845,"European Environment Agency (downloaded in 2021)",NA,2022,NA
"European Region","FRA","France","Roanne",2017,NA,15.26,18.77,NA,NA,99.7716895,"European Environment Agency (downloaded in 2021)",NA,2022,NA
"European Region","FRA","France","Roanne",2018,NA,12.25,17.88,NA,NA,99.82876712,"European Environment Agency (downloaded in 2021)",NA,2022,NA
"European Region","FRA","France","Roanne",2019,NA,13.68,17.69,NA,NA,99.78310502,"European Environment Agency (downloaded in 2021)",NA,2022,NA
"European Region","FRA","France","Romans-Sur-Isere",2017,NA,18.75,15.53,NA,NA,91.34703196,"European Environment Agency (downloaded in 2021)",NA,2022,NA
"European Region","FRA","France","Romans-Sur-Isere",2018,NA,16.77,13,NA,NA,94.71461187,"European Environment Agency (downloaded in 2021)",NA,2022,NA
"European Region","FRA","France","Romans-Sur-Isere",2019,NA,16.6,13.34,NA,NA,98.58447489,"European Environment Agency (downloaded in 2021)",NA,2022,NA
"European Region","FRA","France","Roubaix",2017,14.93,22.34,30.89,NA,NA,98.56164384,"European Environment Agency (downloaded in 2021)",NA,2022,NA
"European Region","FRA","France","Roubaix",2018,14.8,23.81,28.45,NA,NA,99.16666667,"European Environment Agency (downloaded in 2021)",NA,2022,NA
"European Region","FRA","France","Roubaix",2019,14.09,20.48,29.16,NA,NA,95.14840183,"European Environment Agency (downloaded in 2021)",NA,2022,NA
"European Region","FRA","France","Rouen",2018,12.94,20.16,38.46,NA,NA,98.16590563,"European Environment Agency (downloaded in 2021)",NA,2022,NA
"European Region","FRA","France","Rouen",2019,12.91,19.23,30.58,NA,NA,99.60616439,"European Environment Agency (downloaded in 2021)",NA,2022,NA
"European Region","FRA","France","Roussillon",2017,NA,20.11,23.46,NA,NA,94.55479452,"European Environment Agency (downloaded in 2021)",NA,2022,NA
"European Region","FRA","France","Roussillon",2018,NA,20.39,22.5,NA,NA,93.19634703,"European Environment Agency (downloaded in 2021)",NA,2022,NA
"European Region","FRA","France","Roussillon",2019,NA,18.12,23.28,NA,NA,98.37899543,"European Environment Agency (downloaded in 2021)",NA,2022,NA
"European Region","FRA","France","Saillat-Sur-Vienne",2017,NA,16.38,9.91,NA,NA,98.41324201,"European Environment Agency (downloaded in 2021)",NA,2022,NA
"European Region","FRA","France","Saillat-Sur-Vienne",2018,NA,16.77,5.76,NA,NA,99.36073059,"European Environment Agency (downloaded in 2021)",NA,2022,NA
"European Region","FRA","France","Saillat-Sur-Vienne",2019,NA,18.24,6.36,NA,NA,97.79680365,"European Environment Agency (downloaded in 2021)",NA,2022,NA
"European Region","FRA","France","Saint-Brieuc",2017,NA,17.99,11.27,NA,NA,97.44292237,"European Environment Agency (downloaded in 2021)",NA,2022,NA
"European Region","FRA","France","Saint-Brieuc",2018,NA,18.98,10.96,NA,NA,98.84703196,"European Environment Agency (downloaded in 2021)",NA,2022,NA
"European Region","FRA","France","Saint-Brieuc",2019,NA,15.45,11.15,NA,NA,96.71232877,"European Environment Agency (downloaded in 2021)",NA,2022,NA
"European Region","FRA","France","Saint-Brisson",2017,7.3,9.4,3.26,NA,NA,98.74429224,"European Environment Agency (downloaded in 2021)",NA,2022,NA
"European Region","FRA","France","Saint-Brisson",2018,7.64,11.15,2.89,NA,NA,96.11872146,"European Environment Agency (downloaded in 2021)",NA,2022,NA
"European Region","FRA","France","Saint-Brisson",2019,5.76,11.03,3.01,NA,NA,93.26484018,"European Environment Agency (downloaded in 2021)",NA,2022,NA
"European Region","FRA","France","Saint-Chamond",2017,9.71,17.81,26.96,NA,NA,99.78310502,"European Environment Agency (downloaded in 2021)",NA,2022,NA
"European Region","FRA","France","Saint-Chamond",2018,9.39,13.51,24.8,NA,NA,99.7260274,"European Environment Agency (downloaded in 2021)",NA,2022,NA
"European Region","FRA","France","Saint-Chamond",2019,8.25,12.5,24.28,NA,NA,97.80821918,"European Environment Agency (downloaded in 2021)",NA,2022,NA
"European Region","FRA","France","Saint-Denis",2017,13.08,30.84,32.93,NA,NA,94.62043379,"European Environment Agency (downloaded in 2021)",NA,2022,NA
"European Region","FRA","France","Saint-Denis",2018,13.14,30.86,39.01,NA,NA,97.15372907,"European Environment Agency (downloaded in 2021)",NA,2022,NA
"European Region","FRA","France","Saint-Denis",2019,12.11,30.95,28.56,NA,NA,97.77682649,"European Environment Agency (downloaded in 2021)",NA,2022,NA
"European Region","FRA","France","Saint-Denis-D'anjou",2017,10.26,15.75,5.42,NA,NA,91.56392694,"European Environment Agency (downloaded in 2021)",NA,2022,NA
"European Region","FRA","France","Saint-Denis-D'anjou",2018,9.96,16.29,5.02,NA,NA,97.88812785,"European Environment Agency (downloaded in 2021)",NA,2022,NA
"European Region","FRA","France","Saint-Denis-D'anjou",2019,9.31,15.32,4.79,NA,NA,98.83561644,"European Environment Agency (downloaded in 2021)",NA,2022,NA
"European Region","FRA","France","Saint-Dizier",2017,11.18,16.02,12.16,NA,NA,96.41552511,"European Environment Agency (downloaded in 2021)",NA,2022,NA
"European Region","FRA","France","Saint-Dizier",2018,12.04,17.78,9.76,NA,NA,96.90639269,"European Environment Agency (downloaded in 2021)",NA,2022,NA
"European Region","FRA","France","Saint-Dizier",2019,9.37,16.43,10.36,NA,NA,98.83561644,"European Environment Agency (downloaded in 2021)",NA,2022,NA
"European Region","FRA","France","Saint-Etienne",2017,8.9,17.34,28.49,NA,NA,99.55479452,"European Environment Agency (downloaded in 2021)",NA,2022,NA
"European Region","FRA","France","Saint-Etienne",2018,9.06,15.85,24.69,NA,NA,99.14954338,"European Environment Agency (downloaded in 2021)",NA,2022,NA
"European Region","FRA","France","Saint-Etienne",2019,8.28,15.77,24.72,NA,NA,98.9783105,"European Environment Agency (downloaded in 2021)",NA,2022,NA
"European Region","FRA","France","Saint-Etienne-De-Montluc",2017,NA,14.04,6.16,NA,NA,99.31506849,"European Environment Agency (downloaded in 2021)",NA,2022,NA
"European Region","FRA","France","Saint-Etienne-De-Montluc",2018,NA,13.42,5.74,NA,NA,99.70319635,"European Environment Agency (downloaded in 2021)",NA,2022,NA
"European Region","FRA","France","Saint-Etienne-De-Montluc",2019,NA,12.76,5.17,NA,NA,99.48630137,"European Environment Agency (downloaded in 2021)",NA,2022,NA
"European Region","FRA","France","Saint-Germain-Sur-Rhone",2018,8.96,14.09,7.36,NA,NA,94.04109589,"European Environment Agency (downloaded in 2021)",NA,2022,NA
"European Region","FRA","France","Saint-Germain-Sur-Rhone",2019,7.82,12.48,6.61,NA,NA,97.06621005,"European Environment Agency (downloaded in 2021)",NA,2022,NA
"European Region","FRA","France","Saint-Jean-De-Maurienne",2017,NA,14.76,12.47,NA,NA,98.50456621,"European Environment Agency (downloaded in 2021)",NA,2022,NA
"European Region","FRA","France","Saint-Jean-De-Maurienne",2018,NA,15.91,12.11,NA,NA,99.10958904,"European Environment Agency (downloaded in 2021)",NA,2022,NA
"European Region","FRA","France","Saint-Jean-De-Maurienne",2019,NA,15.03,11.85,NA,NA,99.07534247,"European Environment Agency (downloaded in 2021)",NA,2022,NA
"European Region","FRA","France","Saint-Julien-Mont-Denis",2017,NA,25.12,34.14,NA,NA,98.16210046,"European Environment Agency (downloaded in 2021)",NA,2022,NA
"European Region","FRA","France","Saint-Junien",2017,NA,14.51,8.47,NA,NA,99.12100457,"European Environment Agency (downloaded in 2021)",NA,2022,NA
"European Region","FRA","France","Saint-Junien",2018,NA,13.38,6.83,NA,NA,98.63013699,"European Environment Agency (downloaded in 2021)",NA,2022,NA
"European Region","FRA","France","Saint-Junien",2019,NA,13.6,6.22,NA,NA,87.00913242,"European Environment Agency (downloaded in 2021)",NA,2022,NA
"European Region","FRA","France","Saint-Laurent-Blangy",2017,NA,19.84,17.25,NA,NA,98.61872146,"European Environment Agency (downloaded in 2021)",NA,2022,NA
"European Region","FRA","France","Saint-Laurent-Blangy",2018,NA,20.95,15.34,NA,NA,92.80821918,"European Environment Agency (downloaded in 2021)",NA,2022,NA
"European Region","FRA","France","Saint-Laurent-Blangy",2019,NA,19.62,15.37,NA,NA,97.83105023,"European Environment Agency (downloaded in 2021)",NA,2022,NA
"European Region","FRA","France","Saint-Lo",2017,NA,16.66,13.04,NA,NA,98.91552511,"European Environment Agency (downloaded in 2021)",NA,2022,NA
"European Region","FRA","France","Saint-Lo",2018,NA,17.17,11.37,NA,NA,94.44063927,"European Environment Agency (downloaded in 2021)",NA,2022,NA
"European Region","FRA","France","Saint-Lo",2019,NA,15.72,10.62,NA,NA,99.6347032,"European Environment Agency (downloaded in 2021)",NA,2022,NA
"European Region","FRA","France","Saint-Malo",2019,NA,19.49,10.89,NA,NA,97.07762557,"European Environment Agency (downloaded in 2021)",NA,2022,NA
"European Region","FRA","France","Saint-Martin-D'heres",2017,NA,19.96,24.37,NA,NA,93.20776256,"European Environment Agency (downloaded in 2021)",NA,2022,NA
"European Region","FRA","France","Saint-Martin-D'heres",2018,NA,18.56,23.57,NA,NA,98.65296804,"European Environment Agency (downloaded in 2021)",NA,2022,NA
"European Region","FRA","France","Saint-Martin-D'heres",2019,NA,18.12,21.94,NA,NA,98.09360731,"European Environment Agency (downloaded in 2021)",NA,2022,NA
"European Region","FRA","France","Saint-Nazaire",2017,9.42,16.53,10.08,NA,NA,97.24885845,"European Environment Agency (downloaded in 2021)",NA,2022,NA
"European Region","FRA","France","Saint-Nazaire",2018,8.92,14.89,9.29,NA,NA,97.41438356,"European Environment Agency (downloaded in 2021)",NA,2022,NA
"European Region","FRA","France","Saint-Nazaire",2019,8.24,17.24,9.05,NA,NA,99.08105023,"European Environment Agency (downloaded in 2021)",NA,2022,NA
"European Region","FRA","France","Saint-Nazaire-Le-Desert",2017,5.58,8.46,1.88,NA,NA,99.28082192,"European Environment Agency (downloaded in 2021)",NA,2022,NA
"European Region","FRA","France","Saint-Nazaire-Le-Desert",2018,5.65,9.16,1.59,NA,NA,97.61415525,"European Environment Agency (downloaded in 2021)",NA,2022,NA
"European Region","FRA","France","Saint-Nazaire-Le-Desert",2019,4.79,8.12,1.38,NA,NA,99.84018265,"European Environment Agency (downloaded in 2021)",NA,2022,NA
"European Region","FRA","France","Saint-Omer",2017,NA,19.45,15.16,NA,NA,96.48401826,"European Environment Agency (downloaded in 2021)",NA,2022,NA
"European Region","FRA","France","Saint-Omer",2018,NA,20.49,14.79,NA,NA,99.80593607,"European Environment Agency (downloaded in 2021)",NA,2022,NA
"European Region","FRA","France","Saint-Omer",2019,NA,19.37,14.1,NA,NA,93.04794521,"European Environment Agency (downloaded in 2021)",NA,2022,NA
"European Region","FRA","France","Saint-Paul",2017,5.44,14.87,8.27,NA,NA,96.94634704,"European Environment Agency (downloaded in 2021)",NA,2022,NA
"European Region","FRA","France","Saint-Paul",2018,5.5,14.97,9.2,NA,NA,94.36073059,"European Environment Agency (downloaded in 2021)",NA,2022,NA
"European Region","FRA","France","Saint-Paul",2019,5.71,13.85,8.36,NA,NA,92.87100457,"European Environment Agency (downloaded in 2021)",NA,2022,NA
"European Region","FRA","France","Saint-Pierre",2017,5.83,17.02,13.29,NA,NA,97.88527397,"European Environment Agency (downloaded in 2021)",NA,2022,NA
"European Region","FRA","France","Saint-Pierre",2018,3.99,17.32,9.78,NA,NA,96.81506849,"European Environment Agency (downloaded in 2021)",NA,2022,NA
"European Region","FRA","France","Saint-Pierre",2019,5.82,19.16,13.46,NA,NA,92.75684932,"European Environment Agency (downloaded in 2021)",NA,2022,NA
"European Region","FRA","France","Saint-Pierre-Des-Corps",2017,NA,17.58,33.72,NA,NA,96.17579909,"European Environment Agency (downloaded in 2021)",NA,2022,NA
"European Region","FRA","France","Saint-Pierre-Des-Corps",2018,NA,16.6,31.12,NA,NA,95.10273973,"European Environment Agency (downloaded in 2021)",NA,2022,NA
"European Region","FRA","France","Saint-Pierre-Des-Corps",2019,NA,17.3,28.52,NA,NA,99.34931507,"European Environment Agency (downloaded in 2021)",NA,2022,NA
"European Region","FRA","France","Saint-Quentin",2017,13.62,17.69,22.03,NA,NA,91.88926941,"European Environment Agency (downloaded in 2021)",NA,2022,NA
"European Region","FRA","France","Saint-Quentin",2018,14.26,17.47,19.49,NA,NA,96.98630137,"European Environment Agency (downloaded in 2021)",NA,2022,NA
"European Region","FRA","France","Saint-Quentin",2019,13.04,17.56,17.97,NA,NA,98.85844749,"European Environment Agency (downloaded in 2021)",NA,2022,NA
"European Region","FRA","France","Saint-Raphaël",2017,12.53,20.74,14.61,NA,NA,96.28995434,"European Environment Agency (downloaded in 2021)",NA,2022,NA
"European Region","FRA","France","Saint-Raphaël",2018,12.82,19.25,11.07,NA,NA,98.23059361,"European Environment Agency (downloaded in 2021)",NA,2022,NA
"European Region","FRA","France","Saint-Raphaël",2019,NA,18.77,9.7,NA,NA,96.54109589,"European Environment Agency (downloaded in 2021)",NA,2022,NA
"European Region","FRA","France","Saint-Remy-Sur-Avre",2017,NA,20.27,28.9,NA,NA,94.09817352,"European Environment Agency (downloaded in 2021)",NA,2022,NA
"European Region","FRA","France","Saint-Remy-Sur-Avre",2018,NA,19.24,30.25,NA,NA,94.89726027,"European Environment Agency (downloaded in 2021)",NA,2022,NA
"European Region","FRA","France","Saint-Remy-Sur-Avre",2019,NA,17.97,28.11,NA,NA,98.26484018,"European Environment Agency (downloaded in 2021)",NA,2022,NA
"European Region","FRA","France","Sainte-Clotilde",2017,NA,11.22,8.63,NA,NA,97.46575342,"European Environment Agency (downloaded in 2021)",NA,2022,NA
"European Region","FRA","France","Sainte-Clotilde",2018,NA,13.11,8.27,NA,NA,86.94063927,"European Environment Agency (downloaded in 2021)",NA,2022,NA
"European Region","FRA","France","Sainte-Savine",2017,12.07,17.41,13.69,NA,NA,98.75570776,"European Environment Agency (downloaded in 2021)",NA,2022,NA
"European Region","FRA","France","Sainte-Savine",2018,11.82,15.16,12.56,NA,NA,97.67123288,"European Environment Agency (downloaded in 2021)",NA,2022,NA
"European Region","FRA","France","Sainte-Savine",2019,11.17,17.02,12.58,NA,NA,95.37671233,"European Environment Agency (downloaded in 2021)",NA,2022,NA
"European Region","FRA","France","Salaise-Sur-Sanne",2017,12.9,19.1,45.2,NA,NA,96.98630137,"European Environment Agency (downloaded in 2021)",NA,2022,NA
"European Region","FRA","France","Salaise-Sur-Sanne",2018,14.66,19.95,40.29,NA,NA,98.98401826,"European Environment Agency (downloaded in 2021)",NA,2022,NA
"European Region","FRA","France","Salaise-Sur-Sanne",2019,10.11,15.86,37.42,NA,NA,92.32876712,"European Environment Agency (downloaded in 2021)",NA,2022,NA
"European Region","FRA","France","Salon-De-Provence",2017,NA,22.15,16.38,NA,NA,99.60045662,"European Environment Agency (downloaded in 2021)",NA,2022,NA
"European Region","FRA","France","Salon-De-Provence",2018,NA,21.35,15.31,NA,NA,99.38356164,"European Environment Agency (downloaded in 2021)",NA,2022,NA
"European Region","FRA","France","Salon-De-Provence",2019,NA,19.94,15.3,NA,NA,99.73744292,"European Environment Agency (downloaded in 2021)",NA,2022,NA
"European Region","FRA","France","Salouel",2017,NA,17.87,14.82,NA,NA,92.16894977,"European Environment Agency (downloaded in 2021)",NA,2022,NA
"European Region","FRA","France","Salouel",2018,NA,18.38,13.15,NA,NA,92.26027397,"European Environment Agency (downloaded in 2021)",NA,2022,NA
"European Region","FRA","France","Salouel",2019,NA,17.58,12.23,NA,NA,92.67123288,"European Environment Agency (downloaded in 2021)",NA,2022,NA
"European Region","FRA","France","Sangatte",2018,NA,23.62,13.34,NA,NA,99.04109589,"European Environment Agency (downloaded in 2021)",NA,2022,NA
"European Region","FRA","France","Sangatte",2019,NA,22.51,11.25,NA,NA,90.71917808,"European Environment Agency (downloaded in 2021)",NA,2022,NA
"European Region","FRA","France","Sarrola-Carcopino",2017,NA,22.9,8.77,NA,NA,79.34931507,"European Environment Agency (downloaded in 2021)",NA,2022,NA
"European Region","FRA","France","Sarrola-Carcopino",2018,NA,23.1,7.4,NA,NA,86.81506849,"European Environment Agency (downloaded in 2021)",NA,2022,NA
"European Region","FRA","France","Sarrola-Carcopino",2019,NA,22.71,7.37,NA,NA,91.68949772,"European Environment Agency (downloaded in 2021)",NA,2022,NA
"European Region","FRA","France","Savoie",2019,NA,11.38,15.06,NA,NA,98.47031963,"European Environment Agency (downloaded in 2021)",NA,2022,NA
"European Region","FRA","France","Schoeneck",2017,NA,17.81,13.17,NA,NA,99.24657534,"European Environment Agency (downloaded in 2021)",NA,2022,NA
"European Region","FRA","France","Schoeneck",2018,NA,17.35,13.56,NA,NA,98.47031963,"European Environment Agency (downloaded in 2021)",NA,2022,NA
"European Region","FRA","France","Schoeneck",2019,NA,15.84,12.36,NA,NA,97.78538813,"European Environment Agency (downloaded in 2021)",NA,2022,NA
"European Region","FRA","France","Sens",2017,NA,14.56,11.26,NA,NA,98.59589041,"European Environment Agency (downloaded in 2021)",NA,2022,NA
"European Region","FRA","France","Sens",2018,NA,16.11,12.54,NA,NA,93.47031963,"European Environment Agency (downloaded in 2021)",NA,2022,NA
"European Region","FRA","France","Sens",2019,NA,14.67,10.61,NA,NA,98.13926941,"European Environment Agency (downloaded in 2021)",NA,2022,NA
"European Region","FRA","France","Strasbourg",2017,15.92,23.65,33.81,NA,NA,98.81278539,"European Environment Agency (downloaded in 2021)",NA,2022,NA
"European Region","FRA","France","Strasbourg",2018,14.37,23.47,34.4,NA,NA,95.17408676,"European Environment Agency (downloaded in 2021)",NA,2022,NA
"European Region","FRA","France","Strasbourg",2019,13.98,21.71,31.51,NA,NA,98.23630137,"European Environment Agency (downloaded in 2021)",NA,2022,NA
"European Region","FRA","France","Talence",2017,12.05,18.46,17.49,NA,NA,97.61415525,"European Environment Agency (downloaded in 2021)",NA,2022,NA
"European Region","FRA","France","Talence",2018,10.63,16.78,15.8,NA,NA,98.81278539,"European Environment Agency (downloaded in 2021)",NA,2022,NA
"European Region","FRA","France","Talence",2019,9.81,15.53,14.93,NA,NA,93.69863014,"European Environment Agency (downloaded in 2021)",NA,2022,NA
"European Region","FRA","France","Tarbes",2017,NA,16.88,15.13,NA,NA,99.33789954,"European Environment Agency (downloaded in 2021)",NA,2022,NA
"European Region","FRA","France","Tarbes",2018,NA,14.31,13,NA,NA,99.9086758,"European Environment Agency (downloaded in 2021)",NA,2022,NA
"European Region","FRA","France","Tarbes",2019,NA,13.99,13.43,NA,NA,98.57305936,"European Environment Agency (downloaded in 2021)",NA,2022,NA
"European Region","FRA","France","Ternay",2017,NA,21.54,20.76,NA,NA,97.3630137,"European Environment Agency (downloaded in 2021)",NA,2022,NA
"European Region","FRA","France","Ternay",2018,NA,19.53,18.89,NA,NA,98.82420091,"European Environment Agency (downloaded in 2021)",NA,2022,NA
"European Region","FRA","France","Thionville",2017,12.24,17.22,18.57,NA,NA,97.85768645,"European Environment Agency (downloaded in 2021)",NA,2022,NA
"European Region","FRA","France","Thionville",2018,10.48,17.32,17.84,NA,NA,99.17808219,"European Environment Agency (downloaded in 2021)",NA,2022,NA
"European Region","FRA","France","Thionville",2019,8.2,16.53,16.66,NA,NA,94.14383562,"European Environment Agency (downloaded in 2021)",NA,2022,NA
"European Region","FRA","France","Toulon",2017,12.35,25.89,33.44,NA,NA,99.20091325,"European Environment Agency (downloaded in 2021)",NA,2022,NA
"European Region","FRA","France","Toulon",2018,12.06,23.82,29.39,NA,NA,98.59018265,"European Environment Agency (downloaded in 2021)",NA,2022,NA
"European Region","FRA","France","Toulon",2019,12.33,25.42,30.3,NA,NA,97.98515982,"European Environment Agency (downloaded in 2021)",NA,2022,NA
"European Region","FRA","France","Toulouse",2017,10.96,16.88,24.05,NA,NA,98.67579909,"European Environment Agency (downloaded in 2021)",NA,2022,NA
"European Region","FRA","France","Toulouse",2018,9.79,17.2,26.77,NA,NA,98.45205479,"European Environment Agency (downloaded in 2021)",NA,2022,NA
"European Region","FRA","France","Toulouse",2019,9.19,17.24,26.75,NA,NA,98.64840183,"European Environment Agency (downloaded in 2021)",NA,2022,NA
"European Region","FRA","France","Tours",2017,NA,16.63,13.32,NA,NA,99.07534247,"European Environment Agency (downloaded in 2021)",NA,2022,NA
"European Region","FRA","France","Tours",2018,NA,16.07,12.02,NA,NA,98.77853881,"European Environment Agency (downloaded in 2021)",NA,2022,NA
"European Region","FRA","France","Tours",2019,NA,15.71,10.75,NA,NA,98.13926941,"European Environment Agency (downloaded in 2021)",NA,2022,NA
"European Region","FRA","France","Tremblay-En-France",2017,NA,20.16,28.04,NA,NA,97.8652968,"European Environment Agency (downloaded in 2021)",NA,2022,NA
"European Region","FRA","France","Tremblay-En-France",2018,NA,19.92,27.14,NA,NA,98.36757991,"European Environment Agency (downloaded in 2021)",NA,2022,NA
"European Region","FRA","France","Tremblay-En-France",2019,NA,19.64,27.14,NA,NA,98.01369863,"European Environment Agency (downloaded in 2021)",NA,2022,NA
"European Region","FRA","France","Troyes",2017,NA,18.96,17.68,NA,NA,98.37899543,"European Environment Agency (downloaded in 2021)",NA,2022,NA
"European Region","FRA","France","Troyes",2018,NA,19.98,16.21,NA,NA,98.81278539,"European Environment Agency (downloaded in 2021)",NA,2022,NA
"European Region","FRA","France","Troyes",2019,NA,16.01,15.74,NA,NA,97.30593607,"European Environment Agency (downloaded in 2021)",NA,2022,NA
"European Region","FRA","France","Tulle",2017,7.86,10.97,18.88,NA,NA,99.42922375,"European Environment Agency (downloaded in 2021)",NA,2022,NA
"European Region","FRA","France","Tulle",2018,6.2,11.65,15.63,NA,NA,98.54452055,"European Environment Agency (downloaded in 2021)",NA,2022,NA
"European Region","FRA","France","Tulle",2019,NA,12.68,10.95,NA,NA,95.55936073,"European Environment Agency (downloaded in 2021)",NA,2022,NA
"European Region","FRA","France","Valence",2017,12.73,20.19,21.98,NA,NA,99.15525114,"European Environment Agency (downloaded in 2021)",NA,2022,NA
"European Region","FRA","France","Valence",2018,11.25,16.55,20.56,NA,NA,98.86986301,"European Environment Agency (downloaded in 2021)",NA,2022,NA
"European Region","FRA","France","Valence",2019,10.37,16.29,20.17,NA,NA,96.68949772,"European Environment Agency (downloaded in 2021)",NA,2022,NA
"European Region","FRA","France","Valenciennes",2017,15.38,21.33,27.41,NA,NA,98.69863014,"European Environment Agency (downloaded in 2021)",NA,2022,NA
"European Region","FRA","France","Valenciennes",2018,15.34,22.75,25.69,NA,NA,95.11986301,"European Environment Agency (downloaded in 2021)",NA,2022,NA
"European Region","FRA","France","Valenciennes",2019,12.42,20.1,24.44,NA,NA,90.75342466,"European Environment Agency (downloaded in 2021)",NA,2022,NA
"European Region","FRA","France","Vaulx-En-Velin",2017,11.31,20.6,21.85,NA,NA,96.50684932,"European Environment Agency (downloaded in 2021)",NA,2022,NA
"European Region","FRA","France","Vaulx-En-Velin",2018,11.2,17.03,18.66,NA,NA,89.8630137,"European Environment Agency (downloaded in 2021)",NA,2022,NA
"European Region","FRA","France","Vaulx-En-Velin",2019,10.95,16.15,21.24,NA,NA,99.50913242,"European Environment Agency (downloaded in 2021)",NA,2022,NA
"European Region","FRA","France","Venaco",2017,NA,8.79,1.43,NA,NA,95.79908676,"European Environment Agency (downloaded in 2021)",NA,2022,NA
"European Region","FRA","France","Venaco",2019,4.37,9.16,1.36,NA,NA,92.30593607,"European Environment Agency (downloaded in 2021)",NA,2022,NA
"European Region","FRA","France","Venissieux",2017,NA,21.5,26.45,NA,NA,99.56621005,"European Environment Agency (downloaded in 2021)",NA,2022,NA
"European Region","FRA","France","Venissieux",2018,NA,19.61,23.18,NA,NA,97.32876712,"European Environment Agency (downloaded in 2021)",NA,2022,NA
"European Region","FRA","France","Venissieux",2019,NA,19.21,24.13,NA,NA,96.27853881,"European Environment Agency (downloaded in 2021)",NA,2022,NA
"European Region","FRA","France","Vesoul",2017,NA,14.25,14.64,NA,NA,99.64611872,"European Environment Agency (downloaded in 2021)",NA,2022,NA
"European Region","FRA","France","Vichy",2018,NA,15.01,13.59,NA,NA,91.27853881,"European Environment Agency (downloaded in 2021)",NA,2022,NA
"European Region","FRA","France","Vichy",2019,NA,13.55,13.33,NA,NA,99.8630137,"European Environment Agency (downloaded in 2021)",NA,2022,NA
"European Region","FRA","France","Vif",2017,NA,16.63,12.59,NA,NA,99.543379,"European Environment Agency (downloaded in 2021)",NA,2022,NA
"European Region","FRA","France","Vif",2018,NA,14.65,10.82,NA,NA,99.46347032,"European Environment Agency (downloaded in 2021)",NA,2022,NA
"European Region","FRA","France","Vif",2019,NA,12.59,9.56,NA,NA,98.85844749,"European Environment Agency (downloaded in 2021)",NA,2022,NA
"European Region","FRA","France","Village-Neuf",2017,NA,16.52,19.44,NA,NA,99.06392694,"European Environment Agency (downloaded in 2021)",NA,2022,NA
"European Region","FRA","France","Village-Neuf",2018,NA,17.66,19.28,NA,NA,99.14383562,"European Environment Agency (downloaded in 2021)",NA,2022,NA
"European Region","FRA","France","Village-Neuf",2019,NA,15.46,19.59,NA,NA,99.7716895,"European Environment Agency (downloaded in 2021)",NA,2022,NA
"European Region","FRA","France","Villefranche-Sur-Saone",2017,11.82,17.34,25.06,NA,NA,95.95890411,"European Environment Agency (downloaded in 2021)",NA,2022,NA
"European Region","FRA","France","Villefranche-Sur-Saone",2018,10.21,14.87,19.84,NA,NA,98.32191781,"European Environment Agency (downloaded in 2021)",NA,2022,NA
"European Region","FRA","France","Villefranche-Sur-Saone",2019,9.34,14.3,20.36,NA,NA,99.16666667,"European Environment Agency (downloaded in 2021)",NA,2022,NA
"European Region","FRA","France","Villeurbanne",2017,NA,24.29,54.5,NA,NA,97.39155251,"European Environment Agency (downloaded in 2021)",NA,2022,NA
"European Region","FRA","France","Villeurbanne",2018,NA,21.26,50.32,NA,NA,98.52739726,"European Environment Agency (downloaded in 2021)",NA,2022,NA
"European Region","FRA","France","Villeurbanne",2019,NA,21.99,47.02,NA,NA,92.9109589,"European Environment Agency (downloaded in 2021)",NA,2022,NA
"European Region","FRA","France","Villiers-En-Bois",2017,NA,12.75,3.13,NA,NA,97.38584475,"European Environment Agency (downloaded in 2021)",NA,2022,NA
"European Region","FRA","France","Villiers-En-Bois",2018,NA,11.62,2.55,NA,NA,97.5456621,"European Environment Agency (downloaded in 2021)",NA,2022,NA
"European Region","FRA","France","Villiers-En-Bois",2019,NA,11.67,3.02,NA,NA,98.75570776,"European Environment Agency (downloaded in 2021)",NA,2022,NA
"European Region","FRA","France","Vitry-Sur-Seine",2017,11.79,20.21,30.83,NA,NA,96.99771689,"European Environment Agency (downloaded in 2021)",NA,2022,NA
"European Region","FRA","France","Vitry-Sur-Seine",2018,13.34,21.19,29.81,NA,NA,97.76255708,"European Environment Agency (downloaded in 2021)",NA,2022,NA
"European Region","FRA","France","Vitry-Sur-Seine",2019,10.8,19.27,28.24,NA,NA,96.89497717,"European Environment Agency (downloaded in 2021)",NA,2022,NA
"European Region","FRA","France","Voiron",2017,NA,17.88,17.99,NA,NA,97.79680365,"European Environment Agency (downloaded in 2021)",NA,2022,NA
"European Region","FRA","France","Voiron",2018,NA,15.95,16.48,NA,NA,99.79452055,"European Environment Agency (downloaded in 2021)",NA,2022,NA
"European Region","FRA","France","Voiron",2019,NA,14.98,18.29,NA,NA,98.61872146,"European Environment Agency (downloaded in 2021)",NA,2022,NA
"European Region","FRA","France","Yzeure",2017,NA,14.98,13.05,NA,NA,99.5890411,"European Environment Agency (downloaded in 2021)",NA,2022,NA
"European Region","FRA","France","Yzeure",2018,NA,14.81,11.31,NA,NA,99.17808219,"European Environment Agency (downloaded in 2021)",NA,2022,NA
"European Region","FRA","France","Yzeure",2019,NA,14.51,11.19,NA,NA,97.80821918,"European Environment Agency (downloaded in 2021)",NA,2022,NA
"European Region","GBR","United Kingdom","Aberdeen",2017,5.78,11.41,33.82,NA,NA,96.01217656,"European Environment Agency (downloaded in 2021)",NA,2022,NA
"European Region","GBR","United Kingdom","Aberdeen",2018,6.87,14.28,32.6,NA,NA,100,"European Environment Agency (downloaded in 2021)",NA,2022,NA
"European Region","GBR","United Kingdom","Aberdeen",2019,7.26,13.71,29.17,NA,NA,98.38280061,"European Environment Agency (downloaded in 2021)",NA,2022,NA
"European Region","GBR","United Kingdom","Armagh",2017,NA,14.46,23.92,NA,NA,96.36986301,"European Environment Agency (downloaded in 2021)",NA,2022,NA
"European Region","GBR","United Kingdom","Armagh",2018,NA,18.59,25.2,NA,NA,100,"European Environment Agency (downloaded in 2021)",NA,2022,NA
"European Region","GBR","United Kingdom","Armagh",2019,NA,17.17,23.74,NA,NA,95.71917808,"European Environment Agency (downloaded in 2021)",NA,2022,NA
"European Region","GBR","United Kingdom","Belfast",2017,8.71,16.4,38.13,NA,NA,98.72716895,"European Environment Agency (downloaded in 2021)",NA,2022,NA
"European Region","GBR","United Kingdom","Belfast",2018,10.01,15.53,37.99,NA,NA,100,"European Environment Agency (downloaded in 2021)",NA,2022,NA
"European Region","GBR","United Kingdom","Belfast",2019,10.6,16.75,45.4,NA,NA,98.65296804,"European Environment Agency (downloaded in 2021)",NA,2022,NA
"European Region","GBR","United Kingdom","Birmingham",2018,10.54,17.51,24.97,NA,NA,100,"European Environment Agency (downloaded in 2021)",NA,2022,NA
"European Region","GBR","United Kingdom","Birmingham",2019,9.51,15.27,25.06,NA,NA,92.83675799,"European Environment Agency (downloaded in 2021)",NA,2022,NA
"European Region","GBR","United Kingdom","Bristol",2017,9.65,14.73,30.76,NA,NA,86.9977169,"European Environment Agency (downloaded in 2021)",NA,2022,NA
"European Region","GBR","United Kingdom","Bristol",2018,12.04,19.26,34.06,NA,NA,100,"European Environment Agency (downloaded in 2021)",NA,2022,NA
"European Region","GBR","United Kingdom","Bristol",2019,10.76,18.44,31.3,NA,NA,92.39155252,"European Environment Agency (downloaded in 2021)",NA,2022,NA
"European Region","GBR","United Kingdom","Bury",2017,NA,14.85,28.07,NA,NA,99.26940639,"European Environment Agency (downloaded in 2021)",NA,2022,NA
"European Region","GBR","United Kingdom","Bury",2018,NA,15.92,25.14,NA,NA,100,"European Environment Agency (downloaded in 2021)",NA,2022,NA
"European Region","GBR","United Kingdom","Bury",2019,NA,17.73,27.23,NA,NA,96.31278539,"European Environment Agency (downloaded in 2021)",NA,2022,NA
"European Region","GBR","United Kingdom","Cardiff",2017,9.08,15.91,20.25,NA,NA,98.98401826,"European Environment Agency (downloaded in 2021)",NA,2022,NA
"European Region","GBR","United Kingdom","Cardiff",2019,NA,18.77,28.99,NA,NA,98.78995434,"European Environment Agency (downloaded in 2021)",NA,2022,NA
"European Region","GBR","United Kingdom","Carlisle",2017,8.59,14.59,23.26,NA,NA,96.03881279,"European Environment Agency (downloaded in 2021)",NA,2022,NA
"European Region","GBR","United Kingdom","Carlisle",2018,8.6,16.19,22.14,NA,NA,100,"European Environment Agency (downloaded in 2021)",NA,2022,NA
"European Region","GBR","United Kingdom","Carlisle",2019,10.81,18.59,25.96,NA,NA,96.07305936,"European Environment Agency (downloaded in 2021)",NA,2022,NA
"European Region","GBR","United Kingdom","Chepstow",2017,9.7,15.31,34.96,NA,NA,84.92009132,"European Environment Agency (downloaded in 2021)",NA,2022,NA
"European Region","GBR","United Kingdom","Chepstow",2018,10.16,17.63,35.58,NA,NA,100,"European Environment Agency (downloaded in 2021)",NA,2022,NA
"European Region","GBR","United Kingdom","Chepstow",2019,12.55,19.6,38.91,NA,NA,94.78310502,"European Environment Agency (downloaded in 2021)",NA,2022,NA
"European Region","GBR","United Kingdom","Chesterfield",2017,8.74,13.15,18.05,NA,NA,96.14155251,"European Environment Agency (downloaded in 2021)",NA,2022,NA
"European Region","GBR","United Kingdom","Chesterfield",2018,9.65,15.6,15.53,NA,NA,100,"European Environment Agency (downloaded in 2021)",NA,2022,NA
"European Region","GBR","United Kingdom","Chesterfield",2019,8.62,13.41,14.88,NA,NA,96.14155251,"European Environment Agency (downloaded in 2021)",NA,2022,NA
"European Region","GBR","United Kingdom","Coventry",2018,10.63,19.39,24.92,NA,NA,100,"European Environment Agency (downloaded in 2021)",NA,2022,NA
"European Region","GBR","United Kingdom","Coventry",2019,9.08,19.5,25.69,NA,NA,99.44063927,"European Environment Agency (downloaded in 2021)",NA,2022,NA
"European Region","GBR","United Kingdom","Eastbourne",2019,10.46,15.55,11.45,NA,NA,90.63926941,"European Environment Agency (downloaded in 2021)",NA,2022,NA
"European Region","GBR","United Kingdom","Eccles",2017,10.71,16.35,26.19,NA,NA,96.08447489,"European Environment Agency (downloaded in 2021)",NA,2022,NA
"European Region","GBR","United Kingdom","Eccles",2018,10.58,16.85,24.75,NA,NA,100,"European Environment Agency (downloaded in 2021)",NA,2022,NA
"European Region","GBR","United Kingdom","Eccles",2019,9.45,15.33,25.43,NA,NA,96.88356164,"European Environment Agency (downloaded in 2021)",NA,2022,NA
"European Region","GBR","United Kingdom","Edinburgh",2017,6.64,10.06,19.79,NA,NA,97.28310502,"European Environment Agency (downloaded in 2021)",NA,2022,NA
"European Region","GBR","United Kingdom","Edinburgh",2018,6.31,10.69,34.39,NA,NA,100,"European Environment Agency (downloaded in 2021)",NA,2022,NA
"European Region","GBR","United Kingdom","Edinburgh",2019,6.34,10.94,35.59,NA,NA,97.27739726,"European Environment Agency (downloaded in 2021)",NA,2022,NA
"European Region","GBR","United Kingdom","Gillingham",2017,14.12,21.65,25.44,NA,NA,98.17351598,"European Environment Agency (downloaded in 2021)",NA,2022,NA
"European Region","GBR","United Kingdom","Gillingham",2018,15.19,23.72,23.36,NA,NA,100,"European Environment Agency (downloaded in 2021)",NA,2022,NA
"European Region","GBR","United Kingdom","Gillingham",2019,13.9,22.86,24.39,NA,NA,98.88127854,"European Environment Agency (downloaded in 2021)",NA,2022,NA
"European Region","GBR","United Kingdom","Glasgow",2017,7.38,13.19,37.42,NA,NA,98.49600457,"European Environment Agency (downloaded in 2021)",NA,2022,NA
"European Region","GBR","United Kingdom","Glasgow",2018,7.15,12.44,36.01,NA,NA,100,"European Environment Agency (downloaded in 2021)",NA,2022,NA
"European Region","GBR","United Kingdom","Glasgow",2019,6.5,11.04,34.84,NA,NA,96.58105023,"European Environment Agency (downloaded in 2021)",NA,2022,NA
"European Region","GBR","United Kingdom","Grangemouth",2017,6.38,9.43,15.48,NA,NA,91.00456621,"European Environment Agency (downloaded in 2021)",NA,2022,NA
"European Region","GBR","United Kingdom","Grangemouth",2018,7.22,11.8,15.59,NA,NA,100,"European Environment Agency (downloaded in 2021)",NA,2022,NA
"European Region","GBR","United Kingdom","Grangemouth",2019,7.81,12.56,14.89,NA,NA,89.77739726,"European Environment Agency (downloaded in 2021)",NA,2022,NA
"European Region","GBR","United Kingdom","Grays",2017,NA,18.13,28.19,NA,NA,97.65981735,"European Environment Agency (downloaded in 2021)",NA,2022,NA
"European Region","GBR","United Kingdom","Grays",2018,NA,18.9,24.77,NA,NA,100,"European Environment Agency (downloaded in 2021)",NA,2022,NA
"European Region","GBR","United Kingdom","Grays",2019,NA,20.45,23.38,NA,NA,98.82420091,"European Environment Agency (downloaded in 2021)",NA,2022,NA
"European Region","GBR","United Kingdom","Greenock",2017,5.26,10.07,27.85,NA,NA,82.7739726,"European Environment Agency (downloaded in 2021)",NA,2022,NA
"European Region","GBR","United Kingdom","Greenock",2018,6.18,11.71,32.28,NA,NA,100,"European Environment Agency (downloaded in 2021)",NA,2022,NA
"European Region","GBR","United Kingdom","Greenock",2019,6.56,11.79,27.66,NA,NA,99.46347032,"European Environment Agency (downloaded in 2021)",NA,2022,NA
"European Region","GBR","United Kingdom","Harlington",2018,9.56,15.46,30.33,NA,NA,95.70776256,"European Environment Agency (downloaded in 2021)",NA,2022,NA
"European Region","GBR","United Kingdom","Harlington",2019,9.54,15.07,30.72,NA,NA,99.01826484,"European Environment Agency (downloaded in 2021)",NA,2022,NA
"European Region","GBR","United Kingdom","Hull",2018,10.68,20.44,24.35,NA,NA,100,"European Environment Agency (downloaded in 2021)",NA,2022,NA
"European Region","GBR","United Kingdom","Hull",2019,10.76,21.02,24.42,NA,NA,99.17237443,"European Environment Agency (downloaded in 2021)",NA,2022,NA
"European Region","GBR","United Kingdom","Inverness",2017,4.28,9.71,20.12,NA,NA,96.58675799,"European Environment Agency (downloaded in 2021)",NA,2022,NA
"European Region","GBR","United Kingdom","Inverness",2019,5.43,9.38,16.47,NA,NA,99.07534247,"European Environment Agency (downloaded in 2021)",NA,2022,NA
"European Region","GBR","United Kingdom","Leeds",2017,9.94,15.78,33.39,NA,NA,98.92123288,"European Environment Agency (downloaded in 2021)",NA,2022,NA
"European Region","GBR","United Kingdom","Leeds",2018,11.36,17.49,31.27,NA,NA,100,"European Environment Agency (downloaded in 2021)",NA,2022,NA
"European Region","GBR","United Kingdom","Leeds",2019,12.32,16.1,28.36,NA,NA,98.96118722,"European Environment Agency (downloaded in 2021)",NA,2022,NA
"European Region","GBR","United Kingdom","Leicester",2017,10.59,21.27,33.26,NA,NA,98.96689498,"European Environment Agency (downloaded in 2021)",NA,2022,NA
"European Region","GBR","United Kingdom","Leicester",2018,10.42,22.52,29.51,NA,NA,100,"European Environment Agency (downloaded in 2021)",NA,2022,NA
"European Region","GBR","United Kingdom","Leicester",2019,11.22,22.47,30.46,NA,NA,98.73287672,"European Environment Agency (downloaded in 2021)",NA,2022,NA
"European Region","GBR","United Kingdom","London",2017,12.45,21.58,41.75,NA,NA,96.42009132,"European Environment Agency (downloaded in 2021)",NA,2022,NA
"European Region","GBR","United Kingdom","London",2018,11.47,21,40.1,NA,NA,100,"European Environment Agency (downloaded in 2021)",NA,2022,NA
"European Region","GBR","United Kingdom","London",2019,11.41,20.51,34.83,NA,NA,95.60730594,"European Environment Agency (downloaded in 2021)",NA,2022,NA
"European Region","GBR","United Kingdom","Londonderry",2017,8.02,11.11,8.39,NA,NA,98.43607306,"European Environment Agency (downloaded in 2021)",NA,2022,NA
"European Region","GBR","United Kingdom","Londonderry",2018,9.67,12.41,9.64,NA,NA,100,"European Environment Agency (downloaded in 2021)",NA,2022,NA
"European Region","GBR","United Kingdom","Londonderry",2019,9.36,11.51,10.61,NA,NA,98.24200913,"European Environment Agency (downloaded in 2021)",NA,2022,NA
"European Region","GBR","United Kingdom","Middlesbrough",2017,7.46,13.41,13.1,NA,NA,98.02511416,"European Environment Agency (downloaded in 2021)",NA,2022,NA
"European Region","GBR","United Kingdom","Middlesbrough",2018,8.9,15.65,14.42,NA,NA,100,"European Environment Agency (downloaded in 2021)",NA,2022,NA
"European Region","GBR","United Kingdom","Middlesbrough",2019,10.26,17.68,16.19,NA,NA,98.23059361,"European Environment Agency (downloaded in 2021)",NA,2022,NA
"European Region","GBR","United Kingdom","Narberth",2017,NA,11.05,2.99,NA,NA,97.32876712,"European Environment Agency (downloaded in 2021)",NA,2022,NA
"European Region","GBR","United Kingdom","Narberth",2018,NA,11.92,3.66,NA,NA,100,"European Environment Agency (downloaded in 2021)",NA,2022,NA
"European Region","GBR","United Kingdom","Narberth",2019,6.54,11.06,3.64,NA,NA,96.79223744,"European Environment Agency (downloaded in 2021)",NA,2022,NA
"European Region","GBR","United Kingdom","Newcastle Upon Tyne",2017,7,10.7,28.78,NA,NA,99.16666667,"European Environment Agency (downloaded in 2021)",NA,2022,NA
"European Region","GBR","United Kingdom","Newcastle Upon Tyne",2018,8.97,13.86,33.82,NA,NA,100,"European Environment Agency (downloaded in 2021)",NA,2022,NA
"European Region","GBR","United Kingdom","Newcastle Upon Tyne",2019,8.83,15.69,35.17,NA,NA,97.20319635,"European Environment Agency (downloaded in 2021)",NA,2022,NA
"European Region","GBR","United Kingdom","Newport",2019,9.51,15.24,19.87,NA,NA,98.00228311,"European Environment Agency (downloaded in 2021)",NA,2022,NA
"European Region","GBR","United Kingdom","Norwich",2017,12.03,15.82,13.28,NA,NA,98.89269406,"European Environment Agency (downloaded in 2021)",NA,2022,NA
"European Region","GBR","United Kingdom","Norwich",2018,10.24,15.75,11.66,NA,NA,100,"European Environment Agency (downloaded in 2021)",NA,2022,NA
"European Region","GBR","United Kingdom","Norwich",2019,10.33,14.01,12.72,NA,NA,99.29223744,"European Environment Agency (downloaded in 2021)",NA,2022,NA
"European Region","GBR","United Kingdom","Nottingham",2017,11.57,17.86,33.04,NA,NA,99.12100457,"European Environment Agency (downloaded in 2021)",NA,2022,NA
"European Region","GBR","United Kingdom","Nottingham",2018,9.99,17.17,30.82,NA,NA,100,"European Environment Agency (downloaded in 2021)",NA,2022,NA
"European Region","GBR","United Kingdom","Nottingham",2019,10.83,18.96,30.4,NA,NA,98.92123288,"European Environment Agency (downloaded in 2021)",NA,2022,NA
"European Region","GBR","United Kingdom","Oxford",2017,NA,12.54,26.89,NA,NA,96.30136986,"European Environment Agency (downloaded in 2021)",NA,2022,NA
"European Region","GBR","United Kingdom","Oxford",2018,9.66,12.24,26.86,NA,NA,100,"European Environment Agency (downloaded in 2021)",NA,2022,NA
"European Region","GBR","United Kingdom","Oxford",2019,8.91,14.23,28.93,NA,NA,97.043379,"European Environment Agency (downloaded in 2021)",NA,2022,NA
"European Region","GBR","United Kingdom","Penicuik",2017,4.53,6.42,4.69,NA,NA,97.78538813,"European Environment Agency (downloaded in 2021)",NA,2022,NA
"European Region","GBR","United Kingdom","Penicuik",2018,4.98,6.96,5.34,NA,NA,100,"European Environment Agency (downloaded in 2021)",NA,2022,NA
"European Region","GBR","United Kingdom","Penicuik",2019,4.36,6.71,5.34,NA,NA,94.52054795,"European Environment Agency (downloaded in 2021)",NA,2022,NA
"European Region","GBR","United Kingdom","Plymouth",2017,9.16,14.21,19.76,NA,NA,94.09246575,"European Environment Agency (downloaded in 2021)",NA,2022,NA
"European Region","GBR","United Kingdom","Plymouth",2018,9.92,16.28,18.7,NA,NA,100,"European Environment Agency (downloaded in 2021)",NA,2022,NA
"European Region","GBR","United Kingdom","Plymouth",2019,11.12,16.93,18.86,NA,NA,90.91894978,"European Environment Agency (downloaded in 2021)",NA,2022,NA
"European Region","GBR","United Kingdom","Port Talbot",2017,10.3,23.03,15.88,NA,NA,96.13013699,"European Environment Agency (downloaded in 2021)",NA,2022,NA
"European Region","GBR","United Kingdom","Port Talbot",2018,10.8,23.12,14.78,NA,NA,100,"European Environment Agency (downloaded in 2021)",NA,2022,NA
"European Region","GBR","United Kingdom","Port Talbot",2019,10.83,22.32,15.15,NA,NA,94.8173516,"European Environment Agency (downloaded in 2021)",NA,2022,NA
"European Region","GBR","United Kingdom","Portsmouth",2017,NA,14.62,19.19,NA,NA,98.16210046,"European Environment Agency (downloaded in 2021)",NA,2022,NA
"European Region","GBR","United Kingdom","Portsmouth",2018,NA,19.3,24.63,NA,NA,100,"European Environment Agency (downloaded in 2021)",NA,2022,NA
"European Region","GBR","United Kingdom","Portsmouth",2019,8.88,17.27,22.63,NA,NA,99.44063927,"European Environment Agency (downloaded in 2021)",NA,2022,NA
"European Region","GBR","United Kingdom","Reading",2017,9.67,14.43,28.84,NA,NA,97.38013699,"European Environment Agency (downloaded in 2021)",NA,2022,NA
"European Region","GBR","United Kingdom","Reading",2018,9.11,15.1,27.78,NA,NA,100,"European Environment Agency (downloaded in 2021)",NA,2022,NA
"European Region","GBR","United Kingdom","Reading",2019,NA,17.19,26.68,NA,NA,95.70776256,"European Environment Agency (downloaded in 2021)",NA,2022,NA
"European Region","GBR","United Kingdom","Rochester",2017,9.69,16.51,14.74,NA,NA,95.89041096,"European Environment Agency (downloaded in 2021)",NA,2022,NA
"European Region","GBR","United Kingdom","Rochester",2018,10.09,17.46,13.02,NA,NA,100,"European Environment Agency (downloaded in 2021)",NA,2022,NA
"European Region","GBR","United Kingdom","Rochester",2019,10.84,14.96,12.55,NA,NA,94.64611872,"European Environment Agency (downloaded in 2021)",NA,2022,NA
"European Region","GBR","United Kingdom","Royal Leamington Spa",2017,10.83,15.64,20.39,NA,NA,98.89269406,"European Environment Agency (downloaded in 2021)",NA,2022,NA
"European Region","GBR","United Kingdom","Royal Leamington Spa",2018,9.8,14.03,17.25,NA,NA,100,"European Environment Agency (downloaded in 2021)",NA,2022,NA
"European Region","GBR","United Kingdom","Royal Leamington Spa",2019,9.49,13.87,17.08,NA,NA,96.45547946,"European Environment Agency (downloaded in 2021)",NA,2022,NA
"European Region","GBR","United Kingdom","Sandy",2019,9.7,17.96,27.91,NA,NA,97.14611872,"European Environment Agency (downloaded in 2021)",NA,2022,NA
"European Region","GBR","United Kingdom","Scunthorpe",2017,NA,16.07,15.64,NA,NA,98.98401826,"European Environment Agency (downloaded in 2021)",NA,2022,NA
"European Region","GBR","United Kingdom","Scunthorpe",2018,NA,18.29,15.39,NA,NA,100,"European Environment Agency (downloaded in 2021)",NA,2022,NA
"European Region","GBR","United Kingdom","Scunthorpe",2019,NA,19.72,15.35,NA,NA,97.21461187,"European Environment Agency (downloaded in 2021)",NA,2022,NA
"European Region","GBR","United Kingdom","Sheffield",2017,8.94,16.1,28.97,NA,NA,97.66362253,"European Environment Agency (downloaded in 2021)",NA,2022,NA
"European Region","GBR","United Kingdom","Sheffield",2018,12.77,15.99,28.99,NA,NA,100,"European Environment Agency (downloaded in 2021)",NA,2022,NA
"European Region","GBR","United Kingdom","Sheffield",2019,12.49,14.92,30.16,NA,NA,85.89041096,"European Environment Agency (downloaded in 2021)",NA,2022,NA
"European Region","GBR","United Kingdom","Southampton",2017,11.15,18.14,34.74,NA,NA,95.97031964,"European Environment Agency (downloaded in 2021)",NA,2022,NA
"European Region","GBR","United Kingdom","Southampton",2019,9.6,16.85,30.16,NA,NA,97.90525115,"European Environment Agency (downloaded in 2021)",NA,2022,NA
"European Region","GBR","United Kingdom","Speke",2017,8.49,11.49,17.55,NA,NA,98.83561644,"European Environment Agency (downloaded in 2021)",NA,2022,NA
"European Region","GBR","United Kingdom","Speke",2018,8.8,13.98,17.56,NA,NA,100,"European Environment Agency (downloaded in 2021)",NA,2022,NA
"European Region","GBR","United Kingdom","Speke",2019,9.09,16.71,19.48,NA,NA,98.77853881,"European Environment Agency (downloaded in 2021)",NA,2022,NA
"European Region","GBR","United Kingdom","Stanford-Le-Hope",2017,11.06,18.61,28.31,NA,NA,98.88127854,"European Environment Agency (downloaded in 2021)",NA,2022,NA
"European Region","GBR","United Kingdom","Stanford-Le-Hope",2018,10.06,18.27,27.55,NA,NA,100,"European Environment Agency (downloaded in 2021)",NA,2022,NA
"European Region","GBR","United Kingdom","Stanford-Le-Hope",2019,11.54,17.29,26.18,NA,NA,98.91552511,"European Environment Agency (downloaded in 2021)",NA,2022,NA
"European Region","GBR","United Kingdom","Stockbridge",2017,7.38,13.33,11.21,NA,NA,96.67808219,"European Environment Agency (downloaded in 2021)",NA,2022,NA
"European Region","GBR","United Kingdom","Stockbridge",2018,8.62,12.27,9.55,NA,NA,100,"European Environment Agency (downloaded in 2021)",NA,2022,NA
"European Region","GBR","United Kingdom","Stockbridge",2019,8.06,11.91,8.88,NA,NA,87.48858447,"European Environment Agency (downloaded in 2021)",NA,2022,NA
"European Region","GBR","United Kingdom","Stockton-On-Tees",2017,8.27,14.11,15.53,NA,NA,98.62252663,"European Environment Agency (downloaded in 2021)",NA,2022,NA
"European Region","GBR","United Kingdom","Stockton-On-Tees",2018,9.79,15.73,16.74,NA,NA,100,"European Environment Agency (downloaded in 2021)",NA,2022,NA
"European Region","GBR","United Kingdom","Stockton-On-Tees",2019,8.21,13.59,15.6,NA,NA,98.98401827,"European Environment Agency (downloaded in 2021)",NA,2022,NA
"European Region","GBR","United Kingdom","Stoke-On-Trent",2017,8.66,18.37,25.65,NA,NA,99.15525114,"European Environment Agency (downloaded in 2021)",NA,2022,NA
"European Region","GBR","United Kingdom","Stoke-On-Trent",2018,9.45,19.18,38.25,NA,NA,100,"European Environment Agency (downloaded in 2021)",NA,2022,NA
"European Region","GBR","United Kingdom","Stoke-On-Trent",2019,9.47,19.68,37.58,NA,NA,98.90981735,"European Environment Agency (downloaded in 2021)",NA,2022,NA
"European Region","GBR","United Kingdom","Swansea",2017,14.66,18.9,24.41,NA,NA,98.61872146,"European Environment Agency (downloaded in 2021)",NA,2022,NA
"European Region","GBR","United Kingdom","Swansea",2018,12.82,19.69,23.5,NA,NA,100,"European Environment Agency (downloaded in 2021)",NA,2022,NA
"European Region","GBR","United Kingdom","Swansea",2019,9.86,18.36,24.13,NA,NA,98.72146119,"European Environment Agency (downloaded in 2021)",NA,2022,NA
"European Region","GBR","United Kingdom","Warrington",2019,NA,16.98,20.52,NA,NA,87.65981735,"European Environment Agency (downloaded in 2021)",NA,2022,NA
"European Region","GBR","United Kingdom","Wrexham",2017,6.56,11.51,16.48,NA,NA,93.82420091,"European Environment Agency (downloaded in 2021)",NA,2022,NA
"European Region","GBR","United Kingdom","Wrexham",2019,7.87,12.09,16.43,NA,NA,80.20547945,"European Environment Agency (downloaded in 2021)",NA,2022,NA
"European Region","GBR","United Kingdom","York",2017,10.08,14.85,21.31,NA,NA,92.4543379,"European Environment Agency (downloaded in 2021)",NA,2022,NA
"European Region","GBR","United Kingdom","York",2018,10.62,16.1,20.65,NA,NA,100,"European Environment Agency (downloaded in 2021)",NA,2022,NA
"European Region","GBR","United Kingdom","York",2019,11.09,17.92,20.39,NA,NA,98.2020548,"European Environment Agency (downloaded in 2021)",NA,2022,NA
"European Region","GRC","Greece","Ano Liosia",2017,NA,29.63,20.54,NA,NA,94.46347032,"European Environment Agency (downloaded in 2021)",NA,2022,NA
"European Region","GRC","Greece","Athens",2017,19.47,35.75,54.47,NA,NA,98.12785388,"European Environment Agency (downloaded in 2021)",NA,2022,NA
"European Region","GRC","Greece","Athens",2018,19.11,36.38,54.38,NA,NA,96.9063927,"European Environment Agency (downloaded in 2021)",NA,2022,NA
"European Region","GRC","Greece","Athens",2019,19.31,36.44,47.65,NA,NA,96.82077626,"European Environment Agency (downloaded in 2021)",NA,2022,NA
"European Region","GRC","Greece","Elefsina",2017,16.32,25.98,27.26,NA,NA,98.36757991,"European Environment Agency (downloaded in 2021)",NA,2022,NA
"European Region","GRC","Greece","Elefsina",2018,17.82,29.27,24.41,NA,NA,99.6347032,"European Environment Agency (downloaded in 2021)",NA,2022,NA
"European Region","GRC","Greece","Elefsina",2019,18.51,25.14,25.15,NA,NA,97.29452055,"European Environment Agency (downloaded in 2021)",NA,2022,NA
"European Region","GRC","Greece","Eleftherio Kordelio",2019,NA,35.44,24.58,NA,NA,97.38584475,"European Environment Agency (downloaded in 2021)",NA,2022,NA
"European Region","GRC","Greece","Ioannina",2019,19.69,29.51,21.04,88.03652968,88.03652968,88.03652968,"European Environment Agency (downloaded in 2021)",NA,2022,NA
"European Region","GRC","Greece","Koropi",2017,NA,27.28,17.11,NA,NA,89.07534247,"European Environment Agency (downloaded in 2021)",NA,2022,NA
"European Region","GRC","Greece","Koropi",2018,NA,30.72,20.83,NA,NA,99.14383562,"European Environment Agency (downloaded in 2021)",NA,2022,NA
"European Region","GRC","Greece","Koropi",2019,NA,28.09,14.89,NA,NA,99.71461187,"European Environment Agency (downloaded in 2021)",NA,2022,NA
"European Region","GRC","Greece","Likovrisi",2017,16.28,25.33,22.25,NA,NA,96.67808219,"European Environment Agency (downloaded in 2021)",NA,2022,NA
"European Region","GRC","Greece","Likovrisi",2018,15.28,27.04,19.98,NA,NA,90.30821918,"European Environment Agency (downloaded in 2021)",NA,2022,NA
"European Region","GRC","Greece","Likovrisi",2019,16.41,26.85,19.92,NA,NA,82.32876712,"European Environment Agency (downloaded in 2021)",NA,2022,NA
"European Region","GRC","Greece","Marousi",2017,NA,25.95,28.66,NA,NA,99.80593607,"European Environment Agency (downloaded in 2021)",NA,2022,NA
"European Region","GRC","Greece","Marousi",2018,NA,29.48,26.4,NA,NA,99.8630137,"European Environment Agency (downloaded in 2021)",NA,2022,NA
"European Region","GRC","Greece","Marousi",2019,NA,27.75,25.52,NA,NA,99.6347032,"European Environment Agency (downloaded in 2021)",NA,2022,NA
"European Region","GRC","Greece","Nea Smirni",2017,NA,27.6,32.66,NA,NA,95.71917808,"European Environment Agency (downloaded in 2021)",NA,2022,NA
"European Region","GRC","Greece","Nea Smirni",2018,NA,31.03,29.16,NA,NA,99.60045662,"European Environment Agency (downloaded in 2021)",NA,2022,NA
"European Region","GRC","Greece","Patra",2017,17.4,30.13,31.37,NA,NA,99.17237443,"European Environment Agency (downloaded in 2021)",NA,2022,NA
"European Region","GRC","Greece","Patra",2018,18.66,35.11,30.12,NA,NA,94.32077626,"European Environment Agency (downloaded in 2021)",NA,2022,NA
"European Region","GRC","Greece","Patra",2019,15.57,29.15,31.18,NA,NA,99.73744292,"European Environment Agency (downloaded in 2021)",NA,2022,NA
"European Region","GRC","Greece","Peristeri",2017,NA,31.48,31.87,NA,NA,99.33789954,"European Environment Agency (downloaded in 2021)",NA,2022,NA
"European Region","GRC","Greece","Peristeri",2018,NA,30.31,27.7,NA,NA,99.69178082,"European Environment Agency (downloaded in 2021)",NA,2022,NA
"European Region","GRC","Greece","Peristeri",2019,NA,27.93,28.12,NA,NA,99.79452055,"European Environment Agency (downloaded in 2021)",NA,2022,NA
"European Region","GRC","Greece","Pireas",2017,18.04,40.44,61.96,NA,NA,99.23515982,"European Environment Agency (downloaded in 2021)",NA,2022,NA
"European Region","GRC","Greece","Pireas",2018,18,39.34,62.53,NA,NA,99.5890411,"European Environment Agency (downloaded in 2021)",NA,2022,NA
"European Region","GRC","Greece","Thessaloniki",2019,20.5,41.92,23.58,NA,NA,99.8173516,"European Environment Agency (downloaded in 2021)",NA,2022,NA
"European Region","GRC","Greece","Thrakomakedones",2017,12.72,16.5,6.7,NA,NA,91.21004566,"European Environment Agency (downloaded in 2021)",NA,2022,NA
"European Region","GRC","Greece","Vorios Tomeas Athinon",2017,10.73,16.83,13.46,NA,NA,93.21917808,"European Environment Agency (downloaded in 2021)",NA,2022,NA
"European Region","HRV","Croatia","Bosanka",2018,9.46,13.47,2.18,NA,NA,82.71689498,"European Environment Agency (downloaded in 2021)",NA,2022,NA
"European Region","HRV","Croatia","Desinic Gora",2019,12.18,14.57,6.07,NA,NA,81.09589041,"European Environment Agency (downloaded in 2021)",NA,2022,NA
"European Region","HRV","Croatia","Osijek",2017,NA,32.5,28.16,NA,NA,83.33333333,"European Environment Agency (downloaded in 2021)",NA,2022,NA
"European Region","HRV","Croatia","Osijek",2018,NA,35.2,24.78,NA,84,96.68949772,"Air Quality Portal Portal Kvaliteta zraka u Republici Hrvatskoj, European Environment Agency (downloaded in 2021)","1 Urban Traffic",2022,NA
"European Region","HRV","Croatia","Osijek",2019,NA,39.18,25.66,NA,NA,94.79452055,"European Environment Agency (downloaded in 2021)",NA,2022,NA
"European Region","HRV","Croatia","Rijeka",2018,10.94,24,11.76,50,50,95.23972603,"Air Quality Portal Portal Kvaliteta zraka u Republici Hrvatskoj, European Environment Agency (downloaded in 2021)","1 Urban Backround",2022,NA
"European Region","HRV","Croatia","Split",2017,12.15,17.61,24.5,NA,NA,96.92922374,"European Environment Agency (downloaded in 2021)",NA,2022,NA
"European Region","HRV","Croatia","Split",2018,11.03,18.86,22.4,NA,100,95.79908676,"Air Quality Portal Portal Kvaliteta zraka u Republici Hrvatskoj, European Environment Agency (downloaded in 2021)","1 Urban Traffic",2022,NA
"European Region","HRV","Croatia","Split",2019,10.54,16.08,23.73,NA,NA,94.76027397,"European Environment Agency (downloaded in 2021)",NA,2022,NA
"European Region","HRV","Croatia","Zagreb",2017,19.19,34.12,37,NA,NA,86.88926941,"European Environment Agency (downloaded in 2021)",NA,2022,NA
"European Region","HRV","Croatia","Zagreb",2018,20.84,31.56,31.87,NA,98,94.4520548,"Air Quality Portal Portal Kvaliteta zraka u Republici Hrvatskoj, European Environment Agency (downloaded in 2021)","3 Urban Backround",2022,NA
"European Region","HRV","Croatia","Zagreb",2019,15.85,28.08,34.11,NA,NA,94.45776256,"European Environment Agency (downloaded in 2021)",NA,2022,NA
"European Region","HUN","Hungary","Ajka",2017,NA,20.95,13.87,NA,NA,99.80593607,"European Environment Agency (downloaded in 2021)",NA,2022,NA
"European Region","HUN","Hungary","Ajka",2018,NA,17.63,13.43,NA,NA,99.36073059,"European Environment Agency (downloaded in 2021)",NA,2022,NA
"European Region","HUN","Hungary","Ajka",2019,11.45,15.89,12.31,NA,NA,99.10958904,"European Environment Agency (downloaded in 2021)",NA,2022,NA
"European Region","HUN","Hungary","Budapest",2017,NA,28.18,35.94,NA,NA,95.6706621,"European Environment Agency (downloaded in 2021)",NA,2022,NA
"European Region","HUN","Hungary","Budapest",2018,NA,31.95,30.93,NA,NA,95.28995434,"European Environment Agency (downloaded in 2021)",NA,2022,NA
"European Region","HUN","Hungary","Budapest",2019,14.38,27.21,30.64,NA,NA,94.16894977,"European Environment Agency (downloaded in 2021)",NA,2022,NA
"European Region","HUN","Hungary","Debrecen",2017,NA,24.45,18.99,NA,NA,81.72374429,"European Environment Agency (downloaded in 2021)",NA,2022,NA
"European Region","HUN","Hungary","Debrecen",2018,NA,24.4,21.43,NA,NA,98.10502283,"European Environment Agency (downloaded in 2021)",NA,2022,NA
"European Region","HUN","Hungary","Debrecen",2019,NA,26.12,20.17,NA,NA,99.13242009,"European Environment Agency (downloaded in 2021)",NA,2022,NA
"European Region","HUN","Hungary","Dunaujvaros",2017,NA,28.83,20.57,NA,NA,98.31050228,"European Environment Agency (downloaded in 2021)",NA,2022,NA
"European Region","HUN","Hungary","Dunaujvaros",2018,19.49,31.08,21.27,NA,NA,98.84703196,"European Environment Agency (downloaded in 2021)",NA,2022,NA
"European Region","HUN","Hungary","Dunaujvaros",2019,16.25,26.81,20.35,NA,NA,97.73972603,"European Environment Agency (downloaded in 2021)",NA,2022,NA
"European Region","HUN","Hungary","Esztergom",2017,NA,23.84,13.76,NA,NA,77.11187215,"European Environment Agency (downloaded in 2021)",NA,2022,NA
"European Region","HUN","Hungary","Esztergom",2018,NA,21.99,11.76,NA,NA,98.18493151,"European Environment Agency (downloaded in 2021)",NA,2022,NA
"European Region","HUN","Hungary","Esztergom",2019,NA,17.48,11.85,NA,NA,91.17579909,"European Environment Agency (downloaded in 2021)",NA,2022,NA
"European Region","HUN","Hungary","Gyor",2017,8.77,25.94,28.05,NA,NA,84.00684932,"European Environment Agency (downloaded in 2021)",NA,2022,NA
"European Region","HUN","Hungary","Gyor",2018,16.61,26.41,26.78,NA,NA,89.50913242,"European Environment Agency (downloaded in 2021)",NA,2022,NA
"European Region","HUN","Hungary","Kazincbarcika",2017,NA,33.27,16.05,NA,NA,99.46347032,"European Environment Agency (downloaded in 2021)",NA,2022,NA
"European Region","HUN","Hungary","Kazincbarcika",2018,21.96,26.61,14.02,NA,NA,98.45890411,"European Environment Agency (downloaded in 2021)",NA,2022,NA
"European Region","HUN","Hungary","Kazincbarcika",2019,18.02,24.29,12.99,NA,NA,99.52054795,"European Environment Agency (downloaded in 2021)",NA,2022,NA
"European Region","HUN","Hungary","Kecskemet",2018,NA,20.39,3.81,NA,NA,99.7260274,"European Environment Agency (downloaded in 2021)",NA,2022,NA
"European Region","HUN","Hungary","Miskolc",2017,NA,36.3,34.67,NA,NA,98.94977169,"European Environment Agency (downloaded in 2021)",NA,2022,NA
"European Region","HUN","Hungary","Miskolc",2018,NA,37.31,32.78,NA,NA,95.51369863,"European Environment Agency (downloaded in 2021)",NA,2022,NA
"European Region","HUN","Hungary","Miskolc",2019,NA,35.57,32.23,NA,NA,99.13242009,"European Environment Agency (downloaded in 2021)",NA,2022,NA
"European Region","HUN","Hungary","Nyiregyhaza",2017,NA,32.57,24.07,NA,NA,96.54109589,"European Environment Agency (downloaded in 2021)",NA,2022,NA
"European Region","HUN","Hungary","Nyiregyhaza",2018,NA,33.02,23.07,NA,NA,97.99086758,"European Environment Agency (downloaded in 2021)",NA,2022,NA
"European Region","HUN","Hungary","Nyiregyhaza",2019,NA,31.86,23.53,NA,NA,98.81278539,"European Environment Agency (downloaded in 2021)",NA,2022,NA
"European Region","HUN","Hungary","Pecs",2017,NA,27.26,31.31,NA,NA,97.88812786,"European Environment Agency (downloaded in 2021)",NA,2022,NA
"European Region","HUN","Hungary","Pecs",2018,18.01,26.97,31.48,NA,NA,94.79452055,"European Environment Agency (downloaded in 2021)",NA,2022,NA
"European Region","HUN","Hungary","Pecs",2019,13.57,24.11,30.08,NA,NA,88.17351598,"European Environment Agency (downloaded in 2021)",NA,2022,NA
"European Region","HUN","Hungary","Sajoszentpeter",2017,NA,41.22,16.18,NA,NA,98.69863014,"European Environment Agency (downloaded in 2021)",NA,2022,NA
"European Region","HUN","Hungary","Sajoszentpeter",2018,NA,34.13,14.77,NA,NA,98.03652968,"European Environment Agency (downloaded in 2021)",NA,2022,NA
"European Region","HUN","Hungary","Sajoszentpeter",2019,NA,26.65,13.23,NA,NA,99.41780822,"European Environment Agency (downloaded in 2021)",NA,2022,NA
"European Region","HUN","Hungary","Sarrod",2018,NA,15.76,6.39,NA,NA,99.20091324,"European Environment Agency (downloaded in 2021)",NA,2022,NA
"European Region","HUN","Hungary","Sarrod",2019,NA,14.21,5.36,NA,NA,93.96118721,"European Environment Agency (downloaded in 2021)",NA,2022,NA
"European Region","HUN","Hungary","Sopron",2018,NA,19.55,15.24,NA,NA,80.34246575,"European Environment Agency (downloaded in 2021)",NA,2022,NA
"European Region","HUN","Hungary","Szazhalombatta",2017,NA,24.77,15.4,NA,NA,76.05022831,"European Environment Agency (downloaded in 2021)",NA,2022,NA
"European Region","HUN","Hungary","Szazhalombatta",2018,NA,19.31,15.51,NA,NA,98.04794521,"European Environment Agency (downloaded in 2021)",NA,2022,NA
"European Region","HUN","Hungary","Szazhalombatta",2019,NA,18.44,14.51,NA,NA,95.35388128,"European Environment Agency (downloaded in 2021)",NA,2022,NA
"European Region","HUN","Hungary","Szeged",2017,20.93,29.56,15.62,NA,NA,92.0890411,"European Environment Agency (downloaded in 2021)",NA,2022,NA
"European Region","HUN","Hungary","Szeged",2018,17.49,28.59,16.11,NA,NA,97.8196347,"European Environment Agency (downloaded in 2021)",NA,2022,NA
"European Region","HUN","Hungary","Szeged",2019,15.6,26.85,15.31,NA,NA,99.29223744,"European Environment Agency (downloaded in 2021)",NA,2022,NA
"European Region","HUN","Hungary","Tatabanya",2018,NA,26.82,18.77,NA,NA,98.04794521,"European Environment Agency (downloaded in 2021)",NA,2022,NA
"European Region","HUN","Hungary","Tatabanya",2019,NA,19.41,16.52,NA,NA,99.50913242,"European Environment Agency (downloaded in 2021)",NA,2022,NA
"European Region","HUN","Hungary","Veszprem",2017,NA,18.38,20.06,NA,NA,98.44748858,"European Environment Agency (downloaded in 2021)",NA,2022,NA
"European Region","HUN","Hungary","Veszprem",2018,17.91,24.93,20.89,NA,NA,96.27853881,"European Environment Agency (downloaded in 2021)",NA,2022,NA
"European Region","HUN","Hungary","Veszprem",2019,14.36,19.26,19.34,NA,NA,90.55936073,"European Environment Agency (downloaded in 2021)",NA,2022,NA
"European Region","IRL","Ireland","Cork",2019,7.89,14.6,9.63,NA,NA,98.51598174,"European Environment Agency (downloaded in 2021)",NA,2022,NA
"European Region","IRL","Ireland","Cork City",2017,5.73,13.84,26.59,NA,NA,81.55251142,"European Environment Agency (downloaded in 2021)",NA,2022,NA
"European Region","IRL","Ireland","Cork City",2019,8.43,15.03,21.01,NA,NA,98.55022831,"European Environment Agency (downloaded in 2021)",NA,2022,NA
"European Region","IRL","Ireland","Dublin 8",2019,8.48,13.83,43.43,NA,NA,98.15068493,"European Environment Agency (downloaded in 2021)",NA,2022,NA
"European Region","IRL","Ireland","Dublin City",2017,8.19,12.8,21.66,NA,NA,97.26312786,"European Environment Agency (downloaded in 2021)",NA,2022,NA
"European Region","IRL","Ireland","Dublin City",2018,8.89,17.2,24.56,NA,NA,95.23021309,"European Environment Agency (downloaded in 2021)",NA,2022,NA
"European Region","IRL","Ireland","Dublin City",2019,9.49,16.63,23.76,NA,NA,96.14868722,"European Environment Agency (downloaded in 2021)",NA,2022,NA
"European Region","IRL","Ireland","Dun Laoghaire-Rathdown",2017,NA,11.79,15.91,NA,NA,96.72945206,"European Environment Agency (downloaded in 2021)",NA,2022,NA
"European Region","IRL","Ireland","Dun Laoghaire-Rathdown",2018,NA,12.8,18.01,NA,NA,93.37328767,"European Environment Agency (downloaded in 2021)",NA,2022,NA
"European Region","IRL","Ireland","Dun Laoghaire-Rathdown",2019,NA,12.19,14.82,NA,NA,87.15182649,"European Environment Agency (downloaded in 2021)",NA,2022,NA
"European Region","IRL","Ireland","Dundalk",2018,NA,14.62,13.48,NA,NA,85.99315068,"European Environment Agency (downloaded in 2021)",NA,2022,NA
"European Region","IRL","Ireland","Dundalk",2019,NA,14.45,12.44,NA,NA,96.59817352,"European Environment Agency (downloaded in 2021)",NA,2022,NA
"European Region","IRL","Ireland","Fingal",2017,NA,14.98,26.21,NA,NA,82.03196347,"European Environment Agency (downloaded in 2021)",NA,2022,NA
"European Region","IRL","Ireland","Fingal",2018,NA,17.21,32.55,NA,NA,85.35388128,"European Environment Agency (downloaded in 2021)",NA,2022,NA
"European Region","IRL","Ireland","Fingal",2019,NA,18.94,31.04,NA,NA,83.53881279,"European Environment Agency (downloaded in 2021)",NA,2022,NA
"European Region","IRL","Ireland","Kilkenny",2019,NA,17.82,5.11,NA,NA,99.26940639,"European Environment Agency (downloaded in 2021)",NA,2022,NA
"European Region","IRL","Ireland","Laois",2018,NA,10.85,7.21,NA,NA,94.18949772,"European Environment Agency (downloaded in 2021)",NA,2022,NA
"European Region","IRL","Ireland","Mayo",2017,5.56,10.99,7.44,NA,NA,99.02968037,"European Environment Agency (downloaded in 2021)",NA,2022,NA
"European Region","IRL","Ireland","Mayo",2018,6.35,11.74,7.87,NA,NA,99.29223744,"European Environment Agency (downloaded in 2021)",NA,2022,NA
"European Region","IRL","Ireland","Mayo",2019,NA,13.48,7.8,NA,NA,97.8196347,"European Environment Agency (downloaded in 2021)",NA,2022,NA
"European Region","IRL","Ireland","Monaghan",2017,NA,7.85,2.28,NA,NA,95.49086758,"European Environment Agency (downloaded in 2021)",NA,2022,NA
"European Region","IRL","Ireland","Monaghan",2018,NA,8.45,2.9,NA,NA,98.41324201,"European Environment Agency (downloaded in 2021)",NA,2022,NA
"European Region","IRL","Ireland","Monaghan",2019,NA,7.27,5.11,NA,NA,99.26940639,"European Environment Agency (downloaded in 2021)",NA,2022,NA
"European Region","ISL","Iceland","Akureyri",2017,NA,24.86,21.92,NA,NA,93.56164384,"European Environment Agency (downloaded in 2021)",NA,2022,NA
"European Region","ISL","Iceland","Akureyri",2018,NA,14.59,14.64,NA,NA,100,"European Environment Agency (downloaded in 2021)",NA,2022,NA
"European Region","ISL","Iceland","Akureyri",2019,NA,15.81,13.8,NA,NA,99.96575342,"European Environment Agency (downloaded in 2021)",NA,2022,NA
"European Region","ISL","Iceland","Grundartangi",2017,3.73,6.07,1.68,NA,NA,99.91438356,"European Environment Agency (downloaded in 2021)",NA,2022,NA
"European Region","ISL","Iceland","Grundartangi",2018,3.6,5.61,1.83,NA,NA,100,"European Environment Agency (downloaded in 2021)",NA,2022,NA
"European Region","ISL","Iceland","Grundartangi",2019,4.55,6.25,1.84,NA,NA,99.41210046,"European Environment Agency (downloaded in 2021)",NA,2022,NA
"European Region","ISL","Iceland","Hafnarfjörður",2017,8.14,4.31,4.12,NA,NA,100,"European Environment Agency (downloaded in 2021)",NA,2022,NA
"European Region","ISL","Iceland","Hafnarfjörður",2018,3.91,6.3,4.32,NA,NA,100,"European Environment Agency (downloaded in 2021)",NA,2022,NA
"European Region","ISL","Iceland","Hafnarfjörður",2019,4.46,6.77,6.72,NA,NA,91.36986301,"European Environment Agency (downloaded in 2021)",NA,2022,NA
"European Region","ISL","Iceland","Hafnarfjorour",2017,3.71,7.73,4.83,NA,NA,91.34703196,"European Environment Agency (downloaded in 2021)",NA,2022,NA
"European Region","ISL","Iceland","Hafnarfjorour",2018,3.52,7.09,4.47,NA,NA,100,"European Environment Agency (downloaded in 2021)",NA,2022,NA
"European Region","ISL","Iceland","Hafnarfjorour",2019,4.04,8.11,5.8,NA,NA,91.66666667,"European Environment Agency (downloaded in 2021)",NA,2022,NA
"European Region","ISL","Iceland","Husavik",2017,3.18,6.82,1.51,NA,NA,99.74315069,"European Environment Agency (downloaded in 2021)",NA,2022,NA
"European Region","ISL","Iceland","Husavik",2018,2.54,7.4,1.9,NA,NA,100,"European Environment Agency (downloaded in 2021)",NA,2022,NA
"European Region","ISL","Iceland","Husavik",2019,1.02,6.75,2.35,NA,NA,99.42351599,"European Environment Agency (downloaded in 2021)",NA,2022,NA
"European Region","ISL","Iceland","Kopavogur",2017,5.66,9.72,12.59,NA,NA,99.93150685,"European Environment Agency (downloaded in 2021)",NA,2022,NA
"European Region","ISL","Iceland","Kopavogur",2018,5.64,7.42,10.51,NA,NA,100,"European Environment Agency (downloaded in 2021)",NA,2022,NA
"European Region","ISL","Iceland","Kopavogur",2019,5.87,9.3,11.05,NA,NA,99.24657534,"European Environment Agency (downloaded in 2021)",NA,2022,NA
"European Region","ISL","Iceland","Reykjavik",2017,9.76,19.8,18.03,NA,NA,90.87899544,"European Environment Agency (downloaded in 2021)",NA,2022,NA
"European Region","ISL","Iceland","Reykjavik",2018,6.79,17.5,16.38,NA,NA,100,"European Environment Agency (downloaded in 2021)",NA,2022,NA
"European Region","ISL","Iceland","Reykjavik",2019,NA,14.29,22.32,NA,NA,82.48858447,"European Environment Agency (downloaded in 2021)",NA,2022,NA
"European Region","ISL","Iceland","Suðurnesjabær",2017,2.22,2.63,1.95,NA,NA,75.28538813,"European Environment Agency (downloaded in 2021)",NA,2022,NA
"European Region","ITA","Italy","Acerra",2017,15.66,33.91,23.3,NA,NA,90.99885845,"European Environment Agency (downloaded in 2021)",NA,2022,NA
"European Region","ITA","Italy","Acerra",2018,15.74,36.59,24.85,NA,NA,82.12328767,"European Environment Agency (downloaded in 2021)",NA,2022,NA
"European Region","ITA","Italy","Acquapendente",2017,10.01,15.02,6.52,NA,NA,93.71004566,"European Environment Agency (downloaded in 2021)",NA,2022,NA
"European Region","ITA","Italy","Acquapendente",2018,10.33,14.68,6.09,NA,NA,93.75570776,"European Environment Agency (downloaded in 2021)",NA,2022,NA
"European Region","ITA","Italy","Acquapendente",2019,10.08,14.53,5.3,NA,NA,90.47945205,"European Environment Agency (downloaded in 2021)",NA,2022,NA
"European Region","ITA","Italy","Acri",2017,14.66,21.13,23.15,NA,NA,97.84246575,"European Environment Agency (downloaded in 2021)",NA,2022,NA
"European Region","ITA","Italy","Acri",2018,13.59,21.67,19.73,NA,NA,97.57990868,"European Environment Agency (downloaded in 2021)",NA,2022,NA
"European Region","ITA","Italy","Acri",2019,12.77,19.84,15.35,NA,NA,97.10045662,"European Environment Agency (downloaded in 2021)",NA,2022,NA
"European Region","ITA","Italy","Adria",2017,NA,36.62,14.09,NA,NA,94.66894977,"European Environment Agency (downloaded in 2021)",NA,2022,NA
"European Region","ITA","Italy","Adria",2018,NA,29.09,17.33,NA,NA,95.30821918,"European Environment Agency (downloaded in 2021)",NA,2022,NA
"European Region","ITA","Italy","Adria",2019,NA,27.07,17.17,NA,NA,93.90410959,"European Environment Agency (downloaded in 2021)",NA,2022,NA
"European Region","ITA","Italy","Agip Petroli-Ilva",2017,9.47,16.5,11.32,NA,NA,90.02283105,"European Environment Agency (downloaded in 2021)",NA,2022,NA
"European Region","ITA","Italy","Agip Petroli-Ilva",2018,10.09,17.41,10.37,NA,NA,94.64611872,"European Environment Agency (downloaded in 2021)",NA,2022,NA
"European Region","ITA","Italy","Agip Petroli-Ilva",2019,9.35,16.4,8.75,NA,NA,92.93378995,"European Environment Agency (downloaded in 2021)",NA,2022,NA
"European Region","ITA","Italy","Agrigento",2018,8.32,17.83,3.78,NA,NA,88.12785388,"European Environment Agency (downloaded in 2021)",NA,2022,NA
"European Region","ITA","Italy","Agrigento",2019,8.84,17.72,4.42,NA,NA,86.80365297,"European Environment Agency (downloaded in 2021)",NA,2022,NA
"European Region","ITA","Italy","Alatri",2017,NA,25.89,37.87,NA,NA,94.24657534,"European Environment Agency (downloaded in 2021)",NA,2022,NA
"European Region","ITA","Italy","Alatri",2018,NA,24.27,37.59,NA,NA,91.99771689,"European Environment Agency (downloaded in 2021)",NA,2022,NA
"European Region","ITA","Italy","Alatri",2019,NA,22.03,33.37,NA,NA,94.53196347,"European Environment Agency (downloaded in 2021)",NA,2022,NA
"European Region","ITA","Italy","Alba",2017,NA,30.08,25.68,NA,NA,96.32420091,"European Environment Agency (downloaded in 2021)",NA,2022,NA
"European Region","ITA","Italy","Alba",2018,NA,27.93,21.52,NA,NA,94.8173516,"European Environment Agency (downloaded in 2021)",NA,2022,NA
"European Region","ITA","Italy","Alba",2019,NA,25.75,20.65,NA,NA,92.52283105,"European Environment Agency (downloaded in 2021)",NA,2022,NA
"European Region","ITA","Italy","Albenga",2017,10.56,16.6,22.76,NA,NA,95.15981735,"European Environment Agency (downloaded in 2021)",NA,2022,NA
"European Region","ITA","Italy","Albenga",2018,11.19,18.84,22.51,NA,NA,93.29908676,"European Environment Agency (downloaded in 2021)",NA,2022,NA
"European Region","ITA","Italy","Albenga",2019,12.99,21.59,18.53,NA,NA,95.19406393,"European Environment Agency (downloaded in 2021)",NA,2022,NA
"European Region","ITA","Italy","Alessandria",2017,25.94,39.19,36.53,NA,NA,96.04452055,"European Environment Agency (downloaded in 2021)",NA,2022,NA
"European Region","ITA","Italy","Alessandria",2018,22.17,34.43,27.49,NA,NA,94.57762558,"European Environment Agency (downloaded in 2021)",NA,2022,NA
"European Region","ITA","Italy","Alessandria",2019,19.92,31.77,28.64,NA,NA,91.56392694,"European Environment Agency (downloaded in 2021)",NA,2022,NA
"European Region","ITA","Italy","Alghero",2018,NA,16.76,5.58,NA,NA,90.95890411,"European Environment Agency (downloaded in 2021)",NA,2022,NA
"European Region","ITA","Italy","Alghero",2019,NA,18.88,7.94,NA,NA,94.85159817,"European Environment Agency (downloaded in 2021)",NA,2022,NA
"European Region","ITA","Italy","Allumiere",2017,NA,10.9,7.91,NA,NA,93.74429224,"European Environment Agency (downloaded in 2021)",NA,2022,NA
"European Region","ITA","Italy","Allumiere",2018,9.32,13.85,6.37,NA,NA,96.70662101,"European Environment Agency (downloaded in 2021)",NA,2022,NA
"European Region","ITA","Italy","Allumiere",2019,8.38,13.49,6.09,NA,NA,86.01027397,"European Environment Agency (downloaded in 2021)",NA,2022,NA
"European Region","ITA","Italy","Alpe Devero",2017,NA,4.8,4.2,NA,NA,95.92465753,"European Environment Agency (downloaded in 2021)",NA,2022,NA
"European Region","ITA","Italy","Alpe Devero",2018,NA,4.99,5.47,NA,NA,99.18949772,"European Environment Agency (downloaded in 2021)",NA,2022,NA
"European Region","ITA","Italy","Alpe Devero",2019,NA,5.78,4.82,NA,NA,83.99543379,"European Environment Agency (downloaded in 2021)",NA,2022,NA
"European Region","ITA","Italy","Altamura",2017,12.64,20.34,26.33,NA,NA,89.29223744,"European Environment Agency (downloaded in 2021)",NA,2022,NA
"European Region","ITA","Italy","Altamura",2018,12.08,19.4,15.16,NA,NA,93.13926941,"European Environment Agency (downloaded in 2021)",NA,2022,NA
"European Region","ITA","Italy","Altamura",2019,11.69,19.24,24.2,NA,NA,93.47031963,"European Environment Agency (downloaded in 2021)",NA,2022,NA
"European Region","ITA","Italy","Amelia",2017,11.43,17.18,9.97,NA,NA,95.456621,"European Environment Agency (downloaded in 2021)",NA,2022,NA
"European Region","ITA","Italy","Amelia",2018,13.32,18.3,8.42,NA,NA,93.24200913,"European Environment Agency (downloaded in 2021)",NA,2022,NA
"European Region","ITA","Italy","Amelia",2019,12.92,17.54,11.04,NA,NA,93.37899543,"European Environment Agency (downloaded in 2021)",NA,2022,NA
"European Region","ITA","Italy","Anagni",2017,NA,23.31,27.55,NA,NA,93.25342466,"European Environment Agency (downloaded in 2021)",NA,2022,NA
"European Region","ITA","Italy","Anagni",2018,NA,19.59,24.95,NA,NA,93.34474886,"European Environment Agency (downloaded in 2021)",NA,2022,NA
"European Region","ITA","Italy","Anagni",2019,NA,18.05,23.44,NA,NA,92.65981735,"European Environment Agency (downloaded in 2021)",NA,2022,NA
"European Region","ITA","Italy","Ancona",2017,15.13,25.1,15.58,NA,NA,82.5913242,"European Environment Agency (downloaded in 2021)",NA,2022,NA
"European Region","ITA","Italy","Ancona",2018,13.51,26.12,17.57,NA,NA,88.82420091,"European Environment Agency (downloaded in 2021)",NA,2022,NA
"European Region","ITA","Italy","Ancona",2019,13.79,22.24,21.89,NA,NA,90,"European Environment Agency (downloaded in 2021)",NA,2022,NA
"European Region","ITA","Italy","Andria",2017,13.72,23.12,22.85,NA,NA,85.19406393,"European Environment Agency (downloaded in 2021)",NA,2022,NA
"European Region","ITA","Italy","Andria",2018,14.14,22.99,22.26,NA,NA,90.79908676,"European Environment Agency (downloaded in 2021)",NA,2022,NA
"European Region","ITA","Italy","Andria",2019,12.28,21.8,24.4,NA,NA,89.21232877,"European Environment Agency (downloaded in 2021)",NA,2022,NA
"European Region","ITA","Italy","Aosta",2017,13.12,21.17,27.68,NA,NA,99.03824201,"European Environment Agency (downloaded in 2021)",NA,2022,NA
"European Region","ITA","Italy","Aosta",2018,11.36,19.18,23.98,NA,NA,99.17579909,"European Environment Agency (downloaded in 2021)",NA,2022,NA
"European Region","ITA","Italy","Aosta",2019,10.53,17.9,24.09,NA,NA,97.7130898,"European Environment Agency (downloaded in 2021)",NA,2022,NA
"European Region","ITA","Italy","Aprilia",2017,NA,18.45,22.23,NA,NA,90.50228311,"European Environment Agency (downloaded in 2021)",NA,2022,NA
"European Region","ITA","Italy","Aprilia",2018,NA,23.05,20.2,NA,NA,92.5913242,"European Environment Agency (downloaded in 2021)",NA,2022,NA
"European Region","ITA","Italy","Aprilia",2019,NA,23.43,19.84,NA,NA,89.65753425,"European Environment Agency (downloaded in 2021)",NA,2022,NA
"European Region","ITA","Italy","Arezzo",2017,13.03,21.53,27.19,NA,NA,94.67465754,"European Environment Agency (downloaded in 2021)",NA,2022,NA
"European Region","ITA","Italy","Arezzo",2018,12.92,21.12,25.38,NA,NA,94.98858448,"European Environment Agency (downloaded in 2021)",NA,2022,NA
"European Region","ITA","Italy","Arezzo",2019,11.84,20.61,22.89,NA,NA,94.8173516,"European Environment Agency (downloaded in 2021)",NA,2022,NA
"European Region","ITA","Italy","Argenta",2017,19.64,27.21,12.8,NA,NA,86.72374429,"European Environment Agency (downloaded in 2021)",NA,2022,NA
"European Region","ITA","Italy","Argenta",2018,16.63,23.01,11.87,NA,NA,93.86986301,"European Environment Agency (downloaded in 2021)",NA,2022,NA
"European Region","ITA","Italy","Argenta",2019,16.62,24.39,14.81,NA,NA,92.51141553,"European Environment Agency (downloaded in 2021)",NA,2022,NA
"European Region","ITA","Italy","Ascoli Piceno",2017,13.01,19.04,16.91,NA,NA,83.67579909,"European Environment Agency (downloaded in 2021)",NA,2022,NA
"European Region","ITA","Italy","Ascoli Piceno",2018,11.93,19.97,15.14,NA,NA,98.10502283,"European Environment Agency (downloaded in 2021)",NA,2022,NA
"European Region","ITA","Italy","Ascoli Piceno",2019,13.74,23.94,13.98,NA,NA,91.87214612,"European Environment Agency (downloaded in 2021)",NA,2022,NA
"European Region","ITA","Italy","Assemini",2017,NA,18.79,18.72,NA,NA,90.57077626,"European Environment Agency (downloaded in 2021)",NA,2022,NA
"European Region","ITA","Italy","Assemini",2018,NA,23.67,12.8,NA,NA,92.652207,"European Environment Agency (downloaded in 2021)",NA,2022,NA
"European Region","ITA","Italy","Assemini",2019,NA,20.84,12.58,NA,NA,91.19101979,"European Environment Agency (downloaded in 2021)",NA,2022,NA
"European Region","ITA","Italy","Asti",2017,NA,34.51,34.57,NA,NA,92.69406393,"European Environment Agency (downloaded in 2021)",NA,2022,NA
"European Region","ITA","Italy","Asti",2018,NA,36.03,27.26,NA,NA,93.31050229,"European Environment Agency (downloaded in 2021)",NA,2022,NA
"European Region","ITA","Italy","Asti",2019,NA,29.74,28.42,NA,NA,92.00913242,"European Environment Agency (downloaded in 2021)",NA,2022,NA
"European Region","ITA","Italy","Augusta",2017,NA,18.1,9.84,NA,NA,92.19178082,"European Environment Agency (downloaded in 2021)",NA,2022,NA
"European Region","ITA","Italy","Augusta",2018,NA,20.2,8.15,NA,NA,88.01369863,"European Environment Agency (downloaded in 2021)",NA,2022,NA
"European Region","ITA","Italy","Augusta",2019,NA,20.57,9.76,NA,NA,88.83561644,"European Environment Agency (downloaded in 2021)",NA,2022,NA
"European Region","ITA","Italy","Avellino",2017,18.34,31.49,23.54,NA,NA,93.01940639,"European Environment Agency (downloaded in 2021)",NA,2022,NA
"European Region","ITA","Italy","Avellino",2018,16.54,34.64,22.73,NA,NA,88.82420092,"European Environment Agency (downloaded in 2021)",NA,2022,NA
"European Region","ITA","Italy","Avellino",2019,14.59,27.67,19.97,NA,NA,88.98401827,"European Environment Agency (downloaded in 2021)",NA,2022,NA
"European Region","ITA","Italy","Badia Polesine",2017,NA,35.85,16.11,NA,NA,93.02511416,"European Environment Agency (downloaded in 2021)",NA,2022,NA
"European Region","ITA","Italy","Badia Polesine",2018,NA,33.44,17.28,NA,NA,93.32191781,"European Environment Agency (downloaded in 2021)",NA,2022,NA
"European Region","ITA","Italy","Badia Polesine",2019,NA,32.6,16.5,NA,NA,94.20091324,"European Environment Agency (downloaded in 2021)",NA,2022,NA
"European Region","ITA","Italy","Bagni Di Lucca",2017,NA,22.14,13.93,NA,NA,93.33333333,"European Environment Agency (downloaded in 2021)",NA,2022,NA
"European Region","ITA","Italy","Bagni Di Lucca",2018,NA,20.98,12.46,NA,NA,93.49315068,"European Environment Agency (downloaded in 2021)",NA,2022,NA
"European Region","ITA","Italy","Bagni Di Lucca",2019,NA,23.41,12.17,NA,NA,95.15981735,"European Environment Agency (downloaded in 2021)",NA,2022,NA
"European Region","ITA","Italy","Bari",2017,15.28,24.14,28.3,NA,NA,88.4086758,"European Environment Agency (downloaded in 2021)",NA,2022,NA
"European Region","ITA","Italy","Bari",2018,15.48,25.01,28.01,NA,NA,88.85844749,"European Environment Agency (downloaded in 2021)",NA,2022,NA
"European Region","ITA","Italy","Bari",2019,13.76,23.85,26.73,NA,NA,87.14383562,"European Environment Agency (downloaded in 2021)",NA,2022,NA
"European Region","ITA","Italy","Barletta",2017,13.24,22.62,17.77,NA,NA,89.33789954,"European Environment Agency (downloaded in 2021)",NA,2022,NA
"European Region","ITA","Italy","Barletta",2018,13.69,22.31,18.78,NA,NA,92.46575342,"European Environment Agency (downloaded in 2021)",NA,2022,NA
"European Region","ITA","Italy","Barletta",2019,11.17,21.95,19.66,NA,NA,92.26027397,"European Environment Agency (downloaded in 2021)",NA,2022,NA
"European Region","ITA","Italy","Battipaglia",2017,9.73,23.15,22.08,NA,NA,94.01826484,"European Environment Agency (downloaded in 2021)",NA,2022,NA
"European Region","ITA","Italy","Battipaglia",2018,9.76,22.37,25.97,NA,NA,89.10958904,"European Environment Agency (downloaded in 2021)",NA,2022,NA
"European Region","ITA","Italy","Battipaglia",2019,9.16,23.89,19.26,NA,NA,90.21689498,"European Environment Agency (downloaded in 2021)",NA,2022,NA
"European Region","ITA","Italy","Belluno",2017,15.32,21.24,25.87,NA,NA,95.0456621,"European Environment Agency (downloaded in 2021)",NA,2022,NA
"European Region","ITA","Italy","Belluno",2018,14.13,19.23,22.55,NA,NA,94.17237443,"European Environment Agency (downloaded in 2021)",NA,2022,NA
"European Region","ITA","Italy","Belluno",2019,13.43,19.67,22.82,NA,NA,94.97716895,"European Environment Agency (downloaded in 2021)",NA,2022,NA
"European Region","ITA","Italy","Benevento",2017,19.34,24.35,19.6,NA,NA,93.91552512,"European Environment Agency (downloaded in 2021)",NA,2022,NA
"European Region","ITA","Italy","Benevento",2018,16.39,23.28,20.64,NA,NA,86.03310503,"European Environment Agency (downloaded in 2021)",NA,2022,NA
"European Region","ITA","Italy","Benevento",2019,16.01,23,18.33,NA,NA,86.67808219,"European Environment Agency (downloaded in 2021)",NA,2022,NA
"European Region","ITA","Italy","Bergamo",2017,26.35,36.32,41.09,NA,NA,97.67123288,"European Environment Agency (downloaded in 2021)",NA,2022,NA
"European Region","ITA","Italy","Bergamo",2018,21.33,29.3,36.04,NA,NA,97.84817352,"European Environment Agency (downloaded in 2021)",NA,2022,NA
"European Region","ITA","Italy","Bergamo",2019,20.14,26.57,33.33,NA,NA,97.95091324,"European Environment Agency (downloaded in 2021)",NA,2022,NA
"European Region","ITA","Italy","Bertonico",2017,NA,35.12,26.49,NA,NA,96.32420091,"European Environment Agency (downloaded in 2021)",NA,2022,NA
"European Region","ITA","Italy","Bertonico",2018,NA,30.53,21.82,NA,NA,95.15981735,"European Environment Agency (downloaded in 2021)",NA,2022,NA
"European Region","ITA","Italy","Bertonico",2019,NA,28.79,23.54,NA,NA,98.02511416,"European Environment Agency (downloaded in 2021)",NA,2022,NA
"European Region","ITA","Italy","Biella",2017,16.04,22.3,17.22,NA,NA,92.89954338,"European Environment Agency (downloaded in 2021)",NA,2022,NA
"European Region","ITA","Italy","Biella",2018,12.83,18.25,19.55,NA,NA,97.43150685,"European Environment Agency (downloaded in 2021)",NA,2022,NA
"European Region","ITA","Italy","Biella",2019,10.3,15.44,17.88,NA,NA,97.83105023,"European Environment Agency (downloaded in 2021)",NA,2022,NA
"European Region","ITA","Italy","Bologna",2017,19.19,27.19,30.45,NA,NA,93.41324201,"European Environment Agency (downloaded in 2021)",NA,2022,NA
"European Region","ITA","Italy","Bologna",2018,16.32,24.07,31.44,NA,NA,94.50913242,"European Environment Agency (downloaded in 2021)",NA,2022,NA
"European Region","ITA","Italy","Bologna",2019,15.04,24.16,29.26,NA,NA,95.26255708,"European Environment Agency (downloaded in 2021)",NA,2022,NA
"European Region","ITA","Italy","Bolzano",2017,NA,19.07,38.62,NA,NA,97.62937595,"European Environment Agency (downloaded in 2021)",NA,2022,NA
"European Region","ITA","Italy","Bolzano",2018,NA,17.86,35.87,NA,NA,96.95966515,"European Environment Agency (downloaded in 2021)",NA,2022,NA
"European Region","ITA","Italy","Bolzano",2019,NA,15.52,34.42,NA,NA,96.92541857,"European Environment Agency (downloaded in 2021)",NA,2022,NA
"European Region","ITA","Italy","Borgaro Torinese",2017,27.46,38.17,29.96,NA,NA,93.91552511,"European Environment Agency (downloaded in 2021)",NA,2022,NA
"European Region","ITA","Italy","Borgaro Torinese",2018,22.09,30.42,29.78,NA,NA,95.26255708,"European Environment Agency (downloaded in 2021)",NA,2022,NA
"European Region","ITA","Italy","Borgaro Torinese",2019,19.28,26.04,24.92,NA,NA,98.92694064,"European Environment Agency (downloaded in 2021)",NA,2022,NA
"European Region","ITA","Italy","Borgo D'ale",2018,22.41,35.69,29.48,NA,NA,97.05479452,"European Environment Agency (downloaded in 2021)",NA,2022,NA
"European Region","ITA","Italy","Borgo Valsugana",2017,17.47,24.68,25.41,NA,NA,98.04794521,"European Environment Agency (downloaded in 2021)",NA,2022,NA
"European Region","ITA","Italy","Borgo Valsugana",2018,15.65,23.89,22.02,NA,NA,98.92694064,"European Environment Agency (downloaded in 2021)",NA,2022,NA
"European Region","ITA","Italy","Borgo Valsugana",2019,15.19,22.67,23.64,NA,NA,99.04109589,"European Environment Agency (downloaded in 2021)",NA,2022,NA
"European Region","ITA","Italy","Borgofranco Sul Po",2017,NA,35.02,14.49,NA,NA,96.80365297,"European Environment Agency (downloaded in 2021)",NA,2022,NA
"European Region","ITA","Italy","Borgofranco Sul Po",2018,NA,32.85,14.48,NA,NA,97.84246575,"European Environment Agency (downloaded in 2021)",NA,2022,NA
"European Region","ITA","Italy","Borgofranco Sul Po",2019,NA,30.44,14.14,NA,NA,94.22374429,"European Environment Agency (downloaded in 2021)",NA,2022,NA
"European Region","ITA","Italy","Borgomanero",2017,18.87,23.33,24.49,NA,NA,94.37214612,"European Environment Agency (downloaded in 2021)",NA,2022,NA
"European Region","ITA","Italy","Borgomanero",2018,14.83,20.74,24.38,NA,NA,99.49771689,"European Environment Agency (downloaded in 2021)",NA,2022,NA
"European Region","ITA","Italy","Borgomanero",2019,14.94,18.86,28.96,NA,NA,99.30365297,"European Environment Agency (downloaded in 2021)",NA,2022,NA
"European Region","ITA","Italy","Borgosesia",2017,17.9,24.16,15.56,NA,NA,94.55479452,"European Environment Agency (downloaded in 2021)",NA,2022,NA
"European Region","ITA","Italy","Borgosesia",2018,13.83,19.12,15.58,NA,NA,99.65753425,"European Environment Agency (downloaded in 2021)",NA,2022,NA
"European Region","ITA","Italy","Borgosesia",2019,13.32,18.57,15.6,NA,NA,99.60045662,"European Environment Agency (downloaded in 2021)",NA,2022,NA
"European Region","ITA","Italy","Bormio",2017,10.02,12.45,14.79,NA,NA,97.97945205,"European Environment Agency (downloaded in 2021)",NA,2022,NA
"European Region","ITA","Italy","Bormio",2018,10.76,12.86,13.56,NA,NA,99.48630137,"European Environment Agency (downloaded in 2021)",NA,2022,NA
"European Region","ITA","Italy","Bormio",2019,9.56,11.51,12.33,NA,NA,98.40182648,"European Environment Agency (downloaded in 2021)",NA,2022,NA
"European Region","ITA","Italy","Bosco Chiesanuova",2017,NA,14.96,9.33,NA,NA,95.29680365,"European Environment Agency (downloaded in 2021)",NA,2022,NA
"European Region","ITA","Italy","Bosco Chiesanuova",2018,NA,15.57,9.36,NA,NA,94.08675799,"European Environment Agency (downloaded in 2021)",NA,2022,NA
"European Region","ITA","Italy","Bosco Chiesanuova",2019,NA,15.8,7.46,NA,NA,94.98858447,"European Environment Agency (downloaded in 2021)",NA,2022,NA
"European Region","ITA","Italy","Bragno",2017,17.59,23.08,11.97,NA,NA,91.95205479,"European Environment Agency (downloaded in 2021)",NA,2022,NA
"European Region","ITA","Italy","Bragno",2018,16.31,21.76,11.94,NA,NA,95.3196347,"European Environment Agency (downloaded in 2021)",NA,2022,NA
"European Region","ITA","Italy","Bragno",2019,15.47,20.7,12.11,NA,NA,90.68493151,"European Environment Agency (downloaded in 2021)",NA,2022,NA
"European Region","ITA","Italy","Brescia",2017,26.82,37.79,45.25,NA,NA,94.00304414,"European Environment Agency (downloaded in 2021)",NA,2022,NA
"European Region","ITA","Italy","Brescia",2018,22.9,32.21,39.51,NA,NA,97.41628615,"European Environment Agency (downloaded in 2021)",NA,2022,NA
"European Region","ITA","Italy","Brescia",2019,21.55,31.14,39.65,NA,NA,95.37671233,"European Environment Agency (downloaded in 2021)",NA,2022,NA
"European Region","ITA","Italy","Bressanone",2017,NA,15.57,31.02,NA,NA,96.27853881,"European Environment Agency (downloaded in 2021)",NA,2022,NA
"European Region","ITA","Italy","Bressanone",2018,NA,17.18,28.09,NA,NA,97.32876712,"European Environment Agency (downloaded in 2021)",NA,2022,NA
"European Region","ITA","Italy","Brindisi",2017,13.53,21.83,16.87,NA,NA,90.44292237,"European Environment Agency (downloaded in 2021)",NA,2022,NA
"European Region","ITA","Italy","Brindisi",2018,13.12,21.91,15.31,NA,NA,92.14383562,"European Environment Agency (downloaded in 2021)",NA,2022,NA
"European Region","ITA","Italy","Brindisi",2019,12.41,20.67,15.38,NA,NA,92.6369863,"European Environment Agency (downloaded in 2021)",NA,2022,NA
"European Region","ITA","Italy","Brixen",2019,NA,15.42,54.44,NA,NA,98.25342466,"European Environment Agency (downloaded in 2021)",NA,2022,NA
"European Region","ITA","Italy","Brunico",2017,NA,12.96,22.18,NA,NA,99.18949772,"European Environment Agency (downloaded in 2021)",NA,2022,NA
"European Region","ITA","Italy","Brunico",2018,NA,13.03,20.45,NA,NA,98.61872146,"European Environment Agency (downloaded in 2021)",NA,2022,NA
"European Region","ITA","Italy","Brunico",2019,NA,12.44,20.6,NA,NA,98.74429224,"European Environment Agency (downloaded in 2021)",NA,2022,NA
"European Region","ITA","Italy","Busalla",2017,NA,27.1,36.39,NA,NA,89.94863014,"European Environment Agency (downloaded in 2021)",NA,2022,NA
"European Region","ITA","Italy","Busalla",2018,NA,27.44,31.68,NA,NA,93.76141553,"European Environment Agency (downloaded in 2021)",NA,2022,NA
"European Region","ITA","Italy","Busalla",2019,NA,26.03,27.46,NA,NA,95.793379,"European Environment Agency (downloaded in 2021)",NA,2022,NA
"European Region","ITA","Italy","Busto Arsizio",2017,NA,28.15,29.4,NA,NA,95.21689498,"European Environment Agency (downloaded in 2021)",NA,2022,NA
"European Region","ITA","Italy","Busto Arsizio",2018,NA,24.14,32.43,NA,NA,93.67579909,"European Environment Agency (downloaded in 2021)",NA,2022,NA
"European Region","ITA","Italy","Busto Arsizio",2019,NA,22.7,30.37,NA,NA,98.55022831,"European Environment Agency (downloaded in 2021)",NA,2022,NA
"European Region","ITA","Italy","Cagliari",2017,16.79,32.68,32.23,NA,NA,91.66666667,"European Environment Agency (downloaded in 2021)",NA,2022,NA
"European Region","ITA","Italy","Cagliari",2018,18.82,30.14,28.41,NA,NA,91.81506849,"European Environment Agency (downloaded in 2021)",NA,2022,NA
"European Region","ITA","Italy","Cagliari",2019,19.2,30.08,26.37,NA,NA,94.85159817,"European Environment Agency (downloaded in 2021)",NA,2022,NA
"European Region","ITA","Italy","Cairo Montenotte",2017,17.52,24.96,21.32,NA,NA,92.35159817,"European Environment Agency (downloaded in 2021)",NA,2022,NA
"European Region","ITA","Italy","Cairo Montenotte",2018,16.65,23.38,16.14,NA,NA,91.92351599,"European Environment Agency (downloaded in 2021)",NA,2022,NA
"European Region","ITA","Italy","Cairo Montenotte",2019,15.31,21.84,18.56,NA,NA,92.2260274,"European Environment Agency (downloaded in 2021)",NA,2022,NA
"European Region","ITA","Italy","Calusco D'adda",2017,22.94,31.23,23.89,NA,NA,98.32191781,"European Environment Agency (downloaded in 2021)",NA,2022,NA
"European Region","ITA","Italy","Calusco D'adda",2018,22.12,26.17,21.44,NA,NA,98.41324201,"European Environment Agency (downloaded in 2021)",NA,2022,NA
"European Region","ITA","Italy","Calusco D'adda",2019,17.96,23.81,21.62,NA,NA,99.12100457,"European Environment Agency (downloaded in 2021)",NA,2022,NA
"European Region","ITA","Italy","Campobasso",2018,NA,16.7,30.06,NA,NA,89.01826484,"European Environment Agency (downloaded in 2021)",NA,2022,NA
"European Region","ITA","Italy","Campomorone",2017,NA,16.39,22.72,NA,NA,94.05251142,"European Environment Agency (downloaded in 2021)",NA,2022,NA
"European Region","ITA","Italy","Campomorone",2019,NA,16.73,15.5,NA,NA,96.98630137,"European Environment Agency (downloaded in 2021)",NA,2022,NA
"European Region","ITA","Italy","Cantalupo Ligure",2017,11.7,15.84,11.42,NA,NA,94.64611872,"European Environment Agency (downloaded in 2021)",NA,2022,NA
"European Region","ITA","Italy","Cantalupo Ligure",2018,11.39,14.99,10.31,NA,NA,95.90182648,"European Environment Agency (downloaded in 2021)",NA,2022,NA
"European Region","ITA","Italy","Cantalupo Ligure",2019,9.31,12.1,9.45,NA,NA,97.37442922,"European Environment Agency (downloaded in 2021)",NA,2022,NA
"European Region","ITA","Italy","Cantu",2017,NA,29.4,26.86,NA,NA,99.70319635,"European Environment Agency (downloaded in 2021)",NA,2022,NA
"European Region","ITA","Italy","Cantu",2018,NA,25.75,25.25,NA,NA,99.7716895,"European Environment Agency (downloaded in 2021)",NA,2022,NA
"European Region","ITA","Italy","Cantu",2019,NA,22.35,26.42,NA,NA,99.01826484,"European Environment Agency (downloaded in 2021)",NA,2022,NA
"European Region","ITA","Italy","Capannori",2017,23.18,31,25.27,NA,NA,93.96118721,"European Environment Agency (downloaded in 2021)",NA,2022,NA
"European Region","ITA","Italy","Capannori",2018,22.53,29.82,22.99,NA,NA,95.06849315,"European Environment Agency (downloaded in 2021)",NA,2022,NA
"European Region","ITA","Italy","Capannori",2019,20.24,27.81,22.01,NA,NA,95.39954338,"European Environment Agency (downloaded in 2021)",NA,2022,NA
"European Region","ITA","Italy","Carbonia",2018,NA,12.94,7.23,NA,NA,95.38812785,"European Environment Agency (downloaded in 2021)",NA,2022,NA
"European Region","ITA","Italy","Carbonia",2019,NA,9.06,5.62,NA,NA,95.10273973,"European Environment Agency (downloaded in 2021)",NA,2022,NA
"European Region","ITA","Italy","Carcare",2017,NA,24.42,34.83,NA,NA,95.42237443,"European Environment Agency (downloaded in 2021)",NA,2022,NA
"European Region","ITA","Italy","Carcare",2018,NA,19.9,40.46,NA,NA,93.31050228,"European Environment Agency (downloaded in 2021)",NA,2022,NA
"European Region","ITA","Italy","Carpi",2017,NA,31.6,27.92,NA,NA,97.44292237,"European Environment Agency (downloaded in 2021)",NA,2022,NA
"European Region","ITA","Italy","Carpi",2018,NA,27.89,23.79,NA,NA,98.45890411,"European Environment Agency (downloaded in 2021)",NA,2022,NA
"European Region","ITA","Italy","Carpi",2019,NA,29.84,27.72,NA,NA,98.82420091,"European Environment Agency (downloaded in 2021)",NA,2022,NA
"European Region","ITA","Italy","Carrara",2017,NA,21.44,17.08,NA,NA,91.39269406,"European Environment Agency (downloaded in 2021)",NA,2022,NA
"European Region","ITA","Italy","Carrara",2018,NA,20.22,15.43,NA,NA,93.71004566,"European Environment Agency (downloaded in 2021)",NA,2022,NA
"European Region","ITA","Italy","Carrara",2019,NA,19.15,14.04,NA,NA,93.51598174,"European Environment Agency (downloaded in 2021)",NA,2022,NA
"European Region","ITA","Italy","Casamassima",2017,14.97,23.57,16.07,NA,NA,94.53196347,"European Environment Agency (downloaded in 2021)",NA,2022,NA
"European Region","ITA","Italy","Casamassima",2018,13.99,22.4,14.97,NA,NA,89.31506849,"European Environment Agency (downloaded in 2021)",NA,2022,NA
"European Region","ITA","Italy","Casamassima",2019,13.17,21.48,17.26,NA,NA,91.35844749,"European Environment Agency (downloaded in 2021)",NA,2022,NA
"European Region","ITA","Italy","Casarotti",2017,23.36,39.69,27.38,NA,NA,95.85616438,"European Environment Agency (downloaded in 2021)",NA,2022,NA
"European Region","ITA","Italy","Casarotti",2019,23.87,29.78,25.88,NA,NA,94.82876712,"European Environment Agency (downloaded in 2021)",NA,2022,NA
"European Region","ITA","Italy","Caserta",2017,12.49,28.68,28.35,NA,NA,91.62100457,"European Environment Agency (downloaded in 2021)",NA,2022,NA
"European Region","ITA","Italy","Caserta",2018,12.2,29.51,21.64,NA,NA,93.5673516,"European Environment Agency (downloaded in 2021)",NA,2022,NA
"European Region","ITA","Italy","Caserta",2019,13.51,27.26,21.83,NA,NA,84.30936073,"European Environment Agency (downloaded in 2021)",NA,2022,NA
"European Region","ITA","Italy","Casoria",2017,17.56,35.51,28.14,NA,NA,89.66894977,"European Environment Agency (downloaded in 2021)",NA,2022,NA
"European Region","ITA","Italy","Casoria",2018,16.82,31.55,28.96,NA,NA,79.47488584,"European Environment Agency (downloaded in 2021)",NA,2022,NA
"European Region","ITA","Italy","Casoria",2019,18.16,33.9,32.76,NA,NA,89.00684932,"European Environment Agency (downloaded in 2021)",NA,2022,NA
"European Region","ITA","Italy","Cassano D'adda",2017,NA,34.06,46.19,NA,NA,94.8173516,"European Environment Agency (downloaded in 2021)",NA,2022,NA
"European Region","ITA","Italy","Cassano D'adda",2018,NA,30.87,36.82,NA,NA,96.81506849,"European Environment Agency (downloaded in 2021)",NA,2022,NA
"European Region","ITA","Italy","Cassano D'adda",2019,NA,32.45,32.08,NA,NA,99.33789954,"European Environment Agency (downloaded in 2021)",NA,2022,NA
"European Region","ITA","Italy","Cassino",2017,18.23,25.21,38.79,NA,NA,94.40639269,"European Environment Agency (downloaded in 2021)",NA,2022,NA
"European Region","ITA","Italy","Cassino",2018,16.17,24.9,35.74,NA,NA,95.26255708,"European Environment Agency (downloaded in 2021)",NA,2022,NA
"European Region","ITA","Italy","Cassino",2019,21.22,32.03,37.39,NA,NA,94.64611872,"European Environment Agency (downloaded in 2021)",NA,2022,NA
"European Region","ITA","Italy","Castel Di Sangro",2017,8.63,12.7,11.4,NA,NA,94.7716895,"European Environment Agency (downloaded in 2021)",NA,2022,NA
"European Region","ITA","Italy","Castel Di Sangro",2018,7.42,11.14,11.1,NA,NA,100,"European Environment Agency (downloaded in 2021)",NA,2022,NA
"European Region","ITA","Italy","Castel Di Sangro",2019,8.3,13.17,23.68,NA,NA,90.69634703,"European Environment Agency (downloaded in 2021)",NA,2022,NA
"European Region","ITA","Italy","Castellarano",2017,22.79,31.62,21.26,NA,NA,98.60730594,"European Environment Agency (downloaded in 2021)",NA,2022,NA
"European Region","ITA","Italy","Castellarano",2018,18.76,25.93,18.63,NA,NA,95.82191781,"European Environment Agency (downloaded in 2021)",NA,2022,NA
"European Region","ITA","Italy","Castellarano",2019,17.84,23.89,17.33,NA,NA,97.38584475,"European Environment Agency (downloaded in 2021)",NA,2022,NA
"European Region","ITA","Italy","Castelluccio",2017,6.07,10.09,2.19,NA,NA,90.26255708,"European Environment Agency (downloaded in 2021)",NA,2022,NA
"European Region","ITA","Italy","Castelluccio",2018,6.12,10.21,3.7,NA,NA,89.543379,"European Environment Agency (downloaded in 2021)",NA,2022,NA
"European Region","ITA","Italy","Castelluccio",2019,5.86,9.97,5.75,NA,NA,88.72146119,"European Environment Agency (downloaded in 2021)",NA,2022,NA
"European Region","ITA","Italy","Castions Delle Mura",2017,NA,24.6,13.56,NA,NA,93.75570776,"European Environment Agency (downloaded in 2021)",NA,2022,NA
"European Region","ITA","Italy","Castions Delle Mura",2018,NA,22.09,14.64,NA,NA,90.2283105,"European Environment Agency (downloaded in 2021)",NA,2022,NA
"European Region","ITA","Italy","Castions Delle Mura",2019,NA,23.11,14.9,NA,NA,89.78310502,"European Environment Agency (downloaded in 2021)",NA,2022,NA
"European Region","ITA","Italy","Catania",2017,NA,24.56,32.93,NA,NA,89.03538813,"European Environment Agency (downloaded in 2021)",NA,2022,NA
"European Region","ITA","Italy","Catania",2018,NA,24.46,32.64,NA,NA,84.69178082,"European Environment Agency (downloaded in 2021)",NA,2022,NA
"European Region","ITA","Italy","Catanzaro",2017,10.79,18.95,20.12,NA,NA,90.85045663,"European Environment Agency (downloaded in 2021)",NA,2022,NA
"European Region","ITA","Italy","Catanzaro",2018,10.48,21.35,16.06,NA,NA,91.43835617,"European Environment Agency (downloaded in 2021)",NA,2022,NA
"European Region","ITA","Italy","Catanzaro",2019,9.64,19.9,15.62,NA,NA,93.60159817,"European Environment Agency (downloaded in 2021)",NA,2022,NA
"European Region","ITA","Italy","Cava De' Tirreni",2017,14.8,26.63,24.67,NA,NA,94.45205479,"European Environment Agency (downloaded in 2021)",NA,2022,NA
"European Region","ITA","Italy","Cava De' Tirreni",2018,14.08,29.7,25.48,NA,NA,93.03652968,"European Environment Agency (downloaded in 2021)",NA,2022,NA
"European Region","ITA","Italy","Cava De' Tirreni",2019,13.53,25.71,30.96,NA,NA,90.11415525,"European Environment Agency (downloaded in 2021)",NA,2022,NA
"European Region","ITA","Italy","Ceccano",2017,NA,40.49,29.81,NA,NA,95.69634703,"European Environment Agency (downloaded in 2021)",NA,2022,NA
"European Region","ITA","Italy","Ceccano",2018,NA,37.3,29.41,NA,NA,95.25114155,"European Environment Agency (downloaded in 2021)",NA,2022,NA
"European Region","ITA","Italy","Ceccano",2019,NA,36.02,30.12,NA,NA,95.12557078,"European Environment Agency (downloaded in 2021)",NA,2022,NA
"European Region","ITA","Italy","Ceglie Messapica",2018,17.15,24.87,14.06,NA,NA,93.82420091,"European Environment Agency (downloaded in 2021)",NA,2022,NA
"European Region","ITA","Italy","Ceglie Messapica",2019,15.95,22.23,14.33,NA,NA,94.45205479,"European Environment Agency (downloaded in 2021)",NA,2022,NA
"European Region","ITA","Italy","Cengio",2017,10.67,14.94,6.65,NA,NA,94.45205479,"European Environment Agency (downloaded in 2021)",NA,2022,NA
"European Region","ITA","Italy","Cengio",2018,11.11,15.66,9.43,NA,NA,91.36986301,"European Environment Agency (downloaded in 2021)",NA,2022,NA
"European Region","ITA","Italy","Cengio",2019,8.69,12.93,7.3,NA,NA,92.9109589,"European Environment Agency (downloaded in 2021)",NA,2022,NA
"European Region","ITA","Italy","Cento",2017,NA,31.72,22.3,NA,NA,93.98401826,"European Environment Agency (downloaded in 2021)",NA,2022,NA
"European Region","ITA","Italy","Cento",2018,NA,26.68,20.87,NA,NA,96.34703196,"European Environment Agency (downloaded in 2021)",NA,2022,NA
"European Region","ITA","Italy","Cento",2019,NA,26.83,20.19,NA,NA,95.28538813,"European Environment Agency (downloaded in 2021)",NA,2022,NA
"European Region","ITA","Italy","Cerano",2017,NA,32.85,36.49,NA,NA,93.18493151,"European Environment Agency (downloaded in 2021)",NA,2022,NA
"European Region","ITA","Italy","Cerano",2018,NA,26.44,25.42,NA,NA,99.30365297,"European Environment Agency (downloaded in 2021)",NA,2022,NA
"European Region","ITA","Italy","Cerano",2019,NA,27.31,24.91,NA,NA,99.40639269,"European Environment Agency (downloaded in 2021)",NA,2022,NA
"European Region","ITA","Italy","Cervia",2017,NA,25.7,14.58,NA,NA,97.23744292,"European Environment Agency (downloaded in 2021)",NA,2022,NA
"European Region","ITA","Italy","Cervia",2018,NA,25.34,13.83,NA,NA,98.59589041,"European Environment Agency (downloaded in 2021)",NA,2022,NA
"European Region","ITA","Italy","Cervia",2019,NA,26.35,13.71,NA,NA,98.60730594,"European Environment Agency (downloaded in 2021)",NA,2022,NA
"European Region","ITA","Italy","Cesena",2017,NA,24.16,15.67,NA,NA,91.68949772,"European Environment Agency (downloaded in 2021)",NA,2022,NA
"European Region","ITA","Italy","Cesena",2018,NA,23.89,23.99,NA,NA,95.85616438,"European Environment Agency (downloaded in 2021)",NA,2022,NA
"European Region","ITA","Italy","Cesena",2019,NA,25.05,23.23,NA,NA,96.07305936,"European Environment Agency (downloaded in 2021)",NA,2022,NA
"European Region","ITA","Italy","Chiaravalle",2017,12.28,23.52,26.17,NA,NA,94.89726027,"European Environment Agency (downloaded in 2021)",NA,2022,NA
"European Region","ITA","Italy","Chiaravalle",2018,13.19,25.68,29.45,NA,NA,90.03424658,"European Environment Agency (downloaded in 2021)",NA,2022,NA
"European Region","ITA","Italy","Chiaravalle",2019,14.16,26.43,27.19,NA,NA,94.65753425,"European Environment Agency (downloaded in 2021)",NA,2022,NA
"European Region","ITA","Italy","Chiavari",2017,NA,23.65,20.77,NA,NA,94.69178082,"European Environment Agency (downloaded in 2021)",NA,2022,NA
"European Region","ITA","Italy","Chiavari",2018,NA,21.63,20.07,NA,NA,89.7260274,"European Environment Agency (downloaded in 2021)",NA,2022,NA
"European Region","ITA","Italy","Chiavari",2019,NA,17.16,16.58,NA,NA,91.57534247,"European Environment Agency (downloaded in 2021)",NA,2022,NA
"European Region","ITA","Italy","Chieti",2017,15.03,21.71,18.58,NA,NA,96.54109589,"European Environment Agency (downloaded in 2021)",NA,2022,NA
"European Region","ITA","Italy","Chieti",2018,15.08,21.5,7.81,NA,NA,100,"European Environment Agency (downloaded in 2021)",NA,2022,NA
"European Region","ITA","Italy","Chieti",2019,13.73,18.23,18.79,NA,NA,81.10730594,"European Environment Agency (downloaded in 2021)",NA,2022,NA
"European Region","ITA","Italy","Chiusi Della Verna",2017,NA,10.18,2.42,NA,NA,94.12100457,"European Environment Agency (downloaded in 2021)",NA,2022,NA
"European Region","ITA","Italy","Chiusi Della Verna",2018,NA,10.77,1.56,NA,NA,94.85159817,"European Environment Agency (downloaded in 2021)",NA,2022,NA
"European Region","ITA","Italy","Chiusi Della Verna",2019,NA,10.11,1.63,NA,NA,94.7260274,"European Environment Agency (downloaded in 2021)",NA,2022,NA
"European Region","ITA","Italy","Ciampino",2017,NA,27.6,37.1,NA,NA,94.8173516,"European Environment Agency (downloaded in 2021)",NA,2022,NA
"European Region","ITA","Italy","Ciampino",2018,NA,26.86,32.42,NA,NA,94.17808219,"European Environment Agency (downloaded in 2021)",NA,2022,NA
"European Region","ITA","Italy","Ciampino",2019,NA,26.12,29.44,NA,NA,93.45890411,"European Environment Agency (downloaded in 2021)",NA,2022,NA
"European Region","ITA","Italy","Ciconia",2017,10.2,16.84,8.29,NA,NA,95.65068493,"European Environment Agency (downloaded in 2021)",NA,2022,NA
"European Region","ITA","Italy","Ciconia",2018,10.67,17.29,6.62,NA,NA,94.85159817,"European Environment Agency (downloaded in 2021)",NA,2022,NA
"European Region","ITA","Italy","Ciconia",2019,9.64,15.55,6.92,NA,NA,95.75342466,"European Environment Agency (downloaded in 2021)",NA,2022,NA
"European Region","ITA","Italy","Cisternino",2018,NA,17.96,7.24,NA,NA,86.00456621,"European Environment Agency (downloaded in 2021)",NA,2022,NA
"European Region","ITA","Italy","Cisternino",2019,NA,14.95,6.9,NA,NA,96.26712329,"European Environment Agency (downloaded in 2021)",NA,2022,NA
"European Region","ITA","Italy","Citta Di Castello",2017,16.89,22.94,15.33,NA,NA,93.94977169,"European Environment Agency (downloaded in 2021)",NA,2022,NA
"European Region","ITA","Italy","Citta Di Castello",2018,18.14,25.25,13.98,NA,NA,93.94977169,"European Environment Agency (downloaded in 2021)",NA,2022,NA
"European Region","ITA","Italy","Citta Di Castello",2019,18.47,25.59,13.44,NA,NA,96.70091324,"European Environment Agency (downloaded in 2021)",NA,2022,NA
"European Region","ITA","Italy","Civita Castellana",2017,NA,19.61,15.36,NA,NA,92.69406393,"European Environment Agency (downloaded in 2021)",NA,2022,NA
"European Region","ITA","Italy","Civita Castellana",2018,NA,19.45,15.74,NA,NA,93.90410959,"European Environment Agency (downloaded in 2021)",NA,2022,NA
"European Region","ITA","Italy","Civita Castellana",2019,NA,19.04,12.14,NA,NA,94.14383562,"European Environment Agency (downloaded in 2021)",NA,2022,NA
"European Region","ITA","Italy","Civitanova Marche",2018,10.67,17.14,7.67,NA,NA,88.61872146,"European Environment Agency (downloaded in 2021)",NA,2022,NA
"European Region","ITA","Italy","Civitanova Marche",2019,10.37,15.43,7,NA,NA,88.60730594,"European Environment Agency (downloaded in 2021)",NA,2022,NA
"European Region","ITA","Italy","Civitavecchia",2017,8.46,18.85,23.09,NA,NA,95.08219178,"European Environment Agency (downloaded in 2021)",NA,2022,NA
"European Region","ITA","Italy","Civitavecchia",2018,9.01,18.44,17.51,NA,NA,95.1369863,"European Environment Agency (downloaded in 2021)",NA,2022,NA
"European Region","ITA","Italy","Civitavecchia",2019,8.68,18.28,18.23,NA,NA,93.46144089,"European Environment Agency (downloaded in 2021)",NA,2022,NA
"European Region","ITA","Italy","Codogno",2017,NA,38.39,34.88,NA,NA,91.15296804,"European Environment Agency (downloaded in 2021)",NA,2022,NA
"European Region","ITA","Italy","Codogno",2018,NA,35.16,33.66,NA,NA,97.94520548,"European Environment Agency (downloaded in 2021)",NA,2022,NA
"European Region","ITA","Italy","Codogno",2019,NA,35.96,30.94,NA,NA,97.89954338,"European Environment Agency (downloaded in 2021)",NA,2022,NA
"European Region","ITA","Italy","Colleferro",2017,NA,28.01,31.28,NA,NA,93.71575343,"European Environment Agency (downloaded in 2021)",NA,2022,NA
"European Region","ITA","Italy","Colleferro",2018,NA,27.18,28.71,NA,NA,91.63242009,"European Environment Agency (downloaded in 2021)",NA,2022,NA
"European Region","ITA","Italy","Colleferro",2019,20.19,24.22,26.07,NA,NA,93.94977169,"European Environment Agency (downloaded in 2021)",NA,2022,NA
"European Region","ITA","Italy","Colorno",2017,NA,33.12,21.02,NA,NA,93.45890411,"European Environment Agency (downloaded in 2021)",NA,2022,NA
"European Region","ITA","Italy","Colorno",2018,NA,27.55,17.6,NA,NA,96.62100457,"European Environment Agency (downloaded in 2021)",NA,2022,NA
"European Region","ITA","Italy","Colorno",2019,NA,27.87,16.38,NA,NA,98.19634703,"European Environment Agency (downloaded in 2021)",NA,2022,NA
"European Region","ITA","Italy","Como",2017,26.72,34.34,49.42,NA,NA,98.19634703,"European Environment Agency (downloaded in 2021)",NA,2022,NA
"European Region","ITA","Italy","Como",2018,23.23,28.7,43.51,NA,NA,98.90410959,"European Environment Agency (downloaded in 2021)",NA,2022,NA
"European Region","ITA","Italy","Como",2019,19.78,25.93,39.94,NA,NA,97.85388128,"European Environment Agency (downloaded in 2021)",NA,2022,NA
"European Region","ITA","Italy","Conegliano",2017,21.79,27.48,22.38,NA,NA,94.8173516,"European Environment Agency (downloaded in 2021)",NA,2022,NA
"European Region","ITA","Italy","Conegliano",2018,20.92,23.3,20.53,NA,NA,94.26940639,"European Environment Agency (downloaded in 2021)",NA,2022,NA
"European Region","ITA","Italy","Conegliano",2019,19.44,23.57,21.69,NA,NA,94.80593607,"European Environment Agency (downloaded in 2021)",NA,2022,NA
"European Region","ITA","Italy","Corigliano Calabro",2017,NA,23.12,10.84,NA,NA,89.47488584,"European Environment Agency (downloaded in 2021)",NA,2022,NA
"European Region","ITA","Italy","Corigliano Calabro",2018,NA,22.12,10.73,NA,NA,95.34246575,"European Environment Agency (downloaded in 2021)",NA,2022,NA
"European Region","ITA","Italy","Corigliano Calabro",2019,NA,21.83,10.24,NA,NA,87.89954338,"European Environment Agency (downloaded in 2021)",NA,2022,NA
"European Region","ITA","Italy","Corte Brugnatella",2017,NA,11.5,5.09,NA,NA,93.10502283,"European Environment Agency (downloaded in 2021)",NA,2022,NA
"European Region","ITA","Italy","Corte Brugnatella",2018,NA,11.1,4.56,NA,NA,92.69406393,"European Environment Agency (downloaded in 2021)",NA,2022,NA
"European Region","ITA","Italy","Corte Brugnatella",2019,NA,10.09,3.53,NA,NA,93.64155251,"European Environment Agency (downloaded in 2021)",NA,2022,NA
"European Region","ITA","Italy","Cosenza",2017,13.72,19.99,23.64,NA,NA,88.26484018,"European Environment Agency (downloaded in 2021)",NA,2022,NA
"European Region","ITA","Italy","Cosenza",2018,12.75,22.79,24.92,NA,NA,94.41780822,"European Environment Agency (downloaded in 2021)",NA,2022,NA
"European Region","ITA","Italy","Cosenza",2019,12.5,21.56,20.34,NA,NA,94.52054795,"European Environment Agency (downloaded in 2021)",NA,2022,NA
"European Region","ITA","Italy","Cossato",2017,NA,26.25,21.29,NA,NA,96.56392694,"European Environment Agency (downloaded in 2021)",NA,2022,NA
"European Region","ITA","Italy","Cossato",2018,NA,21.5,16.4,NA,NA,93.98401826,"European Environment Agency (downloaded in 2021)",NA,2022,NA
"European Region","ITA","Italy","Cossato",2019,NA,19.91,17.79,NA,NA,95.10273973,"European Environment Agency (downloaded in 2021)",NA,2022,NA
"European Region","ITA","Italy","Crema",2017,NA,39.6,31.28,NA,NA,99.78310502,"European Environment Agency (downloaded in 2021)",NA,2022,NA
"European Region","ITA","Italy","Crema",2018,NA,33.35,25.82,NA,NA,98.49315068,"European Environment Agency (downloaded in 2021)",NA,2022,NA
"European Region","ITA","Italy","Crema",2019,NA,33.57,27.61,NA,NA,96.51826484,"European Environment Agency (downloaded in 2021)",NA,2022,NA
"European Region","ITA","Italy","Cremona",2017,28.94,41.46,37.15,NA,NA,98.47031964,"European Environment Agency (downloaded in 2021)",NA,2022,NA
"European Region","ITA","Italy","Cremona",2018,23.39,33.37,29.38,NA,NA,96.82648402,"European Environment Agency (downloaded in 2021)",NA,2022,NA
"European Region","ITA","Italy","Cremona",2019,23.27,34.05,30.56,NA,NA,99.54908676,"European Environment Agency (downloaded in 2021)",NA,2022,NA
"European Region","ITA","Italy","Crotone",2017,16.1,26.07,27.32,NA,NA,97.5913242,"European Environment Agency (downloaded in 2021)",NA,2022,NA
"European Region","ITA","Italy","Crotone",2018,13.99,27.16,24.57,NA,NA,95,"European Environment Agency (downloaded in 2021)",NA,2022,NA
"European Region","ITA","Italy","Crotone",2019,12.07,24.2,30.73,NA,NA,92.03767123,"European Environment Agency (downloaded in 2021)",NA,2022,NA
"European Region","ITA","Italy","Cuneo",2017,19.32,25.9,26.37,NA,NA,98.92694064,"European Environment Agency (downloaded in 2021)",NA,2022,NA
"European Region","ITA","Italy","Cuneo",2018,15.13,21,22.55,NA,NA,95.2739726,"European Environment Agency (downloaded in 2021)",NA,2022,NA
"European Region","ITA","Italy","Cuneo",2019,13.4,17.34,22.68,NA,NA,95.2283105,"European Environment Agency (downloaded in 2021)",NA,2022,NA
"European Region","ITA","Italy","Dalmine",2017,28.36,33.83,32.46,NA,NA,99.79452055,"European Environment Agency (downloaded in 2021)",NA,2022,NA
"European Region","ITA","Italy","Dalmine",2018,24.27,30.42,24.5,NA,NA,97.15753425,"European Environment Agency (downloaded in 2021)",NA,2022,NA
"European Region","ITA","Italy","Dalmine",2019,23.42,28.8,29.21,NA,NA,98.00228311,"European Environment Agency (downloaded in 2021)",NA,2022,NA
"European Region","ITA","Italy","Darfo Boario Terme",2017,26.52,33.78,32.54,NA,NA,93.59589041,"European Environment Agency (downloaded in 2021)",NA,2022,NA
"European Region","ITA","Italy","Darfo Boario Terme",2018,23.74,30.1,27.96,NA,NA,93.78995434,"European Environment Agency (downloaded in 2021)",NA,2022,NA
"European Region","ITA","Italy","Darfo Boario Terme",2019,22.81,30.05,26.49,NA,NA,95.34246575,"European Environment Agency (downloaded in 2021)",NA,2022,NA
"European Region","ITA","Italy","Doberdo Del Lago",2017,NA,14.5,9.08,NA,NA,85.84474886,"European Environment Agency (downloaded in 2021)",NA,2022,NA
"European Region","ITA","Italy","Doberdo Del Lago",2018,NA,14.93,7.39,NA,NA,88.90410959,"European Environment Agency (downloaded in 2021)",NA,2022,NA
"European Region","ITA","Italy","Doberdo Del Lago",2019,NA,14.57,6.68,NA,NA,91.38127854,"European Environment Agency (downloaded in 2021)",NA,2022,NA
"European Region","ITA","Italy","Domodossola",2017,18.03,27.35,15.67,NA,NA,96.68949772,"European Environment Agency (downloaded in 2021)",NA,2022,NA
"European Region","ITA","Italy","Domodossola",2018,13.92,20.37,15.57,NA,NA,98.83561644,"European Environment Agency (downloaded in 2021)",NA,2022,NA
"European Region","ITA","Italy","Domodossola",2019,13.63,21.67,20.17,NA,NA,98.77853881,"European Environment Agency (downloaded in 2021)",NA,2022,NA
"European Region","ITA","Italy","Donnas",2017,NA,18.64,14.73,NA,NA,99.09817352,"European Environment Agency (downloaded in 2021)",NA,2022,NA
"European Region","ITA","Italy","Donnas",2018,NA,15.51,12.97,NA,NA,99.31506849,"European Environment Agency (downloaded in 2021)",NA,2022,NA
"European Region","ITA","Italy","Donnas",2019,NA,13.29,11.59,NA,NA,99.40639269,"European Environment Agency (downloaded in 2021)",NA,2022,NA
"European Region","ITA","Italy","Druento",2017,NA,26.68,12.29,NA,NA,92.93378995,"European Environment Agency (downloaded in 2021)",NA,2022,NA
"European Region","ITA","Italy","Druento",2018,NA,21.7,11.7,NA,NA,99.42922374,"European Environment Agency (downloaded in 2021)",NA,2022,NA
"European Region","ITA","Italy","Druento",2019,NA,19.2,11.26,NA,NA,97.06621005,"European Environment Agency (downloaded in 2021)",NA,2022,NA
"European Region","ITA","Italy","Enna",2017,NA,14.26,4.2,NA,NA,93.85844749,"European Environment Agency (downloaded in 2021)",NA,2022,NA
"European Region","ITA","Italy","Enna",2018,7.93,14.74,3.19,NA,NA,93.47031963,"European Environment Agency (downloaded in 2021)",NA,2022,NA
"European Region","ITA","Italy","Enna",2019,8.43,16.98,5.53,NA,NA,96.24429224,"European Environment Agency (downloaded in 2021)",NA,2022,NA
"European Region","ITA","Italy","Erba",2017,NA,19.95,26.39,NA,NA,99.37214612,"European Environment Agency (downloaded in 2021)",NA,2022,NA
"European Region","ITA","Italy","Erba",2018,NA,23.33,21.9,NA,NA,98.21917808,"European Environment Agency (downloaded in 2021)",NA,2022,NA
"European Region","ITA","Italy","Erba",2019,NA,20.68,20.52,NA,NA,99.15525114,"European Environment Agency (downloaded in 2021)",NA,2022,NA
"European Region","ITA","Italy","Este",2017,22.33,32.75,27.88,NA,NA,94.87442922,"European Environment Agency (downloaded in 2021)",NA,2022,NA
"European Region","ITA","Italy","Este",2018,18.78,31.99,22.87,NA,NA,94.21232877,"European Environment Agency (downloaded in 2021)",NA,2022,NA
"European Region","ITA","Italy","Este",2019,18.79,28.31,23.31,NA,NA,94.8630137,"European Environment Agency (downloaded in 2021)",NA,2022,NA
"European Region","ITA","Italy","Faenza",2017,16.16,23.8,19.9,NA,NA,94.69178082,"European Environment Agency (downloaded in 2021)",NA,2022,NA
"European Region","ITA","Italy","Faenza",2018,15.08,22.38,16.21,NA,NA,95.3652968,"European Environment Agency (downloaded in 2021)",NA,2022,NA
"European Region","ITA","Italy","Faenza",2019,15.38,23.83,15.49,NA,NA,98.88127854,"European Environment Agency (downloaded in 2021)",NA,2022,NA
"European Region","ITA","Italy","Falconara Marittima",2017,13.2,24.44,27.02,NA,NA,92.8196347,"European Environment Agency (downloaded in 2021)",NA,2022,NA
"European Region","ITA","Italy","Falconara Marittima",2018,14.12,24.76,27.2,NA,NA,97.67123288,"European Environment Agency (downloaded in 2021)",NA,2022,NA
"European Region","ITA","Italy","Falconara Marittima",2019,15.14,23.95,28.47,NA,NA,97.65981735,"European Environment Agency (downloaded in 2021)",NA,2022,NA
"European Region","ITA","Italy","Fano",2017,NA,28.97,32.23,NA,NA,93.47031963,"European Environment Agency (downloaded in 2021)",NA,2022,NA
"European Region","ITA","Italy","Fano",2018,NA,29.95,26.84,NA,NA,80.73059361,"European Environment Agency (downloaded in 2021)",NA,2022,NA
"European Region","ITA","Italy","Fano",2019,NA,29.46,28.46,NA,NA,94.69178082,"European Environment Agency (downloaded in 2021)",NA,2022,NA
"European Region","ITA","Italy","Febbio",2017,NA,9.83,3.89,NA,NA,93.85844749,"European Environment Agency (downloaded in 2021)",NA,2022,NA
"European Region","ITA","Italy","Febbio",2018,NA,11.01,3.81,NA,NA,93.17351598,"European Environment Agency (downloaded in 2021)",NA,2022,NA
"European Region","ITA","Italy","Febbio",2019,NA,9.63,3.92,NA,NA,98.49315068,"European Environment Agency (downloaded in 2021)",NA,2022,NA
"European Region","ITA","Italy","Feltre",2017,20.67,26.18,12.57,NA,NA,95.67351598,"European Environment Agency (downloaded in 2021)",NA,2022,NA
"European Region","ITA","Italy","Feltre",2018,18.18,23.4,11.59,NA,NA,94.98858447,"European Environment Agency (downloaded in 2021)",NA,2022,NA
"European Region","ITA","Italy","Feltre",2019,18.21,22.73,12.85,NA,NA,95.53652968,"European Environment Agency (downloaded in 2021)",NA,2022,NA
"European Region","ITA","Italy","Ferentino",2017,NA,23.54,18.78,NA,NA,94.85159817,"European Environment Agency (downloaded in 2021)",NA,2022,NA
"European Region","ITA","Italy","Ferentino",2018,NA,25.64,16.68,NA,NA,95.44520548,"European Environment Agency (downloaded in 2021)",NA,2022,NA
"European Region","ITA","Italy","Ferno",2017,NA,30.52,28.05,NA,NA,99.47488584,"European Environment Agency (downloaded in 2021)",NA,2022,NA
"European Region","ITA","Italy","Ferno",2018,NA,26.09,25.83,NA,NA,98.32191781,"European Environment Agency (downloaded in 2021)",NA,2022,NA
"European Region","ITA","Italy","Ferno",2019,NA,24.05,23.39,NA,NA,99.30365297,"European Environment Agency (downloaded in 2021)",NA,2022,NA
"European Region","ITA","Italy","Ferrara",2017,19.88,31.46,30.48,NA,NA,93.71575343,"European Environment Agency (downloaded in 2021)",NA,2022,NA
"European Region","ITA","Italy","Ferrara",2018,16.66,27.84,28.19,NA,NA,97.14041096,"European Environment Agency (downloaded in 2021)",NA,2022,NA
"European Region","ITA","Italy","Ferrara",2019,17.11,29.14,27.44,NA,NA,99.37214612,"European Environment Agency (downloaded in 2021)",NA,2022,NA
"European Region","ITA","Italy","Figline E Incisa Valdarno",2017,NA,25.25,22.24,NA,NA,88.12785388,"European Environment Agency (downloaded in 2021)",NA,2022,NA
"European Region","ITA","Italy","Figline E Incisa Valdarno",2018,NA,24.6,20.03,NA,NA,94.36073059,"European Environment Agency (downloaded in 2021)",NA,2022,NA
"European Region","ITA","Italy","Figline E Incisa Valdarno",2019,NA,20.28,18.08,NA,NA,94.87442922,"European Environment Agency (downloaded in 2021)",NA,2022,NA
"European Region","ITA","Italy","Filago",2017,NA,35.04,21.08,NA,NA,94.42922374,"European Environment Agency (downloaded in 2021)",NA,2022,NA
"European Region","ITA","Italy","Filago",2018,NA,30.01,23.5,NA,NA,92.23744292,"European Environment Agency (downloaded in 2021)",NA,2022,NA
"European Region","ITA","Italy","Filago",2019,NA,30.64,20.72,NA,NA,98.47031963,"European Environment Agency (downloaded in 2021)",NA,2022,NA
"European Region","ITA","Italy","Fiorano Modenese",2017,NA,35.01,45.12,NA,NA,98.51598174,"European Environment Agency (downloaded in 2021)",NA,2022,NA
"European Region","ITA","Italy","Fiorano Modenese",2018,NA,31.46,44.9,NA,NA,97.1347032,"European Environment Agency (downloaded in 2021)",NA,2022,NA
"European Region","ITA","Italy","Fiorano Modenese",2019,NA,32.72,42.84,NA,NA,97.60273973,"European Environment Agency (downloaded in 2021)",NA,2022,NA
"European Region","ITA","Italy","Firenze",2017,14.81,22.13,43.39,NA,NA,94.41780822,"European Environment Agency (downloaded in 2021)",NA,2022,NA
"European Region","ITA","Italy","Firenze",2018,14.38,22.87,39.88,NA,NA,94.17047184,"European Environment Agency (downloaded in 2021)",NA,2022,NA
"European Region","ITA","Italy","Firenze",2019,13.66,21.12,37.59,NA,NA,93.63394216,"European Environment Agency (downloaded in 2021)",NA,2022,NA
"European Region","ITA","Italy","Firmo",2017,NA,16.81,8.34,NA,NA,98.08219178,"European Environment Agency (downloaded in 2021)",NA,2022,NA
"European Region","ITA","Italy","Firmo",2018,NA,22.6,5.56,NA,NA,94.34931507,"European Environment Agency (downloaded in 2021)",NA,2022,NA
"European Region","ITA","Italy","Firmo",2019,NA,25.32,6.16,NA,NA,96.88356164,"European Environment Agency (downloaded in 2021)",NA,2022,NA
"European Region","ITA","Italy","Fiumicino",2018,NA,20.36,23.76,NA,NA,95.32534247,"European Environment Agency (downloaded in 2021)",NA,2022,NA
"European Region","ITA","Italy","Fiumicino",2019,11.42,19.41,23.55,NA,NA,93.21347032,"European Environment Agency (downloaded in 2021)",NA,2022,NA
"European Region","ITA","Italy","Foggia",2017,14.01,22.42,22.74,NA,NA,90.73059361,"European Environment Agency (downloaded in 2021)",NA,2022,NA
"European Region","ITA","Italy","Foggia",2018,13.37,22.22,22.28,NA,NA,85.75342466,"European Environment Agency (downloaded in 2021)",NA,2022,NA
"European Region","ITA","Italy","Foggia",2019,13.07,22.53,20.21,NA,NA,92.1803653,"European Environment Agency (downloaded in 2021)",NA,2022,NA
"European Region","ITA","Italy","Foligno",2017,14.88,21.3,36.5,NA,NA,94.73744292,"European Environment Agency (downloaded in 2021)",NA,2022,NA
"European Region","ITA","Italy","Foligno",2018,17.97,24.7,33.11,NA,NA,94.01826484,"European Environment Agency (downloaded in 2021)",NA,2022,NA
"European Region","ITA","Italy","Foligno",2019,16.06,23.65,21.18,NA,NA,95.73059361,"European Environment Agency (downloaded in 2021)",NA,2022,NA
"European Region","ITA","Italy","Fontanebianche",2017,NA,36.28,25.94,NA,NA,90.47945205,"European Environment Agency (downloaded in 2021)",NA,2022,NA
"European Region","ITA","Italy","Fontanebianche",2018,NA,32.25,21.16,NA,NA,93.63013699,"European Environment Agency (downloaded in 2021)",NA,2022,NA
"European Region","ITA","Italy","Fontanebianche",2019,NA,32.88,22.75,NA,NA,94.06392694,"European Environment Agency (downloaded in 2021)",NA,2022,NA
"European Region","ITA","Italy","Fontechiari",2017,12,16.62,5.77,NA,NA,94.28082192,"European Environment Agency (downloaded in 2021)",NA,2022,NA
"European Region","ITA","Italy","Fontechiari",2018,11.39,16.59,5.65,NA,NA,93.97260274,"European Environment Agency (downloaded in 2021)",NA,2022,NA
"European Region","ITA","Italy","Fontechiari",2019,10.67,15.8,5.63,NA,NA,94.93150685,"European Environment Agency (downloaded in 2021)",NA,2022,NA
"European Region","ITA","Italy","Forli",2017,17.81,25.07,25.15,NA,NA,91.68949772,"European Environment Agency (downloaded in 2021)",NA,2022,NA
"European Region","ITA","Italy","Forli",2018,15.84,24.23,24.52,NA,NA,91.17009133,"European Environment Agency (downloaded in 2021)",NA,2022,NA
"European Region","ITA","Italy","Forli",2019,14.2,24.57,24.87,NA,NA,93.04223745,"European Environment Agency (downloaded in 2021)",NA,2022,NA
"European Region","ITA","Italy","Francavilla Al Mare",2017,12.43,19.01,16.32,NA,NA,93.34474886,"European Environment Agency (downloaded in 2021)",NA,2022,NA
"European Region","ITA","Italy","Francavilla Al Mare",2018,12.81,19.07,7.79,NA,NA,100,"European Environment Agency (downloaded in 2021)",NA,2022,NA
"European Region","ITA","Italy","Francavilla Al Mare",2019,11.16,18.12,13.54,NA,NA,93.60730594,"European Environment Agency (downloaded in 2021)",NA,2022,NA
"European Region","ITA","Italy","Francavilla Fontana",2017,NA,37.35,19.44,NA,NA,90.95890411,"European Environment Agency (downloaded in 2021)",NA,2022,NA
"European Region","ITA","Italy","Frosinone",2017,17.25,32.14,34.25,NA,NA,93.80136987,"European Environment Agency (downloaded in 2021)",NA,2022,NA
"European Region","ITA","Italy","Frosinone",2018,19.31,33.19,34.49,NA,NA,94.0239726,"European Environment Agency (downloaded in 2021)",NA,2022,NA
"European Region","ITA","Italy","Frosinone",2019,16.97,28.92,31.68,NA,NA,94.61757991,"European Environment Agency (downloaded in 2021)",NA,2022,NA
"European Region","ITA","Italy","Gaeta",2017,NA,22.34,28.64,NA,NA,89.39497717,"European Environment Agency (downloaded in 2021)",NA,2022,NA
"European Region","ITA","Italy","Gaeta",2018,NA,23.81,27.74,NA,NA,94.18949772,"European Environment Agency (downloaded in 2021)",NA,2022,NA
"European Region","ITA","Italy","Gaeta",2019,NA,23.77,23.35,NA,NA,93.28767123,"European Environment Agency (downloaded in 2021)",NA,2022,NA
"European Region","ITA","Italy","Garna",2017,NA,12.86,6.36,NA,NA,95.63926941,"European Environment Agency (downloaded in 2021)",NA,2022,NA
"European Region","ITA","Italy","Garna",2018,NA,11.79,5.78,NA,NA,95.60502283,"European Environment Agency (downloaded in 2021)",NA,2022,NA
"European Region","ITA","Italy","Garna",2019,NA,12.61,5.6,NA,NA,95.25114155,"European Environment Agency (downloaded in 2021)",NA,2022,NA
"European Region","ITA","Italy","Gavello",2017,21.34,30.55,12.82,NA,NA,94.47488584,"European Environment Agency (downloaded in 2021)",NA,2022,NA
"European Region","ITA","Italy","Gavello",2018,17.31,25.39,15.09,NA,NA,92.956621,"European Environment Agency (downloaded in 2021)",NA,2022,NA
"European Region","ITA","Italy","Gavello",2019,19.31,29.15,13.8,NA,NA,91.50684932,"European Environment Agency (downloaded in 2021)",NA,2022,NA
"European Region","ITA","Italy","Gela",2018,NA,26.18,16.64,NA,NA,87.11187215,"European Environment Agency (downloaded in 2021)",NA,2022,NA
"European Region","ITA","Italy","Gela",2019,NA,27.19,16.06,NA,NA,93.90981736,"European Environment Agency (downloaded in 2021)",NA,2022,NA
"European Region","ITA","Italy","Genova",2017,18.93,23.59,39.73,NA,NA,93.16780822,"European Environment Agency (downloaded in 2021)",NA,2022,NA
"European Region","ITA","Italy","Genova",2018,10.35,20.54,39.95,NA,NA,92.6826484,"European Environment Agency (downloaded in 2021)",NA,2022,NA
"European Region","ITA","Italy","Genova",2019,9.96,19.96,36.06,NA,NA,91.55108448,"European Environment Agency (downloaded in 2021)",NA,2022,NA
"European Region","ITA","Italy","Gherardi",2017,21.81,28.79,13.23,NA,NA,92.14611872,"European Environment Agency (downloaded in 2021)",NA,2022,NA
"European Region","ITA","Italy","Gherardi",2018,18.39,25.38,12.24,NA,NA,94.96575342,"European Environment Agency (downloaded in 2021)",NA,2022,NA
"European Region","ITA","Italy","Gherardi",2019,18.07,25.02,12.53,NA,NA,97.56849315,"European Environment Agency (downloaded in 2021)",NA,2022,NA
"European Region","ITA","Italy","Gonnesa",2018,NA,21.51,4.5,NA,NA,88.07077626,"European Environment Agency (downloaded in 2021)",NA,2022,NA
"European Region","ITA","Italy","Gonnesa",2019,NA,13.25,4.34,NA,NA,89.04109589,"European Environment Agency (downloaded in 2021)",NA,2022,NA
"European Region","ITA","Italy","Gorizia",2017,15.23,19.36,25.47,NA,NA,93.91552511,"European Environment Agency (downloaded in 2021)",NA,2022,NA
"European Region","ITA","Italy","Gorizia",2018,12.9,17.63,22.9,NA,NA,88.26484018,"European Environment Agency (downloaded in 2021)",NA,2022,NA
"European Region","ITA","Italy","Gorizia",2019,12.36,17.64,21.96,NA,NA,86.35844749,"European Environment Agency (downloaded in 2021)",NA,2022,NA
"European Region","ITA","Italy","Grado",2017,12.76,17.44,9.19,NA,NA,85.29680365,"European Environment Agency (downloaded in 2021)",NA,2022,NA
"European Region","ITA","Italy","Grado",2018,12,16.78,8.43,NA,NA,89.02968037,"European Environment Agency (downloaded in 2021)",NA,2022,NA
"European Region","ITA","Italy","Grado",2019,11.21,15.94,9.15,NA,NA,91.25570776,"European Environment Agency (downloaded in 2021)",NA,2022,NA
"European Region","ITA","Italy","Grosseto",2017,9.75,20.25,19.53,NA,NA,94.6803653,"European Environment Agency (downloaded in 2021)",NA,2022,NA
"European Region","ITA","Italy","Grosseto",2018,10.13,22.71,18.68,NA,NA,94.93531202,"European Environment Agency (downloaded in 2021)",NA,2022,NA
"European Region","ITA","Italy","Grosseto",2019,9.33,20.49,18.27,NA,NA,94.4672755,"European Environment Agency (downloaded in 2021)",NA,2022,NA
"European Region","ITA","Italy","Grottaglie",2018,NA,18.75,9.37,NA,NA,94.85159817,"European Environment Agency (downloaded in 2021)",NA,2022,NA
"European Region","ITA","Italy","Grottaglie",2019,NA,15.84,9.54,NA,NA,91.03881279,"European Environment Agency (downloaded in 2021)",NA,2022,NA
"European Region","ITA","Italy","Grumento Nova",2017,NA,16.65,3.7,NA,NA,96.87214612,"European Environment Agency (downloaded in 2021)",NA,2022,NA
"European Region","ITA","Italy","Grumento Nova",2018,10.66,17.68,3.17,NA,NA,92.89954338,"European Environment Agency (downloaded in 2021)",NA,2022,NA
"European Region","ITA","Italy","Grumento Nova",2019,10.72,18.07,4.29,NA,NA,91.89497717,"European Environment Agency (downloaded in 2021)",NA,2022,NA
"European Region","ITA","Italy","Gubbio",2017,10.14,17.19,12.29,NA,NA,94.57191781,"European Environment Agency (downloaded in 2021)",NA,2022,NA
"European Region","ITA","Italy","Gubbio",2018,10.56,17.25,11.19,NA,NA,93.293379,"European Environment Agency (downloaded in 2021)",NA,2022,NA
"European Region","ITA","Italy","Gubbio",2019,10.35,17.38,10.51,NA,NA,92.66552511,"European Environment Agency (downloaded in 2021)",NA,2022,NA
"European Region","ITA","Italy","Guidonia",2017,13.16,22.8,27.67,NA,NA,93.00228311,"European Environment Agency (downloaded in 2021)",NA,2022,NA
"European Region","ITA","Italy","Guidonia",2018,12.75,21.79,28.5,NA,NA,95.2283105,"European Environment Agency (downloaded in 2021)",NA,2022,NA
"European Region","ITA","Italy","Guidonia",2019,12.65,21.21,25.6,NA,NA,94.28082192,"European Environment Agency (downloaded in 2021)",NA,2022,NA
"European Region","ITA","Italy","Iglesias",2018,NA,20.87,8.08,NA,NA,93.04794521,"European Environment Agency (downloaded in 2021)",NA,2022,NA
"European Region","ITA","Italy","Iglesias",2019,NA,17.16,4.32,NA,NA,93.98401826,"European Environment Agency (downloaded in 2021)",NA,2022,NA
"European Region","ITA","Italy","Imola",2017,NA,24.92,25.27,NA,NA,93.57305936,"European Environment Agency (downloaded in 2021)",NA,2022,NA
"European Region","ITA","Italy","Imola",2018,NA,22.89,25.34,NA,NA,92.67123288,"European Environment Agency (downloaded in 2021)",NA,2022,NA
"European Region","ITA","Italy","Imola",2019,NA,22.72,24.42,NA,NA,94.74885845,"European Environment Agency (downloaded in 2021)",NA,2022,NA
"European Region","ITA","Italy","Isernia",2018,NA,11.93,20.04,NA,NA,83.34474886,"European Environment Agency (downloaded in 2021)",NA,2022,NA
"European Region","ITA","Italy","Ivrea",2017,23.77,30.73,24.72,NA,NA,96.57534247,"European Environment Agency (downloaded in 2021)",NA,2022,NA
"European Region","ITA","Italy","Ivrea",2018,19.17,25.08,21.96,NA,NA,90.52511416,"European Environment Agency (downloaded in 2021)",NA,2022,NA
"European Region","ITA","Italy","Ivrea",2019,16.41,24.33,23.56,NA,NA,94.39497717,"European Environment Agency (downloaded in 2021)",NA,2022,NA
"European Region","ITA","Italy","Jesi",2017,NA,25.82,29.6,NA,NA,92.4543379,"European Environment Agency (downloaded in 2021)",NA,2022,NA
"European Region","ITA","Italy","Jesi",2018,NA,30.03,27.61,NA,NA,92.73972603,"European Environment Agency (downloaded in 2021)",NA,2022,NA
"European Region","ITA","Italy","Jesi",2019,NA,27.3,25.58,NA,NA,96.10730594,"European Environment Agency (downloaded in 2021)",NA,2022,NA
"European Region","ITA","Italy","L'aquila",2017,9.98,15.96,8.94,NA,NA,95.02283105,"European Environment Agency (downloaded in 2021)",NA,2022,NA
"European Region","ITA","Italy","L'aquila",2018,11.39,16.77,5.1,NA,NA,100,"European Environment Agency (downloaded in 2021)",NA,2022,NA
"European Region","ITA","Italy","L'aquila",2019,10.1,15.6,10.51,NA,NA,91.32039574,"European Environment Agency (downloaded in 2021)",NA,2022,NA
"European Region","ITA","Italy","La Massimina-Casal Lumbroso",2017,14.47,22.3,20.36,NA,NA,92.9109589,"European Environment Agency (downloaded in 2021)",NA,2022,NA
"European Region","ITA","Italy","La Massimina-Casal Lumbroso",2018,13.7,21.57,19.65,NA,NA,93.90410959,"European Environment Agency (downloaded in 2021)",NA,2022,NA
"European Region","ITA","Italy","La Massimina-Casal Lumbroso",2019,13.27,21.66,21.56,NA,NA,94.04109589,"European Environment Agency (downloaded in 2021)",NA,2022,NA
"European Region","ITA","Italy","La Spezia",2017,10.86,21.02,26.44,NA,NA,96.59165036,"European Environment Agency (downloaded in 2021)",NA,2022,NA
"European Region","ITA","Italy","La Spezia",2018,11.59,19.37,24.36,NA,NA,95.78277887,"European Environment Agency (downloaded in 2021)",NA,2022,NA
"European Region","ITA","Italy","La Spezia",2019,10.89,19.33,22.56,NA,NA,96.27364644,"European Environment Agency (downloaded in 2021)",NA,2022,NA
"European Region","ITA","Italy","Lamezia Terme",2017,9.91,21,10.9,NA,NA,96.99771689,"European Environment Agency (downloaded in 2021)",NA,2022,NA
"European Region","ITA","Italy","Lamezia Terme",2018,8.48,22.22,12,NA,NA,89.5890411,"European Environment Agency (downloaded in 2021)",NA,2022,NA
"European Region","ITA","Italy","Lamezia Terme",2019,8.32,23.66,13.5,NA,NA,97.88812785,"European Environment Agency (downloaded in 2021)",NA,2022,NA
"European Region","ITA","Italy","Latina",2017,NA,23.56,25.2,NA,NA,94.07534247,"European Environment Agency (downloaded in 2021)",NA,2022,NA
"European Region","ITA","Italy","Latina",2018,NA,23.42,23.04,NA,NA,91.96347032,"European Environment Agency (downloaded in 2021)",NA,2022,NA
"European Region","ITA","Italy","Latina",2019,NA,23.48,24.48,NA,NA,93.32762557,"European Environment Agency (downloaded in 2021)",NA,2022,NA
"European Region","ITA","Italy","Latina Scalo",2017,13.34,22.35,27.44,NA,NA,94.33789954,"European Environment Agency (downloaded in 2021)",NA,2022,NA
"European Region","ITA","Italy","Latina Scalo",2018,12.19,22.27,27.14,NA,NA,91.50684932,"European Environment Agency (downloaded in 2021)",NA,2022,NA
"European Region","ITA","Italy","Latina Scalo",2019,11.94,21.77,25.12,NA,NA,90.07990868,"European Environment Agency (downloaded in 2021)",NA,2022,NA
"European Region","ITA","Italy","Lavello",2017,NA,18.34,10.93,NA,NA,92.7283105,"European Environment Agency (downloaded in 2021)",NA,2022,NA
"European Region","ITA","Italy","Lavello",2018,NA,17.05,8.82,NA,NA,94.7260274,"European Environment Agency (downloaded in 2021)",NA,2022,NA
"European Region","ITA","Italy","Lavello",2019,NA,21.06,10.14,NA,NA,97.44292237,"European Environment Agency (downloaded in 2021)",NA,2022,NA
"European Region","ITA","Italy","Lecce",2017,13.29,20.92,17.75,NA,NA,85.32724505,"European Environment Agency (downloaded in 2021)",NA,2022,NA
"European Region","ITA","Italy","Lecce",2018,12.93,22.74,23.05,NA,NA,84.04680365,"European Environment Agency (downloaded in 2021)",NA,2022,NA
"European Region","ITA","Italy","Lecce",2019,11.49,20.42,15.51,NA,NA,86.09969558,"European Environment Agency (downloaded in 2021)",NA,2022,NA
"European Region","ITA","Italy","Lecco",2017,17.24,26.48,25.28,NA,NA,99.24657534,"European Environment Agency (downloaded in 2021)",NA,2022,NA
"European Region","ITA","Italy","Lecco",2018,15.48,22.83,21.07,NA,NA,96.40410959,"European Environment Agency (downloaded in 2021)",NA,2022,NA
"European Region","ITA","Italy","Lecco",2019,12.85,19.56,21.54,NA,NA,96.30136986,"European Environment Agency (downloaded in 2021)",NA,2022,NA
"European Region","ITA","Italy","Legnago",2017,NA,35.7,26.28,NA,NA,99.42922374,"European Environment Agency (downloaded in 2021)",NA,2022,NA
"European Region","ITA","Italy","Legnago",2018,NA,29.88,21.89,NA,NA,93.83561644,"European Environment Agency (downloaded in 2021)",NA,2022,NA
"European Region","ITA","Italy","Legnago",2019,NA,30.84,23.2,NA,NA,97.956621,"European Environment Agency (downloaded in 2021)",NA,2022,NA
"European Region","ITA","Italy","Leini",2017,25.84,33.67,32.48,NA,NA,90.97031963,"European Environment Agency (downloaded in 2021)",NA,2022,NA
"European Region","ITA","Italy","Leini",2019,NA,26.45,22.76,NA,NA,93.08219178,"European Environment Agency (downloaded in 2021)",NA,2022,NA
"European Region","ITA","Italy","Leonessa",2017,9.46,12.18,6.89,NA,NA,94.20091324,"European Environment Agency (downloaded in 2021)",NA,2022,NA
"European Region","ITA","Italy","Leonessa",2018,9.04,12.36,4.96,NA,NA,93.93835616,"European Environment Agency (downloaded in 2021)",NA,2022,NA
"European Region","ITA","Italy","Leonessa",2019,7.68,11.31,4.43,NA,NA,94.01826484,"European Environment Agency (downloaded in 2021)",NA,2022,NA
"European Region","ITA","Italy","Levate",2017,NA,32.55,30.81,NA,NA,98.59589041,"European Environment Agency (downloaded in 2021)",NA,2022,NA
"European Region","ITA","Italy","Levate",2018,NA,27.55,26.84,NA,NA,98.16210046,"European Environment Agency (downloaded in 2021)",NA,2022,NA
"European Region","ITA","Italy","Levate",2019,NA,26.56,24.97,NA,NA,99.80593607,"European Environment Agency (downloaded in 2021)",NA,2022,NA
"European Region","ITA","Italy","Livorno",2017,11.2,19.76,24.79,NA,NA,93.67199391,"European Environment Agency (downloaded in 2021)",NA,2022,NA
"European Region","ITA","Italy","Livorno",2018,11.21,19.43,23.55,NA,NA,93.64155251,"European Environment Agency (downloaded in 2021)",NA,2022,NA
"European Region","ITA","Italy","Livorno",2019,10.73,19.5,25.17,NA,NA,88.31811263,"European Environment Agency (downloaded in 2021)",NA,2022,NA
"European Region","ITA","Italy","Locri",2017,9.91,20.83,9.95,NA,NA,95.0913242,"European Environment Agency (downloaded in 2021)",NA,2022,NA
"European Region","ITA","Italy","Locri",2018,11.26,22.31,8.55,NA,NA,95.4109589,"European Environment Agency (downloaded in 2021)",NA,2022,NA
"European Region","ITA","Italy","Locri",2019,10.6,21.49,8.61,NA,NA,91.54109589,"European Environment Agency (downloaded in 2021)",NA,2022,NA
"European Region","ITA","Italy","Lodi",2017,24.66,38.33,35.24,NA,NA,94.86872146,"European Environment Agency (downloaded in 2021)",NA,2022,NA
"European Region","ITA","Italy","Lodi",2018,20.8,34.48,31.79,NA,NA,97.65981735,"European Environment Agency (downloaded in 2021)",NA,2022,NA
"European Region","ITA","Italy","Lodi",2019,18.94,29.28,31.04,NA,NA,98.6586758,"European Environment Agency (downloaded in 2021)",NA,2022,NA
"European Region","ITA","Italy","Lucca",2017,NA,26.9,21.31,NA,NA,94.18949772,"European Environment Agency (downloaded in 2021)",NA,2022,NA
"European Region","ITA","Italy","Lucca",2018,NA,24.61,20.04,NA,NA,93.55403348,"European Environment Agency (downloaded in 2021)",NA,2022,NA
"European Region","ITA","Italy","Lucca",2019,NA,24.72,19.81,NA,NA,93.61872146,"European Environment Agency (downloaded in 2021)",NA,2022,NA
"European Region","ITA","Italy","Lucera",2018,10.96,17.7,5.96,NA,NA,88.00228311,"European Environment Agency (downloaded in 2021)",NA,2022,NA
"European Region","ITA","Italy","Lucera",2019,10.64,18.6,5.02,NA,NA,85.17123288,"European Environment Agency (downloaded in 2021)",NA,2022,NA
"European Region","ITA","Italy","Lugagnano Val D'arda",2017,NA,24.74,19.65,NA,NA,89.62328767,"European Environment Agency (downloaded in 2021)",NA,2022,NA
"European Region","ITA","Italy","Lugagnano Val D'arda",2018,NA,22.82,16.67,NA,NA,95.87899543,"European Environment Agency (downloaded in 2021)",NA,2022,NA
"European Region","ITA","Italy","Lugagnano Val D'arda",2019,NA,21.67,15.71,NA,NA,98.03652968,"European Environment Agency (downloaded in 2021)",NA,2022,NA
"European Region","ITA","Italy","Macerata",2017,9.48,16.35,13.9,NA,NA,93.41324201,"European Environment Agency (downloaded in 2021)",NA,2022,NA
"European Region","ITA","Italy","Macerata",2018,9.67,17.46,13.37,NA,NA,95.95890411,"European Environment Agency (downloaded in 2021)",NA,2022,NA
"European Region","ITA","Italy","Macerata",2019,10.04,19.41,11.57,NA,NA,91.26712329,"European Environment Agency (downloaded in 2021)",NA,2022,NA
"European Region","ITA","Italy","Macomer",2017,6.24,13.43,6.45,NA,NA,91.54109589,"European Environment Agency (downloaded in 2021)",NA,2022,NA
"European Region","ITA","Italy","Macomer",2018,6.03,13.14,5.36,NA,NA,90.61643836,"European Environment Agency (downloaded in 2021)",NA,2022,NA
"European Region","ITA","Italy","Macomer",2019,6.56,13.96,5.52,NA,NA,91.72374429,"European Environment Agency (downloaded in 2021)",NA,2022,NA
"European Region","ITA","Italy","Maddaloni",2017,14.47,30.31,23.87,NA,NA,95.28538813,"European Environment Agency (downloaded in 2021)",NA,2022,NA
"European Region","ITA","Italy","Maddaloni",2018,13.5,27.14,23.02,NA,NA,95.78767123,"European Environment Agency (downloaded in 2021)",NA,2022,NA
"European Region","ITA","Italy","Maddaloni",2019,12.58,26.15,24.53,NA,NA,90.75342466,"European Environment Agency (downloaded in 2021)",NA,2022,NA
"European Region","ITA","Italy","Magione",2017,12,20.49,16.93,NA,NA,93.96118721,"European Environment Agency (downloaded in 2021)",NA,2022,NA
"European Region","ITA","Italy","Magione",2018,12.21,19.77,15.8,NA,NA,94.16666667,"European Environment Agency (downloaded in 2021)",NA,2022,NA
"European Region","ITA","Italy","Magione",2019,10.89,19.58,11.47,NA,NA,94.50913242,"European Environment Agency (downloaded in 2021)",NA,2022,NA
"European Region","ITA","Italy","Malisana",2017,NA,24.53,13.9,NA,NA,92.60273973,"European Environment Agency (downloaded in 2021)",NA,2022,NA
"European Region","ITA","Italy","Malisana",2018,NA,21.92,13.44,NA,NA,91.47260274,"European Environment Agency (downloaded in 2021)",NA,2022,NA
"European Region","ITA","Italy","Malisana",2019,NA,20.73,14.04,NA,NA,80.43378995,"European Environment Agency (downloaded in 2021)",NA,2022,NA
"European Region","ITA","Italy","Mammola",2017,9.51,14.91,8.27,NA,NA,93.84703196,"European Environment Agency (downloaded in 2021)",NA,2022,NA
"European Region","ITA","Italy","Mammola",2018,8.67,14.67,1.99,NA,NA,90.82191781,"European Environment Agency (downloaded in 2021)",NA,2022,NA
"European Region","ITA","Italy","Mammola",2019,9.56,16.06,1.99,NA,NA,97.9109589,"European Environment Agency (downloaded in 2021)",NA,2022,NA
"European Region","ITA","Italy","Manfredonia",2017,NA,22.99,24.91,NA,NA,91.92922374,"European Environment Agency (downloaded in 2021)",NA,2022,NA
"European Region","ITA","Italy","Manfredonia",2018,NA,17.02,21.62,NA,NA,89.98858447,"European Environment Agency (downloaded in 2021)",NA,2022,NA
"European Region","ITA","Italy","Manfredonia",2019,NA,16.65,22.87,NA,NA,88.81278539,"European Environment Agency (downloaded in 2021)",NA,2022,NA
"European Region","ITA","Italy","Mansue",2017,23.47,31.08,15.07,NA,NA,93.78995434,"European Environment Agency (downloaded in 2021)",NA,2022,NA
"European Region","ITA","Italy","Mansue",2018,NA,28.76,13.25,NA,NA,94.29223744,"European Environment Agency (downloaded in 2021)",NA,2022,NA
"European Region","ITA","Italy","Mansue",2019,20.89,28.82,14,NA,NA,95.2739726,"European Environment Agency (downloaded in 2021)",NA,2022,NA
"European Region","ITA","Italy","Mantova",2017,27.93,37.16,22.43,NA,NA,98.23439878,"European Environment Agency (downloaded in 2021)",NA,2022,NA
"European Region","ITA","Italy","Mantova",2018,21.91,28.61,24.29,NA,NA,98.79375951,"European Environment Agency (downloaded in 2021)",NA,2022,NA
"European Region","ITA","Italy","Mantova",2019,20.54,30.72,26.68,NA,NA,96.54109589,"European Environment Agency (downloaded in 2021)",NA,2022,NA
"European Region","ITA","Italy","Martina Franca",2017,NA,21.27,27.2,NA,NA,91.98630137,"European Environment Agency (downloaded in 2021)",NA,2022,NA
"European Region","ITA","Italy","Martina Franca",2018,NA,21.85,28.32,NA,NA,92.37442922,"European Environment Agency (downloaded in 2021)",NA,2022,NA
"European Region","ITA","Italy","Martina Franca",2019,NA,22.53,27.07,NA,NA,95.1369863,"European Environment Agency (downloaded in 2021)",NA,2022,NA
"European Region","ITA","Italy","Martirano Lombardo",2017,19.34,25.52,31.05,NA,NA,98.47031963,"European Environment Agency (downloaded in 2021)",NA,2022,NA
"European Region","ITA","Italy","Martirano Lombardo",2018,15.97,24,14.4,NA,NA,98.32191781,"European Environment Agency (downloaded in 2021)",NA,2022,NA
"European Region","ITA","Italy","Martirano Lombardo",2019,15.75,23.96,9.74,NA,NA,97.83105023,"European Environment Agency (downloaded in 2021)",NA,2022,NA
"European Region","ITA","Italy","Massa",2017,13.27,20.85,20.92,NA,NA,94.26940639,"European Environment Agency (downloaded in 2021)",NA,2022,NA
"European Region","ITA","Italy","Massa",2018,12.51,20.22,19.25,NA,NA,95.21689498,"European Environment Agency (downloaded in 2021)",NA,2022,NA
"European Region","ITA","Italy","Massa",2019,11.4,19.16,18.12,NA,NA,94.39497717,"European Environment Agency (downloaded in 2021)",NA,2022,NA
"European Region","ITA","Italy","Massafra",2018,NA,26.47,15.96,NA,NA,96.35844749,"European Environment Agency (downloaded in 2021)",NA,2022,NA
"European Region","ITA","Italy","Massafra",2019,NA,18.39,15.9,NA,NA,95.69634703,"European Environment Agency (downloaded in 2021)",NA,2022,NA
"European Region","ITA","Italy","Meda",2017,NA,37.47,46.1,NA,NA,90.20547945,"European Environment Agency (downloaded in 2021)",NA,2022,NA
"European Region","ITA","Italy","Meda",2018,NA,32.29,37.79,NA,NA,94.02968037,"European Environment Agency (downloaded in 2021)",NA,2022,NA
"European Region","ITA","Italy","Meda",2019,NA,30.15,36.13,NA,NA,85.39954338,"European Environment Agency (downloaded in 2021)",NA,2022,NA
"European Region","ITA","Italy","Melfi",2017,NA,18.61,7.69,NA,NA,92.73972603,"European Environment Agency (downloaded in 2021)",NA,2022,NA
"European Region","ITA","Italy","Melfi",2018,NA,15.9,9.93,NA,NA,92.51141553,"European Environment Agency (downloaded in 2021)",NA,2022,NA
"European Region","ITA","Italy","Melfi",2019,NA,16.04,13.12,NA,NA,89.79452055,"European Environment Agency (downloaded in 2021)",NA,2022,NA
"European Region","ITA","Italy","Melilli",2017,NA,17.2,7.39,NA,NA,94.65753425,"European Environment Agency (downloaded in 2021)",NA,2022,NA
"European Region","ITA","Italy","Melilli",2018,NA,18.22,6.16,NA,NA,93.48173516,"European Environment Agency (downloaded in 2021)",NA,2022,NA
"European Region","ITA","Italy","Melilli",2019,NA,18.05,6.28,NA,NA,90.35388128,"European Environment Agency (downloaded in 2021)",NA,2022,NA
"European Region","ITA","Italy","Merano",2017,NA,18.28,34.36,NA,NA,98.75570776,"European Environment Agency (downloaded in 2021)",NA,2022,NA
"European Region","ITA","Italy","Merano",2018,NA,18.85,31.26,NA,NA,99.12100457,"European Environment Agency (downloaded in 2021)",NA,2022,NA
"European Region","ITA","Italy","Merano",2019,NA,17.01,31.28,NA,NA,98.68721461,"European Environment Agency (downloaded in 2021)",NA,2022,NA
"European Region","ITA","Italy","Merate",2017,25.82,38.82,43.59,NA,NA,96.80365297,"European Environment Agency (downloaded in 2021)",NA,2022,NA
"European Region","ITA","Italy","Merate",2018,21.88,33.48,37.35,NA,NA,98.48173516,"European Environment Agency (downloaded in 2021)",NA,2022,NA
"European Region","ITA","Italy","Merate",2019,19.19,29.94,33.44,NA,NA,95.3652968,"European Environment Agency (downloaded in 2021)",NA,2022,NA
"European Region","ITA","Italy","Mercato Saraceno",2017,NA,11.35,2.03,NA,NA,89.70319635,"European Environment Agency (downloaded in 2021)",NA,2022,NA
"European Region","ITA","Italy","Mercato Saraceno",2018,NA,12.04,3.15,NA,NA,75.29680365,"European Environment Agency (downloaded in 2021)",NA,2022,NA
"European Region","ITA","Italy","Mercato Saraceno",2019,NA,11.77,3.56,NA,NA,94.49771689,"European Environment Agency (downloaded in 2021)",NA,2022,NA
"European Region","ITA","Italy","Mesagne",2017,NA,24.12,11.66,NA,NA,94.49771689,"European Environment Agency (downloaded in 2021)",NA,2022,NA
"European Region","ITA","Italy","Mesagne",2018,NA,25.68,10.51,NA,NA,95.81050228,"European Environment Agency (downloaded in 2021)",NA,2022,NA
"European Region","ITA","Italy","Mesagne",2019,NA,24.47,10.03,NA,NA,92.61415525,"European Environment Agency (downloaded in 2021)",NA,2022,NA
"European Region","ITA","Italy","Messina",2017,NA,20.73,30.89,NA,NA,95.51369863,"European Environment Agency (downloaded in 2021)",NA,2022,NA
"European Region","ITA","Italy","Messina",2018,NA,22.42,30.15,NA,NA,90.17123288,"European Environment Agency (downloaded in 2021)",NA,2022,NA
"European Region","ITA","Italy","Messina",2019,NA,22.33,29.97,NA,NA,95.91324201,"European Environment Agency (downloaded in 2021)",NA,2022,NA
"European Region","ITA","Italy","Milano",2017,27.97,39.75,53.41,NA,NA,95.34246575,"European Environment Agency (downloaded in 2021)",NA,2022,NA
"European Region","ITA","Italy","Milano",2018,22.62,33.45,47.59,NA,NA,91.90639269,"European Environment Agency (downloaded in 2021)",NA,2022,NA
"European Region","ITA","Italy","Milano",2019,20.87,32,43.81,NA,NA,95.88812785,"European Environment Agency (downloaded in 2021)",NA,2022,NA
"European Region","ITA","Italy","Milazzo",2017,NA,18.98,8.14,NA,NA,94.33789954,"European Environment Agency (downloaded in 2021)",NA,2022,NA
"European Region","ITA","Italy","Milazzo",2018,NA,22.96,10.16,NA,NA,94.08675799,"European Environment Agency (downloaded in 2021)",NA,2022,NA
"European Region","ITA","Italy","Milazzo",2019,NA,24.09,10.96,NA,NA,88.80136987,"European Environment Agency (downloaded in 2021)",NA,2022,NA
"European Region","ITA","Italy","Misterbianco",2017,NA,20.17,16.18,NA,NA,93.26484018,"European Environment Agency (downloaded in 2021)",NA,2022,NA
"European Region","ITA","Italy","Misterbianco",2018,12.42,23.45,14.51,NA,NA,88.25342466,"European Environment Agency (downloaded in 2021)",NA,2022,NA
"European Region","ITA","Italy","Misterbianco",2019,12.09,23.8,21.94,NA,NA,85.77625571,"European Environment Agency (downloaded in 2021)",NA,2022,NA
"European Region","ITA","Italy","Modena",2017,21.56,34.66,36.2,NA,NA,98.32191781,"European Environment Agency (downloaded in 2021)",NA,2022,NA
"European Region","ITA","Italy","Modena",2018,17.78,30.32,33.11,NA,NA,99.19520548,"European Environment Agency (downloaded in 2021)",NA,2022,NA
"European Region","ITA","Italy","Modena",2019,18.06,31.58,32.46,NA,NA,98.93835616,"European Environment Agency (downloaded in 2021)",NA,2022,NA
"European Region","ITA","Italy","Modugno",2017,16.71,28.48,21.32,NA,NA,94.31506849,"European Environment Agency (downloaded in 2021)",NA,2022,NA
"European Region","ITA","Italy","Modugno",2018,16.69,24.46,21.57,NA,NA,93.47031964,"European Environment Agency (downloaded in 2021)",NA,2022,NA
"European Region","ITA","Italy","Modugno",2019,15.18,24.78,21.21,NA,NA,95.41476408,"European Environment Agency (downloaded in 2021)",NA,2022,NA
"European Region","ITA","Italy","Moggio",2017,12.9,16.73,6.8,NA,NA,93.93835616,"European Environment Agency (downloaded in 2021)",NA,2022,NA
"European Region","ITA","Italy","Moggio",2018,12.18,15.84,6.02,NA,NA,93.65296804,"European Environment Agency (downloaded in 2021)",NA,2022,NA
"European Region","ITA","Italy","Moggio",2019,9.93,13.69,6.25,NA,NA,94.76027397,"European Environment Agency (downloaded in 2021)",NA,2022,NA
"European Region","ITA","Italy","Molfetta",2017,NA,24.19,23.57,NA,NA,82.03196347,"European Environment Agency (downloaded in 2021)",NA,2022,NA
"European Region","ITA","Italy","Molfetta",2018,NA,24.12,23.5,NA,NA,90.29680365,"European Environment Agency (downloaded in 2021)",NA,2022,NA
"European Region","ITA","Italy","Molfetta",2019,NA,23.11,22.31,NA,NA,85.51369863,"European Environment Agency (downloaded in 2021)",NA,2022,NA
"European Region","ITA","Italy","Mondovi",2017,19.88,29.13,28.41,NA,NA,94.02968037,"European Environment Agency (downloaded in 2021)",NA,2022,NA
"European Region","ITA","Italy","Mondovi",2018,17.25,24.93,26.26,NA,NA,90.87899543,"European Environment Agency (downloaded in 2021)",NA,2022,NA
"European Region","ITA","Italy","Mondovi",2019,15.05,22.03,25.16,NA,NA,95.2283105,"European Environment Agency (downloaded in 2021)",NA,2022,NA
"European Region","ITA","Italy","Monfalcone",2017,13.83,18.82,18.79,NA,NA,92.77968037,"European Environment Agency (downloaded in 2021)",NA,2022,NA
"European Region","ITA","Italy","Monfalcone",2018,12.81,16.86,15.93,NA,NA,93.9783105,"European Environment Agency (downloaded in 2021)",NA,2022,NA
"European Region","ITA","Italy","Monfalcone",2019,12.34,17.26,17.8,NA,NA,91.24429224,"European Environment Agency (downloaded in 2021)",NA,2022,NA
"European Region","ITA","Italy","Monopoli",2017,11.61,19.25,18.97,NA,NA,87.71118722,"European Environment Agency (downloaded in 2021)",NA,2022,NA
"European Region","ITA","Italy","Monopoli",2018,11.7,21.99,19.09,NA,NA,88.02511416,"European Environment Agency (downloaded in 2021)",NA,2022,NA
"European Region","ITA","Italy","Monopoli",2019,11.16,21.16,20.18,NA,NA,89.10388128,"European Environment Agency (downloaded in 2021)",NA,2022,NA
"European Region","ITA","Italy","Monserrato",2017,15.07,27.4,19.27,NA,NA,93.93835616,"European Environment Agency (downloaded in 2021)",NA,2022,NA
"European Region","ITA","Italy","Monserrato",2018,11.43,27.5,13.5,NA,NA,92.89954338,"European Environment Agency (downloaded in 2021)",NA,2022,NA
"European Region","ITA","Italy","Monserrato",2019,9.8,26.47,10.41,NA,NA,94.40639269,"European Environment Agency (downloaded in 2021)",NA,2022,NA
"European Region","ITA","Italy","Monte Romano",2019,NA,16.14,4.64,NA,NA,95.71917808,"European Environment Agency (downloaded in 2021)",NA,2022,NA
"European Region","ITA","Italy","Monte Sant'angelo",2017,NA,15.26,8.6,NA,NA,88.41324201,"European Environment Agency (downloaded in 2021)",NA,2022,NA
"European Region","ITA","Italy","Monte Sant'angelo",2018,NA,15.55,11.33,NA,NA,89.45205479,"European Environment Agency (downloaded in 2021)",NA,2022,NA
"European Region","ITA","Italy","Monte Sant'angelo",2019,NA,16.67,7.02,NA,NA,94.25799087,"European Environment Agency (downloaded in 2021)",NA,2022,NA
"European Region","ITA","Italy","Montecerboli",2017,NA,11.29,3.79,NA,NA,90,"European Environment Agency (downloaded in 2021)",NA,2022,NA
"European Region","ITA","Italy","Montecerboli",2018,NA,11.68,4.06,NA,NA,93.27625571,"European Environment Agency (downloaded in 2021)",NA,2022,NA
"European Region","ITA","Italy","Montecerboli",2019,NA,11.55,4.51,NA,NA,94.42922374,"European Environment Agency (downloaded in 2021)",NA,2022,NA
"European Region","ITA","Italy","Montemaggio",2017,NA,14.58,4.42,NA,NA,87.69406393,"European Environment Agency (downloaded in 2021)",NA,2022,NA
"European Region","ITA","Italy","Montemaggio",2018,NA,16.1,5.52,NA,NA,85.69634703,"European Environment Agency (downloaded in 2021)",NA,2022,NA
"European Region","ITA","Italy","Montemaggio",2019,NA,14.47,5.25,NA,NA,93.44748858,"European Environment Agency (downloaded in 2021)",NA,2022,NA
"European Region","ITA","Italy","Montemonaco",2018,5.8,14.72,4.6,NA,NA,84.33789954,"European Environment Agency (downloaded in 2021)",NA,2022,NA
"European Region","ITA","Italy","Montemonaco",2019,6.41,16.96,5.34,NA,NA,91.21004566,"European Environment Agency (downloaded in 2021)",NA,2022,NA
"European Region","ITA","Italy","Montesilvano",2017,14.57,22.62,27.18,NA,NA,95.28538813,"European Environment Agency (downloaded in 2021)",NA,2022,NA
"European Region","ITA","Italy","Montesilvano",2018,16.1,24.61,12.12,NA,NA,100,"European Environment Agency (downloaded in 2021)",NA,2022,NA
"European Region","ITA","Italy","Montesilvano",2019,13.85,23.56,26.98,NA,NA,93.11643836,"European Environment Agency (downloaded in 2021)",NA,2022,NA
"European Region","ITA","Italy","Monza",2017,29.96,35.91,51.07,NA,NA,91.83219179,"European Environment Agency (downloaded in 2021)",NA,2022,NA
"European Region","ITA","Italy","Monza",2018,24.01,31.59,37.15,NA,NA,94.28082192,"European Environment Agency (downloaded in 2021)",NA,2022,NA
"European Region","ITA","Italy","Monza",2019,20.2,27.58,45.72,NA,NA,79.38356164,"European Environment Agency (downloaded in 2021)",NA,2022,NA
"European Region","ITA","Italy","Morbegno",2017,NA,21.37,18.93,NA,NA,98.32191781,"European Environment Agency (downloaded in 2021)",NA,2022,NA
"European Region","ITA","Italy","Morbegno",2018,NA,20.56,16.09,NA,NA,99.9086758,"European Environment Agency (downloaded in 2021)",NA,2022,NA
"European Region","ITA","Italy","Morbegno",2019,NA,18.52,15.43,NA,NA,98.77853881,"European Environment Agency (downloaded in 2021)",NA,2022,NA
"European Region","ITA","Italy","Morsano Al Tagliamento",2017,NA,29.14,17.18,NA,NA,91.84931507,"European Environment Agency (downloaded in 2021)",NA,2022,NA
"European Region","ITA","Italy","Naples",2018,7.63,16.41,11.15,NA,NA,91.59817352,"European Environment Agency (downloaded in 2021)",NA,2022,NA
"European Region","ITA","Italy","Naples",2019,7.88,18.43,7.02,NA,NA,82.46575342,"European Environment Agency (downloaded in 2021)",NA,2022,NA
"European Region","ITA","Italy","Napoli",2017,16.91,29.16,42.54,NA,NA,92.97782127,"European Environment Agency (downloaded in 2021)",NA,2022,NA
"European Region","ITA","Italy","Napoli",2018,15.25,29.13,42.01,NA,NA,94.57572298,"European Environment Agency (downloaded in 2021)",NA,2022,NA
"European Region","ITA","Italy","Napoli",2019,14.39,28.56,40.85,NA,NA,88.67906067,"European Environment Agency (downloaded in 2021)",NA,2022,NA
"European Region","ITA","Italy","Narni Scalo",2018,21.69,29.71,10.61,NA,NA,94.7260274,"European Environment Agency (downloaded in 2021)",NA,2022,NA
"European Region","ITA","Italy","Narni Scalo",2019,17.16,24.81,12.04,NA,NA,90.93607306,"European Environment Agency (downloaded in 2021)",NA,2022,NA
"European Region","ITA","Italy","Nocera Inferiore",2017,17.51,35.32,29.8,NA,NA,87.23744292,"European Environment Agency (downloaded in 2021)",NA,2022,NA
"European Region","ITA","Italy","Nocera Inferiore",2019,17.95,40.36,27.28,NA,NA,89.60045662,"European Environment Agency (downloaded in 2021)",NA,2022,NA
"European Region","ITA","Italy","Novara",2017,21.51,31.61,39.75,NA,NA,96.51255708,"European Environment Agency (downloaded in 2021)",NA,2022,NA
"European Region","ITA","Italy","Novara",2018,17.73,25.58,35.1,NA,NA,85.96461188,"European Environment Agency (downloaded in 2021)",NA,2022,NA
"European Region","ITA","Italy","Novara",2019,17.04,25.51,30.84,97.96803653,97.96803653,95.42237443,"European Environment Agency (downloaded in 2021)",NA,2022,NA
"European Region","ITA","Italy","Nuoro",2018,NA,13.88,20.13,NA,NA,94.50342466,"European Environment Agency (downloaded in 2021)",NA,2022,NA
"European Region","ITA","Italy","Nuoro",2019,NA,14.01,15.4,NA,NA,94.8173516,"European Environment Agency (downloaded in 2021)",NA,2022,NA
"European Region","ITA","Italy","Nuraminis",2017,NA,27.23,6.41,NA,NA,89.6347032,"European Environment Agency (downloaded in 2021)",NA,2022,NA
"European Region","ITA","Italy","Nuraminis",2018,NA,22.58,6.46,NA,NA,91.13013699,"European Environment Agency (downloaded in 2021)",NA,2022,NA
"European Region","ITA","Italy","Nuraminis",2019,NA,19.91,6.6,NA,NA,92.7739726,"European Environment Agency (downloaded in 2021)",NA,2022,NA
"European Region","ITA","Italy","Odolo",2017,NA,34.65,24.63,NA,NA,98.29908676,"European Environment Agency (downloaded in 2021)",NA,2022,NA
"European Region","ITA","Italy","Odolo",2018,NA,28.76,20.82,NA,NA,93.15068493,"European Environment Agency (downloaded in 2021)",NA,2022,NA
"European Region","ITA","Italy","Odolo",2019,NA,31.24,21.72,NA,NA,98.57305936,"European Environment Agency (downloaded in 2021)",NA,2022,NA
"European Region","ITA","Italy","Olbia",2017,NA,18.29,19.9,NA,NA,89.53196347,"European Environment Agency (downloaded in 2021)",NA,2022,NA
"European Region","ITA","Italy","Olbia",2018,NA,17.01,14.75,NA,NA,91.84360731,"European Environment Agency (downloaded in 2021)",NA,2022,NA
"European Region","ITA","Italy","Olbia",2019,NA,20.64,16.17,NA,NA,93.5673516,"European Environment Agency (downloaded in 2021)",NA,2022,NA
"European Region","ITA","Italy","Omegna",2017,NA,27.47,28.96,NA,NA,96.49543379,"European Environment Agency (downloaded in 2021)",NA,2022,NA
"European Region","ITA","Italy","Omegna",2018,NA,23.24,26.55,NA,NA,99.64611872,"European Environment Agency (downloaded in 2021)",NA,2022,NA
"European Region","ITA","Italy","Omegna",2019,NA,22.99,31.05,NA,NA,98.98401826,"European Environment Agency (downloaded in 2021)",NA,2022,NA
"European Region","ITA","Italy","Oristano",2018,NA,21.29,17.53,NA,NA,90.95890411,"European Environment Agency (downloaded in 2021)",NA,2022,NA
"European Region","ITA","Italy","Oristano",2019,NA,26.52,11.37,NA,NA,88.19063927,"European Environment Agency (downloaded in 2021)",NA,2022,NA
"European Region","ITA","Italy","Osoppo",2018,NA,21.83,16.62,NA,NA,89.15525114,"European Environment Agency (downloaded in 2021)",NA,2022,NA
"European Region","ITA","Italy","Osoppo",2019,NA,21.63,15.1,NA,NA,92.85388128,"European Environment Agency (downloaded in 2021)",NA,2022,NA
"European Region","ITA","Italy","Oulx",2017,NA,18.11,17.24,NA,NA,95.44520548,"European Environment Agency (downloaded in 2021)",NA,2022,NA
"European Region","ITA","Italy","Oulx",2018,NA,18.2,19.03,NA,NA,98.31050228,"European Environment Agency (downloaded in 2021)",NA,2022,NA
"European Region","ITA","Italy","Oulx",2019,NA,14.86,21.22,NA,NA,98.55022831,"European Environment Agency (downloaded in 2021)",NA,2022,NA
"European Region","ITA","Italy","Pace Del Mela",2018,NA,19.57,4.98,NA,NA,95.35388128,"European Environment Agency (downloaded in 2021)",NA,2022,NA
"European Region","ITA","Italy","Pace Del Mela",2019,NA,20.1,5.81,NA,NA,98.97260274,"European Environment Agency (downloaded in 2021)",NA,2022,NA
"European Region","ITA","Italy","Padova",2017,33.84,40.82,37.35,NA,NA,95.01141553,"European Environment Agency (downloaded in 2021)",NA,2022,NA
"European Region","ITA","Italy","Padova",2018,27.1,35.6,34.79,NA,NA,95.0913242,"European Environment Agency (downloaded in 2021)",NA,2022,NA
"European Region","ITA","Italy","Padova",2019,NA,34.55,34.56,NA,NA,95.10273973,"European Environment Agency (downloaded in 2021)",NA,2022,NA
"European Region","ITA","Italy","Palermo",2017,NA,28.47,36.15,NA,NA,90.01369863,"European Environment Agency (downloaded in 2021)",NA,2022,NA
"European Region","ITA","Italy","Palermo",2018,10.6,28.19,34.51,NA,NA,91.16723744,"European Environment Agency (downloaded in 2021)",NA,2022,NA
"European Region","ITA","Italy","Pallanza",2017,13.8,18.34,29.2,NA,NA,95.70776256,"European Environment Agency (downloaded in 2021)",NA,2022,NA
"European Region","ITA","Italy","Pallanza",2018,11.35,15.25,27.59,NA,NA,95.66210046,"European Environment Agency (downloaded in 2021)",NA,2022,NA
"European Region","ITA","Italy","Pallanza",2019,10.48,13.83,19.63,NA,NA,95.39954338,"European Environment Agency (downloaded in 2021)",NA,2022,NA
"European Region","ITA","Italy","Papariano",2017,NA,20.25,14.44,NA,NA,90.90182648,"European Environment Agency (downloaded in 2021)",NA,2022,NA
"European Region","ITA","Italy","Papariano",2018,NA,19.12,11.97,NA,NA,85.59360731,"European Environment Agency (downloaded in 2021)",NA,2022,NA
"European Region","ITA","Italy","Papariano",2019,NA,19.22,8.99,NA,NA,90.95890411,"European Environment Agency (downloaded in 2021)",NA,2022,NA
"European Region","ITA","Italy","Parma",2017,24.03,35.21,31.66,NA,NA,94.44634703,"European Environment Agency (downloaded in 2021)",NA,2022,NA
"European Region","ITA","Italy","Parma",2018,18.8,31.05,28.79,NA,NA,95.63356165,"European Environment Agency (downloaded in 2021)",NA,2022,NA
"European Region","ITA","Italy","Parma",2019,17.22,30.04,26.73,NA,NA,97.29452055,"European Environment Agency (downloaded in 2021)",NA,2022,NA
"European Region","ITA","Italy","Parona",2017,NA,34.88,24.64,NA,NA,99.20091324,"European Environment Agency (downloaded in 2021)",NA,2022,NA
"European Region","ITA","Italy","Parona",2018,NA,31.12,20.82,NA,NA,99.89726027,"European Environment Agency (downloaded in 2021)",NA,2022,NA
"European Region","ITA","Italy","Parona",2019,NA,28.54,18.89,NA,NA,98.86986301,"European Environment Agency (downloaded in 2021)",NA,2022,NA
"European Region","ITA","Italy","Partinico",2017,NA,20.31,31.64,NA,NA,93.26484018,"European Environment Agency (downloaded in 2021)",NA,2022,NA
"European Region","ITA","Italy","Partinico",2018,NA,21.93,23.74,NA,NA,93.34474886,"European Environment Agency (downloaded in 2021)",NA,2022,NA
"European Region","ITA","Italy","Partinico",2019,NA,21.83,25.76,NA,NA,88.96118721,"European Environment Agency (downloaded in 2021)",NA,2022,NA
"European Region","ITA","Italy","Pavia",2017,26.16,37.94,38.8,NA,NA,97.76255708,"European Environment Agency (downloaded in 2021)",NA,2022,NA
"European Region","ITA","Italy","Pavia",2018,23.32,32.39,31.72,NA,NA,97.56849315,"European Environment Agency (downloaded in 2021)",NA,2022,NA
"European Region","ITA","Italy","Pavia",2019,23.28,32.35,31.76,NA,NA,97.55707763,"European Environment Agency (downloaded in 2021)",NA,2022,NA
"European Region","ITA","Italy","Pedagne",2017,11.98,19.88,23.71,NA,NA,87.64840183,"European Environment Agency (downloaded in 2021)",NA,2022,NA
"European Region","ITA","Italy","Pedagne",2018,NA,19.11,18.16,NA,NA,86.63242009,"European Environment Agency (downloaded in 2021)",NA,2022,NA
"European Region","ITA","Italy","Pedagne",2019,10.74,17.65,15.65,NA,NA,93.04794521,"European Environment Agency (downloaded in 2021)",NA,2022,NA
"European Region","ITA","Italy","Perugia",2017,13.62,21.19,24.53,NA,NA,93.77853881,"European Environment Agency (downloaded in 2021)",NA,2022,NA
"European Region","ITA","Italy","Perugia",2018,14.1,21.51,22.73,NA,NA,92.195586,"European Environment Agency (downloaded in 2021)",NA,2022,NA
"European Region","ITA","Italy","Perugia",2019,13.78,20.43,21,NA,NA,93.74429224,"European Environment Agency (downloaded in 2021)",NA,2022,NA
"European Region","ITA","Italy","Pesaro",2018,15.82,26.08,18.67,NA,NA,81.90639269,"European Environment Agency (downloaded in 2021)",NA,2022,NA
"European Region","ITA","Italy","Pesaro",2019,17.33,32.85,26.88,NA,NA,88.80136986,"European Environment Agency (downloaded in 2021)",NA,2022,NA
"European Region","ITA","Italy","Pescara",2017,15.22,25.35,28.75,NA,NA,92.81582953,"European Environment Agency (downloaded in 2021)",NA,2022,NA
"European Region","ITA","Italy","Pescara",2018,15.73,24.85,13.7,NA,NA,100,"European Environment Agency (downloaded in 2021)",NA,2022,NA
"European Region","ITA","Italy","Pescara",2019,13.54,23.7,24.71,NA,NA,82.69406393,"European Environment Agency (downloaded in 2021)",NA,2022,NA
"European Region","ITA","Italy","Piacenza",2017,24.48,34.29,31.21,NA,NA,93.61872146,"European Environment Agency (downloaded in 2021)",NA,2022,NA
"European Region","ITA","Italy","Piacenza",2018,20.55,28.34,28.79,NA,NA,96.95776256,"European Environment Agency (downloaded in 2021)",NA,2022,NA
"European Region","ITA","Italy","Piacenza",2019,20.83,28.75,28.11,NA,NA,97.52283105,"European Environment Agency (downloaded in 2021)",NA,2022,NA
"European Region","ITA","Italy","Piano Di Rocchetta",2018,12.3,20.02,5.72,NA,NA,89.10958904,"European Environment Agency (downloaded in 2021)",NA,2022,NA
"European Region","ITA","Italy","Piano Di Rocchetta",2019,9.99,22.55,5.93,NA,NA,90.02283105,"European Environment Agency (downloaded in 2021)",NA,2022,NA
"European Region","ITA","Italy","Pignataro Maggiore",2017,NA,33.52,32.64,NA,NA,94.98858447,"European Environment Agency (downloaded in 2021)",NA,2022,NA
"European Region","ITA","Italy","Pignataro Maggiore",2018,NA,30.28,28.38,NA,NA,92.2260274,"European Environment Agency (downloaded in 2021)",NA,2022,NA
"European Region","ITA","Italy","Pignataro Maggiore",2019,NA,27.31,26.77,NA,NA,84.8630137,"European Environment Agency (downloaded in 2021)",NA,2022,NA
"European Region","ITA","Italy","Pioltello",2018,NA,32.12,33.89,NA,NA,92.69406393,"European Environment Agency (downloaded in 2021)",NA,2022,NA
"European Region","ITA","Italy","Pioltello",2019,NA,31.37,33.85,NA,NA,97.73972603,"European Environment Agency (downloaded in 2021)",NA,2022,NA
"European Region","ITA","Italy","Piombino",2017,NA,16.62,14.37,NA,NA,94.50913242,"European Environment Agency (downloaded in 2021)",NA,2022,NA
"European Region","ITA","Italy","Piombino",2018,NA,16.76,13.59,NA,NA,93.55593608,"European Environment Agency (downloaded in 2021)",NA,2022,NA
"European Region","ITA","Italy","Piombino",2019,NA,17.09,12.91,NA,NA,94.4063927,"European Environment Agency (downloaded in 2021)",NA,2022,NA
"European Region","ITA","Italy","Pisa",2017,17.69,26.88,35.72,NA,NA,95.37671233,"European Environment Agency (downloaded in 2021)",NA,2022,NA
"European Region","ITA","Italy","Pisa",2018,16.45,25.85,32.07,NA,NA,94.80593607,"European Environment Agency (downloaded in 2021)",NA,2022,NA
"European Region","ITA","Italy","Pisa",2019,15.91,24.86,32.66,NA,NA,94.09817352,"European Environment Agency (downloaded in 2021)",NA,2022,NA
"European Region","ITA","Italy","Pistoia",2017,NA,20.13,24.46,NA,NA,94.31506849,"European Environment Agency (downloaded in 2021)",NA,2022,NA
"European Region","ITA","Italy","Pistoia",2018,NA,19.25,21.71,NA,NA,95.2739726,"European Environment Agency (downloaded in 2021)",NA,2022,NA
"European Region","ITA","Italy","Pistoia",2019,NA,18.87,21.87,NA,NA,94.09817352,"European Environment Agency (downloaded in 2021)",NA,2022,NA
"European Region","ITA","Italy","Poggibonsi",2017,12.4,18.73,19.4,NA,NA,95.17123288,"European Environment Agency (downloaded in 2021)",NA,2022,NA
"European Region","ITA","Italy","Poggibonsi",2018,12.2,18.58,16.91,NA,NA,95.02283105,"European Environment Agency (downloaded in 2021)",NA,2022,NA
"European Region","ITA","Italy","Poggibonsi",2019,11.8,18.62,17.43,NA,NA,95.03424658,"European Environment Agency (downloaded in 2021)",NA,2022,NA
"European Region","ITA","Italy","Polistena",2019,16.54,27.67,14.15,NA,NA,89.12100457,"European Environment Agency (downloaded in 2021)",NA,2022,NA
"European Region","ITA","Italy","Polla",2017,9.84,19.28,20.98,NA,NA,87.043379,"European Environment Agency (downloaded in 2021)",NA,2022,NA
"European Region","ITA","Italy","Polla",2019,8.04,17.17,19.15,NA,NA,89.8173516,"European Environment Agency (downloaded in 2021)",NA,2022,NA
"European Region","ITA","Italy","Pomigliano D'arco",2018,18.02,44.63,22.99,NA,NA,89.80593607,"European Environment Agency (downloaded in 2021)",NA,2022,NA
"European Region","ITA","Italy","Pomigliano D'arco",2019,19.01,38.48,19.22,NA,NA,89.30365297,"European Environment Agency (downloaded in 2021)",NA,2022,NA
"European Region","ITA","Italy","Ponti Sul Mincio",2017,27.14,33.89,22.73,NA,NA,98.03652968,"European Environment Agency (downloaded in 2021)",NA,2022,NA
"European Region","ITA","Italy","Ponti Sul Mincio",2018,22.36,29.37,24.2,NA,NA,98.89269406,"European Environment Agency (downloaded in 2021)",NA,2022,NA
"European Region","ITA","Italy","Ponti Sul Mincio",2019,20.7,27.06,20.81,NA,NA,91.16438356,"European Environment Agency (downloaded in 2021)",NA,2022,NA
"European Region","ITA","Italy","Pordenone",2017,18.16,26.4,28.51,NA,NA,93.12785388,"European Environment Agency (downloaded in 2021)",NA,2022,NA
"European Region","ITA","Italy","Pordenone",2018,16.35,22.92,27.09,NA,NA,94.76027397,"European Environment Agency (downloaded in 2021)",NA,2022,NA
"European Region","ITA","Italy","Pordenone",2019,17.47,24.48,26.63,NA,NA,91.91780822,"European Environment Agency (downloaded in 2021)",NA,2022,NA
"European Region","ITA","Italy","Portici",2017,11.19,27.77,22.35,NA,NA,96.55251142,"European Environment Agency (downloaded in 2021)",NA,2022,NA
"European Region","ITA","Italy","Portici",2018,11.91,33.52,19.49,NA,NA,85.83333333,"European Environment Agency (downloaded in 2021)",NA,2022,NA
"European Region","ITA","Italy","Portici",2019,11.52,28.22,20.34,NA,NA,81.33561644,"European Environment Agency (downloaded in 2021)",NA,2022,NA
"European Region","ITA","Italy","Porto Empedocle",2017,15.19,32.1,5.78,NA,NA,92.51141553,"European Environment Agency (downloaded in 2021)",NA,2022,NA
"European Region","ITA","Italy","Porto Empedocle",2018,15.91,35.15,8.27,NA,NA,88.99543379,"European Environment Agency (downloaded in 2021)",NA,2022,NA
"European Region","ITA","Italy","Porto Torres",2017,8.47,19.83,9.55,NA,NA,92.2260274,"European Environment Agency (downloaded in 2021)",NA,2022,NA
"European Region","ITA","Italy","Porto Torres",2018,7.57,17.88,7.22,NA,NA,93.67579909,"European Environment Agency (downloaded in 2021)",NA,2022,NA
"European Region","ITA","Italy","Porto Torres",2019,8.26,17.38,7.81,NA,NA,93.20015221,"European Environment Agency (downloaded in 2021)",NA,2022,NA
"European Region","ITA","Italy","Portoscuso",2017,13.37,23.51,7.87,NA,NA,90.0913242,"European Environment Agency (downloaded in 2021)",NA,2022,NA
"European Region","ITA","Italy","Portoscuso",2018,12.09,25.85,5.16,NA,NA,92.3630137,"European Environment Agency (downloaded in 2021)",NA,2022,NA
"European Region","ITA","Italy","Portoscuso",2019,9.18,26.15,3.36,NA,NA,92.5608828,"European Environment Agency (downloaded in 2021)",NA,2022,NA
"European Region","ITA","Italy","Potenza",2017,NA,14.78,5.76,NA,NA,93.37899543,"European Environment Agency (downloaded in 2021)",NA,2022,NA
"European Region","ITA","Italy","Potenza",2018,NA,17.35,5.91,NA,NA,86.10730594,"European Environment Agency (downloaded in 2021)",NA,2022,NA
"European Region","ITA","Italy","Potenza",2019,NA,16.71,7.29,NA,NA,87.7283105,"European Environment Agency (downloaded in 2021)",NA,2022,NA
"European Region","ITA","Italy","Pozzuoli",2019,9.62,26.47,19.32,NA,NA,85.2739726,"European Environment Agency (downloaded in 2021)",NA,2022,NA
"European Region","ITA","Italy","Prato",2017,17.18,24.58,32.49,NA,NA,95.29109589,"European Environment Agency (downloaded in 2021)",NA,2022,NA
"European Region","ITA","Italy","Prato",2018,16.22,24.41,28.56,NA,NA,94.74885845,"European Environment Agency (downloaded in 2021)",NA,2022,NA
"European Region","ITA","Italy","Prato",2019,15.52,24.21,28.54,NA,NA,94.94863014,"European Environment Agency (downloaded in 2021)",NA,2022,NA
"European Region","ITA","Italy","Prese-Montone",2017,NA,11.43,4.76,NA,NA,93.81278539,"European Environment Agency (downloaded in 2021)",NA,2022,NA
"European Region","ITA","Italy","Prese-Montone",2018,NA,10.59,5.77,NA,NA,90.28538813,"European Environment Agency (downloaded in 2021)",NA,2022,NA
"European Region","ITA","Italy","Prese-Montone",2019,NA,9.48,5.82,NA,NA,92.89954338,"European Environment Agency (downloaded in 2021)",NA,2022,NA
"European Region","ITA","Italy","Priolo Gargallo",2017,12.91,21.93,13.3,NA,NA,93.20776256,"European Environment Agency (downloaded in 2021)",NA,2022,NA
"European Region","ITA","Italy","Priolo Gargallo",2018,11.59,23.19,12.44,NA,NA,93.01369863,"European Environment Agency (downloaded in 2021)",NA,2022,NA
"European Region","ITA","Italy","Priolo Gargallo",2019,NA,22.12,12.01,NA,NA,88.56164384,"European Environment Agency (downloaded in 2021)",NA,2022,NA
"European Region","ITA","Italy","Quartu Sant'elena",2017,NA,29.3,15.9,NA,NA,94.39497717,"European Environment Agency (downloaded in 2021)",NA,2022,NA
"European Region","ITA","Italy","Quartu Sant'elena",2018,NA,21.61,14.77,NA,NA,92.28310502,"European Environment Agency (downloaded in 2021)",NA,2022,NA
"European Region","ITA","Italy","Quartu Sant'elena",2019,NA,17.94,12.22,NA,NA,94.96575342,"European Environment Agency (downloaded in 2021)",NA,2022,NA
"European Region","ITA","Italy","Quattromiglia",2017,NA,22.5,29.5,NA,NA,97.47716895,"European Environment Agency (downloaded in 2021)",NA,2022,NA
"European Region","ITA","Italy","Quattromiglia",2018,NA,22.15,26,NA,NA,97.32876712,"European Environment Agency (downloaded in 2021)",NA,2022,NA
"European Region","ITA","Italy","Quattromiglia",2019,NA,20.78,29.16,NA,NA,99.9543379,"European Environment Agency (downloaded in 2021)",NA,2022,NA
"European Region","ITA","Italy","Quiliano",2017,12.45,22.21,17.79,NA,NA,89.34931507,"European Environment Agency (downloaded in 2021)",NA,2022,NA
"European Region","ITA","Italy","Quiliano",2018,11.87,20.27,16.36,NA,NA,92.23744292,"European Environment Agency (downloaded in 2021)",NA,2022,NA
"European Region","ITA","Italy","Quiliano",2019,11.82,20.62,17.38,NA,NA,93.90410959,"European Environment Agency (downloaded in 2021)",NA,2022,NA
"European Region","ITA","Italy","Rapallo",2017,NA,16.67,36.57,NA,NA,89.89726027,"European Environment Agency (downloaded in 2021)",NA,2022,NA
"European Region","ITA","Italy","Rapallo",2019,NA,22.72,23.91,NA,NA,94.13242009,"European Environment Agency (downloaded in 2021)",NA,2022,NA
"European Region","ITA","Italy","Ravenna",2017,20.9,28.06,25.34,NA,NA,95.29680366,"European Environment Agency (downloaded in 2021)",NA,2022,NA
"European Region","ITA","Italy","Ravenna",2018,19.49,26.32,24.54,NA,NA,95.22260274,"European Environment Agency (downloaded in 2021)",NA,2022,NA
"European Region","ITA","Italy","Ravenna",2019,18.92,28.22,24.11,NA,NA,96.42123288,"European Environment Agency (downloaded in 2021)",NA,2022,NA
"European Region","ITA","Italy","Reggio Calabria",2017,10.01,19.23,19.14,NA,NA,96.56963471,"European Environment Agency (downloaded in 2021)",NA,2022,NA
"European Region","ITA","Italy","Reggio Calabria",2018,10.63,21.14,18.34,NA,NA,93.16780822,"European Environment Agency (downloaded in 2021)",NA,2022,NA
"European Region","ITA","Italy","Reggio Calabria",2019,11.4,22.69,16.74,NA,NA,95.01141553,"European Environment Agency (downloaded in 2021)",NA,2022,NA
"European Region","ITA","Italy","Reggio Emilia",2017,22.55,36.38,33.7,NA,NA,98.57876713,"European Environment Agency (downloaded in 2021)",NA,2022,NA
"European Region","ITA","Italy","Reggio Emilia",2018,19.59,31.39,28.83,NA,NA,98.13926941,"European Environment Agency (downloaded in 2021)",NA,2022,NA
"European Region","ITA","Italy","Reggio Emilia",2019,17.79,29.45,28.65,NA,NA,99.04109589,"European Environment Agency (downloaded in 2021)",NA,2022,NA
"European Region","ITA","Italy","Rezzato",2017,NA,42.29,26.24,NA,NA,99.17808219,"European Environment Agency (downloaded in 2021)",NA,2022,NA
"European Region","ITA","Italy","Rezzato",2018,NA,40.1,26.33,NA,NA,97.48858447,"European Environment Agency (downloaded in 2021)",NA,2022,NA
"European Region","ITA","Italy","Rezzato",2019,NA,37.24,27.12,NA,NA,95.95890411,"European Environment Agency (downloaded in 2021)",NA,2022,NA
"European Region","ITA","Italy","Rieti",2017,13.44,19.57,22.65,NA,NA,95.42237443,"European Environment Agency (downloaded in 2021)",NA,2022,NA
"European Region","ITA","Italy","Rieti",2018,13.27,19.23,21.19,NA,NA,95.3652968,"European Environment Agency (downloaded in 2021)",NA,2022,NA
"European Region","ITA","Italy","Rieti",2019,11.29,17.62,15.41,NA,NA,94.94292237,"European Environment Agency (downloaded in 2021)",NA,2022,NA
"European Region","ITA","Italy","Rimini",2017,18.29,30.26,31.76,NA,NA,95.17694064,"European Environment Agency (downloaded in 2021)",NA,2022,NA
"European Region","ITA","Italy","Rimini",2018,16.59,26.98,29.07,NA,NA,94.61757991,"European Environment Agency (downloaded in 2021)",NA,2022,NA
"European Region","ITA","Italy","Rimini",2019,15.93,29.57,31.14,NA,NA,93.34474886,"European Environment Agency (downloaded in 2021)",NA,2022,NA
"European Region","ITA","Italy","Roma",2017,14.41,26.22,44.05,NA,NA,94.23515982,"European Environment Agency (downloaded in 2021)",NA,2022,NA
"European Region","ITA","Italy","Roma",2018,14.02,25.62,39.05,NA,NA,93.06031203,"European Environment Agency (downloaded in 2021)",NA,2022,NA
"European Region","ITA","Italy","Roma",2019,12.96,25.34,38.1,NA,NA,93.94458281,"European Environment Agency (downloaded in 2021)",NA,2022,NA
"European Region","ITA","Italy","Ronchi Dei Legionari",2017,NA,16.48,15.66,NA,NA,86.94063927,"European Environment Agency (downloaded in 2021)",NA,2022,NA
"European Region","ITA","Italy","Ronchi Dei Legionari",2018,NA,18.67,13.68,NA,NA,88.64155251,"European Environment Agency (downloaded in 2021)",NA,2022,NA
"European Region","ITA","Italy","Ronchi Dei Legionari",2019,NA,17.89,15.54,NA,NA,88.94977169,"European Environment Agency (downloaded in 2021)",NA,2022,NA
"European Region","ITA","Italy","Rovereto",2017,17.02,22.06,31.67,NA,NA,98.31050228,"European Environment Agency (downloaded in 2021)",NA,2022,NA
"European Region","ITA","Italy","Rovereto",2018,15.06,19.2,27.29,NA,NA,98.21917808,"European Environment Agency (downloaded in 2021)",NA,2022,NA
"European Region","ITA","Italy","Rovereto",2019,12.87,16.18,25.5,NA,NA,99.36073059,"European Environment Agency (downloaded in 2021)",NA,2022,NA
"European Region","ITA","Italy","Rovigo",2017,27.51,35.83,23.85,NA,NA,94.8173516,"European Environment Agency (downloaded in 2021)",NA,2022,NA
"European Region","ITA","Italy","Rovigo",2018,24.66,31.52,25.29,NA,NA,94.7716895,"European Environment Agency (downloaded in 2021)",NA,2022,NA
"European Region","ITA","Italy","Rovigo",2019,23.72,33.05,26.78,NA,NA,95.01141553,"European Environment Agency (downloaded in 2021)",NA,2022,NA
"European Region","ITA","Italy","Sacile",2017,NA,30.89,29.76,NA,NA,85.90182648,"European Environment Agency (downloaded in 2021)",NA,2022,NA
"European Region","ITA","Italy","Sacile",2018,NA,29.2,25.87,NA,NA,91.16438356,"European Environment Agency (downloaded in 2021)",NA,2022,NA
"European Region","ITA","Italy","Sacile",2019,NA,28.26,26.89,NA,NA,92.96803653,"European Environment Agency (downloaded in 2021)",NA,2022,NA
"European Region","ITA","Italy","Salerno",2017,11.86,21.79,29.67,NA,NA,88.69101979,"European Environment Agency (downloaded in 2021)",NA,2022,NA
"European Region","ITA","Italy","Salerno",2018,10.03,20.43,31.24,NA,NA,88.88888889,"European Environment Agency (downloaded in 2021)",NA,2022,NA
"European Region","ITA","Italy","Salerno",2019,10.61,24.7,31.62,NA,NA,88.77853881,"European Environment Agency (downloaded in 2021)",NA,2022,NA
"European Region","ITA","Italy","Saliceto",2017,NA,23.54,13.99,NA,NA,95.02283105,"European Environment Agency (downloaded in 2021)",NA,2022,NA
"European Region","ITA","Italy","Saliceto",2018,NA,21.68,8.67,NA,NA,92.5456621,"European Environment Agency (downloaded in 2021)",NA,2022,NA
"European Region","ITA","Italy","Saliceto",2019,NA,21.74,9.62,NA,NA,90.94748858,"European Environment Agency (downloaded in 2021)",NA,2022,NA
"European Region","ITA","Italy","San Benedetto Del Tronto",2017,NA,22.83,21,NA,NA,93.36757991,"European Environment Agency (downloaded in 2021)",NA,2022,NA
"European Region","ITA","Italy","San Benedetto Del Tronto",2018,NA,30.51,25.76,NA,NA,94.30365297,"European Environment Agency (downloaded in 2021)",NA,2022,NA
"European Region","ITA","Italy","San Benedetto Del Tronto",2019,NA,26.12,26.26,NA,NA,90.85616438,"European Environment Agency (downloaded in 2021)",NA,2022,NA
"European Region","ITA","Italy","San Bonifacio",2017,NA,35.7,35.07,NA,NA,93.32191781,"European Environment Agency (downloaded in 2021)",NA,2022,NA
"European Region","ITA","Italy","San Bonifacio",2018,NA,29.73,29.45,NA,NA,90.1369863,"European Environment Agency (downloaded in 2021)",NA,2022,NA
"European Region","ITA","Italy","San Bonifacio",2019,NA,31.36,28.73,NA,NA,95.53652968,"European Environment Agency (downloaded in 2021)",NA,2022,NA
"European Region","ITA","Italy","San Felice A Cancello",2017,16.39,31.08,21.48,NA,NA,90.44520548,"European Environment Agency (downloaded in 2021)",NA,2022,NA
"European Region","ITA","Italy","San Felice A Cancello",2019,14.92,31.13,21.39,NA,NA,89.52054795,"European Environment Agency (downloaded in 2021)",NA,2022,NA
"European Region","ITA","Italy","San Filippo Del Mela",2018,NA,21.63,4.27,NA,NA,93.3847032,"European Environment Agency (downloaded in 2021)",NA,2022,NA
"European Region","ITA","Italy","San Filippo Del Mela",2019,NA,22.54,4.68,NA,NA,95.43378996,"European Environment Agency (downloaded in 2021)",NA,2022,NA
"European Region","ITA","Italy","San Gavino Monreale",2018,NA,36.24,12.67,NA,NA,91.98630137,"European Environment Agency (downloaded in 2021)",NA,2022,NA
"European Region","ITA","Italy","San Gavino Monreale",2019,NA,37.29,11.29,NA,NA,95.3652968,"European Environment Agency (downloaded in 2021)",NA,2022,NA
"European Region","ITA","Italy","San Giovanni Al Natisone",2017,NA,19.98,14.24,NA,NA,93.65296804,"European Environment Agency (downloaded in 2021)",NA,2022,NA
"European Region","ITA","Italy","San Giovanni Al Natisone",2018,NA,17.41,13.41,NA,NA,94.12100457,"European Environment Agency (downloaded in 2021)",NA,2022,NA
"European Region","ITA","Italy","San Giovanni Al Natisone",2019,NA,18.16,13.41,NA,NA,91.75799087,"European Environment Agency (downloaded in 2021)",NA,2022,NA
"European Region","ITA","Italy","San Giuliano Terme",2017,13.68,21.56,18.6,NA,NA,93.02511416,"European Environment Agency (downloaded in 2021)",NA,2022,NA
"European Region","ITA","Italy","San Giuliano Terme",2018,12.9,21.34,16.81,NA,NA,95.4109589,"European Environment Agency (downloaded in 2021)",NA,2022,NA
"European Region","ITA","Italy","San Giuliano Terme",2019,12.38,21.69,18.06,NA,NA,94.66894977,"European Environment Agency (downloaded in 2021)",NA,2022,NA
"European Region","ITA","Italy","San Lazzaro Di Savena",2017,NA,27.69,24.59,NA,NA,95.67351598,"European Environment Agency (downloaded in 2021)",NA,2022,NA
"European Region","ITA","Italy","San Lazzaro Di Savena",2018,NA,23.87,24.62,NA,NA,95.65068493,"European Environment Agency (downloaded in 2021)",NA,2022,NA
"European Region","ITA","Italy","San Lazzaro Di Savena",2019,NA,24.55,24.87,NA,NA,95.69634703,"European Environment Agency (downloaded in 2021)",NA,2022,NA
"European Region","ITA","Italy","San Pancrazio Salentino",2017,NA,22.78,8.52,NA,NA,86.79223744,"European Environment Agency (downloaded in 2021)",NA,2022,NA
"European Region","ITA","Italy","San Pancrazio Salentino",2018,NA,21.82,8.04,NA,NA,91.02739726,"European Environment Agency (downloaded in 2021)",NA,2022,NA
"European Region","ITA","Italy","San Pancrazio Salentino",2019,NA,20.31,7.07,NA,NA,89.25799087,"European Environment Agency (downloaded in 2021)",NA,2022,NA
"European Region","ITA","Italy","San Pietro Vernotico",2017,NA,24.56,10.53,NA,NA,87.2260274,"European Environment Agency (downloaded in 2021)",NA,2022,NA
"European Region","ITA","Italy","San Pietro Vernotico",2018,NA,21.15,8.92,NA,NA,92.94520548,"European Environment Agency (downloaded in 2021)",NA,2022,NA
"European Region","ITA","Italy","San Pietro Vernotico",2019,NA,18.33,8.61,NA,NA,93.72146119,"European Environment Agency (downloaded in 2021)",NA,2022,NA
"European Region","ITA","Italy","San Rocco",2017,25.79,33.86,18.89,NA,NA,98.60730594,"European Environment Agency (downloaded in 2021)",NA,2022,NA
"European Region","ITA","Italy","San Rocco",2018,19.14,29.55,16.79,NA,NA,97.6369863,"European Environment Agency (downloaded in 2021)",NA,2022,NA
"European Region","ITA","Italy","San Rocco",2019,20.12,29.43,15.7,NA,NA,99.36073059,"European Environment Agency (downloaded in 2021)",NA,2022,NA
"European Region","ITA","Italy","San Vitaliano",2017,18.31,48.21,27.41,NA,NA,93.02511416,"European Environment Agency (downloaded in 2021)",NA,2022,NA
"European Region","ITA","Italy","San Vitaliano",2019,18.65,46.89,31.16,NA,NA,91.07305936,"European Environment Agency (downloaded in 2021)",NA,2022,NA
"European Region","ITA","Italy","Sannazzaro De' Burgondi",2017,23.62,32.95,30.58,NA,NA,85.58219178,"European Environment Agency (downloaded in 2021)",NA,2022,NA
"European Region","ITA","Italy","Sannazzaro De' Burgondi",2018,21.29,28.4,22.69,NA,NA,77.7739726,"European Environment Agency (downloaded in 2021)",NA,2022,NA
"European Region","ITA","Italy","Sannazzaro De' Burgondi",2019,20.32,28.12,24.09,NA,NA,91.06164384,"European Environment Agency (downloaded in 2021)",NA,2022,NA
"European Region","ITA","Italy","Santa Croce Sull'arno",2017,NA,25.33,25.16,NA,NA,94.05251142,"European Environment Agency (downloaded in 2021)",NA,2022,NA
"European Region","ITA","Italy","Santa Croce Sull'arno",2018,NA,24.2,23.21,NA,NA,92.956621,"European Environment Agency (downloaded in 2021)",NA,2022,NA
"European Region","ITA","Italy","Santa Croce Sull'arno",2019,NA,24.22,21.97,NA,NA,95.01141553,"European Environment Agency (downloaded in 2021)",NA,2022,NA
"European Region","ITA","Italy","Santa Giusta",2017,NA,24.74,11.36,NA,NA,89.6347032,"European Environment Agency (downloaded in 2021)",NA,2022,NA
"European Region","ITA","Italy","Santa Giusta",2018,NA,24.76,8.25,NA,NA,92.4543379,"European Environment Agency (downloaded in 2021)",NA,2022,NA
"European Region","ITA","Italy","Santa Giusta",2019,NA,25.84,9.78,NA,NA,90.52511416,"European Environment Agency (downloaded in 2021)",NA,2022,NA
"European Region","ITA","Italy","Santo Stefano Di Magra",2017,NA,18.5,23.8,NA,NA,97.38584475,"European Environment Agency (downloaded in 2021)",NA,2022,NA
"European Region","ITA","Italy","Santo Stefano Di Magra",2018,NA,17.47,20.92,NA,NA,97.42009132,"European Environment Agency (downloaded in 2021)",NA,2022,NA
"European Region","ITA","Italy","Santo Stefano Di Magra",2019,NA,17.36,19.55,NA,NA,96.03881279,"European Environment Agency (downloaded in 2021)",NA,2022,NA
"European Region","ITA","Italy","Sarezzo",2017,NA,32.29,28.74,NA,NA,94.30365297,"European Environment Agency (downloaded in 2021)",NA,2022,NA
"European Region","ITA","Italy","Sarezzo",2018,NA,29.14,26.23,NA,NA,92.60273973,"European Environment Agency (downloaded in 2021)",NA,2022,NA
"European Region","ITA","Italy","Sarezzo",2019,NA,23.97,25.68,NA,NA,96.95205479,"European Environment Agency (downloaded in 2021)",NA,2022,NA
"European Region","ITA","Italy","Saronno",2017,23.39,34.59,38.56,NA,NA,99.94292237,"European Environment Agency (downloaded in 2021)",NA,2022,NA
"European Region","ITA","Italy","Saronno",2018,19.19,29.18,32.16,NA,NA,99.98858447,"European Environment Agency (downloaded in 2021)",NA,2022,NA
"European Region","ITA","Italy","Saronno",2019,16.8,26.88,26.7,NA,NA,99.96575342,"European Environment Agency (downloaded in 2021)",NA,2022,NA
"European Region","ITA","Italy","Sarroch",2017,10.92,18.55,11.35,NA,NA,95.37671233,"European Environment Agency (downloaded in 2021)",NA,2022,NA
"European Region","ITA","Italy","Sarroch",2018,13.88,19.38,10.32,NA,NA,91.40981735,"European Environment Agency (downloaded in 2021)",NA,2022,NA
"European Region","ITA","Italy","Sarroch",2019,10.05,18.46,8.39,NA,NA,94.19520548,"European Environment Agency (downloaded in 2021)",NA,2022,NA
"European Region","ITA","Italy","Sarzana",2017,NA,20.72,27.53,NA,NA,97.5456621,"European Environment Agency (downloaded in 2021)",NA,2022,NA
"European Region","ITA","Italy","Sarzana",2018,NA,19.21,21.41,NA,NA,92.8196347,"European Environment Agency (downloaded in 2021)",NA,2022,NA
"European Region","ITA","Italy","Sarzana",2019,NA,15.9,20.29,NA,NA,95.25114155,"European Environment Agency (downloaded in 2021)",NA,2022,NA
"European Region","ITA","Italy","Sassari",2017,5.84,21.01,22.24,NA,NA,93.57305937,"European Environment Agency (downloaded in 2021)",NA,2022,NA
"European Region","ITA","Italy","Sassari",2018,5.45,18.63,14.36,NA,NA,91.02739726,"European Environment Agency (downloaded in 2021)",NA,2022,NA
"European Region","ITA","Italy","Sassari",2019,5.79,18.77,11.89,NA,NA,93.83942161,"European Environment Agency (downloaded in 2021)",NA,2022,NA
"European Region","ITA","Italy","Sassuolo",2017,20.85,29.53,21,NA,NA,98.23059361,"European Environment Agency (downloaded in 2021)",NA,2022,NA
"European Region","ITA","Italy","Sassuolo",2018,18.47,26.22,21.9,NA,NA,99.48630137,"European Environment Agency (downloaded in 2021)",NA,2022,NA
"European Region","ITA","Italy","Sassuolo",2019,14.16,25.13,18.74,NA,NA,98.77853881,"European Environment Agency (downloaded in 2021)",NA,2022,NA
"European Region","ITA","Italy","Savignano Sul Rubicone",2017,18.77,27.37,17.82,NA,NA,90.19406393,"European Environment Agency (downloaded in 2021)",NA,2022,NA
"European Region","ITA","Italy","Savignano Sul Rubicone",2018,16.77,24.69,19.94,NA,NA,94.38356164,"European Environment Agency (downloaded in 2021)",NA,2022,NA
"European Region","ITA","Italy","Savignano Sul Rubicone",2019,15.88,25.05,22.19,NA,NA,96.17579909,"European Environment Agency (downloaded in 2021)",NA,2022,NA
"European Region","ITA","Italy","Savona",2017,14.92,21.66,24.25,NA,NA,94.10958904,"European Environment Agency (downloaded in 2021)",NA,2022,NA
"European Region","ITA","Italy","Savona",2018,14.5,19.16,22.71,NA,NA,93.89269407,"European Environment Agency (downloaded in 2021)",NA,2022,NA
"European Region","ITA","Italy","Savona",2019,11,16.63,20.38,NA,NA,90.99885845,"European Environment Agency (downloaded in 2021)",NA,2022,NA
"European Region","ITA","Italy","Scandicci",2017,NA,21.79,28.31,NA,NA,92.9109589,"European Environment Agency (downloaded in 2021)",NA,2022,NA
"European Region","ITA","Italy","Scandicci",2018,NA,21.47,26.48,NA,NA,92.4086758,"European Environment Agency (downloaded in 2021)",NA,2022,NA
"European Region","ITA","Italy","Scandicci",2019,NA,20.52,25.52,NA,NA,95.42237443,"European Environment Agency (downloaded in 2021)",NA,2022,NA
"European Region","ITA","Italy","Schio",2018,19.43,24.52,19.07,NA,NA,96.03881279,"European Environment Agency (downloaded in 2021)",NA,2022,NA
"European Region","ITA","Italy","Schio",2019,17.89,23.5,19.83,NA,NA,97.39726027,"European Environment Agency (downloaded in 2021)",NA,2022,NA
"European Region","ITA","Italy","Schivenoglia",2017,27.11,36.73,17.68,NA,NA,92.61415525,"European Environment Agency (downloaded in 2021)",NA,2022,NA
"European Region","ITA","Italy","Schivenoglia",2018,21.41,29.59,17.33,NA,NA,97.37442922,"European Environment Agency (downloaded in 2021)",NA,2022,NA
"European Region","ITA","Italy","Schivenoglia",2019,20.49,30.37,18.08,NA,NA,97.93378995,"European Environment Agency (downloaded in 2021)",NA,2022,NA
"European Region","ITA","Italy","Settimo Torinese",2017,29.52,43.61,36.44,NA,NA,98.26484018,"European Environment Agency (downloaded in 2021)",NA,2022,NA
"European Region","ITA","Italy","Settimo Torinese",2018,24.13,36.23,33.43,NA,NA,96.72374429,"European Environment Agency (downloaded in 2021)",NA,2022,NA
"European Region","ITA","Italy","Settimo Torinese",2019,21.76,33.97,36.35,NA,NA,98.75570776,"European Environment Agency (downloaded in 2021)",NA,2022,NA
"European Region","ITA","Italy","Seulo",2018,6.65,12.79,0.78,NA,NA,90.89041096,"European Environment Agency (downloaded in 2021)",NA,2022,NA
"European Region","ITA","Italy","Seulo",2019,4.66,11.64,0.75,NA,NA,95.01141553,"European Environment Agency (downloaded in 2021)",NA,2022,NA
"European Region","ITA","Italy","Siena",2017,NA,18.87,41.75,NA,NA,94.82876712,"European Environment Agency (downloaded in 2021)",NA,2022,NA
"European Region","ITA","Italy","Siena",2018,NA,18.3,36.44,NA,NA,95.2283105,"European Environment Agency (downloaded in 2021)",NA,2022,NA
"European Region","ITA","Italy","Siena",2019,NA,18.39,34.41,NA,NA,94.31506849,"European Environment Agency (downloaded in 2021)",NA,2022,NA
"European Region","ITA","Italy","Signa",2017,NA,23.21,20.55,NA,NA,94.57762557,"European Environment Agency (downloaded in 2021)",NA,2022,NA
"European Region","ITA","Italy","Signa",2018,NA,22.03,18.54,NA,NA,94.50913242,"European Environment Agency (downloaded in 2021)",NA,2022,NA
"European Region","ITA","Italy","Signa",2019,NA,21.84,18.62,NA,NA,91.56392694,"European Environment Agency (downloaded in 2021)",NA,2022,NA
"European Region","ITA","Italy","Simeri Crichi",2017,7.3,15.24,4.19,NA,NA,99.44063927,"European Environment Agency (downloaded in 2021)",NA,2022,NA
"European Region","ITA","Italy","Simeri Crichi",2018,9.47,17.5,2.68,NA,NA,99.46347032,"European Environment Agency (downloaded in 2021)",NA,2022,NA
"European Region","ITA","Italy","Simeri Crichi",2019,8.1,21.33,1.82,NA,NA,97.43150685,"European Environment Agency (downloaded in 2021)",NA,2022,NA
"European Region","ITA","Italy","Siniscola",2017,NA,12.05,8.3,NA,NA,93.61872146,"European Environment Agency (downloaded in 2021)",NA,2022,NA
"European Region","ITA","Italy","Siniscola",2018,NA,7.82,7.92,NA,NA,88.50456621,"European Environment Agency (downloaded in 2021)",NA,2022,NA
"European Region","ITA","Italy","Siniscola",2019,NA,20.97,8.81,NA,NA,94.01826484,"European Environment Agency (downloaded in 2021)",NA,2022,NA
"European Region","ITA","Italy","Siracusa",2017,NA,24.96,18.55,NA,NA,93.49695586,"European Environment Agency (downloaded in 2021)",NA,2022,NA
"European Region","ITA","Italy","Siracusa",2018,NA,26.59,16.91,NA,NA,93.80422375,"European Environment Agency (downloaded in 2021)",NA,2022,NA
"European Region","ITA","Italy","Siracusa",2019,NA,22.77,17.34,NA,NA,93.23059361,"European Environment Agency (downloaded in 2021)",NA,2022,NA
"European Region","ITA","Italy","Solofra",2017,11.8,22.59,12.92,NA,NA,91.11872146,"European Environment Agency (downloaded in 2021)",NA,2022,NA
"European Region","ITA","Italy","Solofra",2018,11.73,21.23,12,NA,NA,87.34018265,"European Environment Agency (downloaded in 2021)",NA,2022,NA
"European Region","ITA","Italy","Solofra",2019,13.01,23.03,11.58,NA,NA,91.66666667,"European Environment Agency (downloaded in 2021)",NA,2022,NA
"European Region","ITA","Italy","Sondrio",2017,19.54,24.07,25.06,NA,NA,95.95319635,"European Environment Agency (downloaded in 2021)",NA,2022,NA
"European Region","ITA","Italy","Sondrio",2018,18.49,22.32,21.02,NA,NA,99.30936073,"European Environment Agency (downloaded in 2021)",NA,2022,NA
"European Region","ITA","Italy","Sondrio",2019,16.49,20.26,22.32,NA,NA,96.88926941,"European Environment Agency (downloaded in 2021)",NA,2022,NA
"European Region","ITA","Italy","Soresina",2017,30.74,41.86,32.01,NA,NA,98.53881279,"European Environment Agency (downloaded in 2021)",NA,2022,NA
"European Region","ITA","Italy","Soresina",2018,26.69,37.38,29.36,NA,NA,99.62328767,"European Environment Agency (downloaded in 2021)",NA,2022,NA
"European Region","ITA","Italy","Soresina",2019,26.38,36.43,29.16,NA,NA,98.48173516,"European Environment Agency (downloaded in 2021)",NA,2022,NA
"European Region","ITA","Italy","Sparanise",2017,NA,32.12,14.89,NA,NA,92.71689498,"European Environment Agency (downloaded in 2021)",NA,2022,NA
"European Region","ITA","Italy","Sparanise",2018,NA,31.3,22.24,NA,NA,89.36073059,"European Environment Agency (downloaded in 2021)",NA,2022,NA
"European Region","ITA","Italy","Sparanise",2019,NA,22.06,20.7,NA,NA,89.92009132,"European Environment Agency (downloaded in 2021)",NA,2022,NA
"European Region","ITA","Italy","Spinadesco",2017,NA,41.02,21.13,NA,NA,91.27853881,"European Environment Agency (downloaded in 2021)",NA,2022,NA
"European Region","ITA","Italy","Spinadesco",2018,NA,35.69,21.55,NA,NA,96.43835616,"European Environment Agency (downloaded in 2021)",NA,2022,NA
"European Region","ITA","Italy","Spinadesco",2019,NA,35.56,21.08,NA,NA,99.8630137,"European Environment Agency (downloaded in 2021)",NA,2022,NA
"European Region","ITA","Italy","Spoleto",2017,10.32,16.12,30.86,NA,NA,94.65753425,"European Environment Agency (downloaded in 2021)",NA,2022,NA
"European Region","ITA","Italy","Spoleto",2018,10.73,17.16,18.58,NA,NA,94.50342466,"European Environment Agency (downloaded in 2021)",NA,2022,NA
"European Region","ITA","Italy","Spoleto",2019,8.49,13.58,31.7,NA,NA,94.42922374,"European Environment Agency (downloaded in 2021)",NA,2022,NA
"European Region","ITA","Italy","Statte",2017,NA,18.31,9.59,NA,NA,94.28082192,"European Environment Agency (downloaded in 2021)",NA,2022,NA
"European Region","ITA","Italy","Statte",2018,NA,16.84,9.02,NA,NA,91.84931507,"European Environment Agency (downloaded in 2021)",NA,2022,NA
"European Region","ITA","Italy","Statte",2019,NA,16.8,8.59,NA,NA,96.03881279,"European Environment Agency (downloaded in 2021)",NA,2022,NA
"European Region","ITA","Italy","Stazione",2017,20.55,27.01,20.17,NA,NA,94.12100457,"European Environment Agency (downloaded in 2021)",NA,2022,NA
"European Region","ITA","Italy","Stazione",2018,17.95,24.81,18.22,NA,NA,94.10958904,"European Environment Agency (downloaded in 2021)",NA,2022,NA
"European Region","ITA","Italy","Stazione",2019,16.38,23.51,17.56,NA,NA,95.37671233,"European Environment Agency (downloaded in 2021)",NA,2022,NA
"European Region","ITA","Italy","Stazione Di Padule",2017,11.51,16.52,12.75,NA,NA,86.01598174,"European Environment Agency (downloaded in 2021)",NA,2022,NA
"European Region","ITA","Italy","Stazione Di Padule",2018,12,16.9,9.16,NA,NA,91.14155251,"European Environment Agency (downloaded in 2021)",NA,2022,NA
"European Region","ITA","Italy","Stazione Di Padule",2019,10.55,16.12,10.25,NA,NA,95.3196347,"European Environment Agency (downloaded in 2021)",NA,2022,NA
"European Region","ITA","Italy","Surbo",2018,NA,22.19,11.79,NA,NA,82.97945205,"European Environment Agency (downloaded in 2021)",NA,2022,NA
"European Region","ITA","Italy","Surbo",2019,NA,19.81,10.17,NA,NA,82.88812785,"European Environment Agency (downloaded in 2021)",NA,2022,NA
"European Region","ITA","Italy","Susa",2017,NA,21.53,19.24,NA,NA,95.75342466,"European Environment Agency (downloaded in 2021)",NA,2022,NA
"European Region","ITA","Italy","Susa",2018,NA,18.19,16.45,NA,NA,99.23515982,"European Environment Agency (downloaded in 2021)",NA,2022,NA
"European Region","ITA","Italy","Susa",2019,NA,14.69,15.23,NA,NA,98.02511416,"European Environment Agency (downloaded in 2021)",NA,2022,NA
"European Region","ITA","Italy","Taranto",2017,12.16,21.2,16.66,NA,NA,89.95814307,"European Environment Agency (downloaded in 2021)",NA,2022,NA
"European Region","ITA","Italy","Taranto",2018,11.88,21.42,16.68,NA,NA,92.74828767,"European Environment Agency (downloaded in 2021)",NA,2022,NA
"European Region","ITA","Italy","Taranto",2019,11.28,22.16,16.34,NA,NA,94.27853881,"European Environment Agency (downloaded in 2021)",NA,2022,NA
"European Region","ITA","Italy","Tavazzano Con Villavesco",2017,NA,39.02,25.66,NA,NA,94.07534247,"European Environment Agency (downloaded in 2021)",NA,2022,NA
"European Region","ITA","Italy","Tavazzano Con Villavesco",2018,NA,33.55,24.29,NA,NA,88.83561644,"European Environment Agency (downloaded in 2021)",NA,2022,NA
"European Region","ITA","Italy","Tavazzano Con Villavesco",2019,NA,29.35,24.74,NA,NA,98.74429224,"European Environment Agency (downloaded in 2021)",NA,2022,NA
"European Region","ITA","Italy","Teramo",2017,NA,21.63,16.04,NA,NA,94.97716895,"European Environment Agency (downloaded in 2021)",NA,2022,NA
"European Region","ITA","Italy","Teramo",2018,12.76,24.59,12.25,NA,NA,100,"European Environment Agency (downloaded in 2021)",NA,2022,NA
"European Region","ITA","Italy","Termini Imerese",2017,NA,16.64,5.97,NA,NA,94.50913242,"European Environment Agency (downloaded in 2021)",NA,2022,NA
"European Region","ITA","Italy","Termini Imerese",2018,NA,18.29,5.64,NA,NA,93.27625571,"European Environment Agency (downloaded in 2021)",NA,2022,NA
"European Region","ITA","Italy","Termini Imerese",2019,NA,18.91,8.27,NA,NA,92.06621005,"European Environment Agency (downloaded in 2021)",NA,2022,NA
"European Region","ITA","Italy","Termoli",2017,NA,19.78,26.95,NA,NA,95.32534247,"European Environment Agency (downloaded in 2021)",NA,2022,NA
"European Region","ITA","Italy","Termoli",2018,NA,17.73,18.53,NA,NA,95.15981736,"European Environment Agency (downloaded in 2021)",NA,2022,NA
"European Region","ITA","Italy","Terni",2017,23.68,32.71,22.81,NA,NA,95.11415525,"European Environment Agency (downloaded in 2021)",NA,2022,NA
"European Region","ITA","Italy","Terni",2018,21.82,30.61,15.64,NA,NA,95.98554034,"European Environment Agency (downloaded in 2021)",NA,2022,NA
"European Region","ITA","Italy","Terni",2019,17.3,26.21,20.77,NA,NA,96.48021309,"European Environment Agency (downloaded in 2021)",NA,2022,NA
"European Region","ITA","Italy","Tolmezzo",2017,NA,15.03,13.31,NA,NA,87.3630137,"European Environment Agency (downloaded in 2021)",NA,2022,NA
"European Region","ITA","Italy","Torchiarolo",2017,19.65,31.89,14.52,NA,NA,93.02511416,"European Environment Agency (downloaded in 2021)",NA,2022,NA
"European Region","ITA","Italy","Torchiarolo",2018,18.75,28.3,13.42,NA,NA,93.45319635,"European Environment Agency (downloaded in 2021)",NA,2022,NA
"European Region","ITA","Italy","Torchiarolo",2019,15.53,24.41,11.59,NA,NA,94.00684932,"European Environment Agency (downloaded in 2021)",NA,2022,NA
"European Region","ITA","Italy","Torgiano",2017,10.5,15.92,12.15,NA,NA,94.7260274,"European Environment Agency (downloaded in 2021)",NA,2022,NA
"European Region","ITA","Italy","Torgiano",2018,11.36,15.74,10.43,NA,NA,92.69406393,"European Environment Agency (downloaded in 2021)",NA,2022,NA
"European Region","ITA","Italy","Torgiano",2019,10.94,15.76,13.93,NA,NA,88.99543379,"European Environment Agency (downloaded in 2021)",NA,2022,NA
"European Region","ITA","Italy","Torino",2017,29.26,41.53,53.94,NA,NA,92.91952055,"European Environment Agency (downloaded in 2021)",NA,2022,NA
"European Region","ITA","Italy","Torino",2018,23.05,32.37,43.44,NA,NA,94.73173516,"European Environment Agency (downloaded in 2021)",NA,2022,NA
"European Region","ITA","Italy","Torino",2019,21.38,29.32,45.9,NA,NA,91.21004566,"European Environment Agency (downloaded in 2021)",NA,2022,NA
"European Region","ITA","Italy","Torrechiara",2017,17.12,24.97,14.76,NA,NA,93.93835616,"European Environment Agency (downloaded in 2021)",NA,2022,NA
"European Region","ITA","Italy","Torrechiara",2018,13.7,19.97,12.97,NA,NA,96.98630137,"European Environment Agency (downloaded in 2021)",NA,2022,NA
"European Region","ITA","Italy","Torrechiara",2019,12.17,18.91,12.02,NA,NA,97.62557078,"European Environment Agency (downloaded in 2021)",NA,2022,NA
"European Region","ITA","Italy","Torviscosa",2017,NA,22.98,20.6,NA,NA,93.88127854,"European Environment Agency (downloaded in 2021)",NA,2022,NA
"European Region","ITA","Italy","Torviscosa",2018,NA,22.01,19.15,NA,NA,92.1803653,"European Environment Agency (downloaded in 2021)",NA,2022,NA
"European Region","ITA","Italy","Torviscosa",2019,NA,21.18,18.07,NA,NA,91.72374429,"European Environment Agency (downloaded in 2021)",NA,2022,NA
"European Region","ITA","Italy","Trapani",2017,NA,18.55,26.64,NA,NA,88.43607306,"European Environment Agency (downloaded in 2021)",NA,2022,NA
"European Region","ITA","Italy","Trapani",2018,NA,19.05,26.06,NA,NA,90.87899543,"European Environment Agency (downloaded in 2021)",NA,2022,NA
"European Region","ITA","Italy","Trapani",2019,NA,20.65,11.87,NA,NA,90.98173516,"European Environment Agency (downloaded in 2021)",NA,2022,NA
"European Region","ITA","Italy","Trento",2017,15.54,23.7,43.04,NA,NA,97.85958904,"European Environment Agency (downloaded in 2021)",NA,2022,NA
"European Region","ITA","Italy","Trento",2018,14,21.78,39.01,NA,NA,99.06392694,"European Environment Agency (downloaded in 2021)",NA,2022,NA
"European Region","ITA","Italy","Trento",2019,13.05,20.15,38.46,NA,NA,99.02968037,"European Environment Agency (downloaded in 2021)",NA,2022,NA
"European Region","ITA","Italy","Trepuzzi",2017,14.56,24.45,11.44,NA,NA,83.15068493,"European Environment Agency (downloaded in 2021)",NA,2022,NA
"European Region","ITA","Italy","Trepuzzi",2018,16.89,23.76,11.03,NA,NA,83.33333333,"European Environment Agency (downloaded in 2021)",NA,2022,NA
"European Region","ITA","Italy","Trepuzzi",2019,15.11,22.07,11.77,NA,NA,88.18493151,"European Environment Agency (downloaded in 2021)",NA,2022,NA
"European Region","ITA","Italy","Treviglio",2017,22.61,37.65,36.2,NA,NA,99.31506849,"European Environment Agency (downloaded in 2021)",NA,2022,NA
"European Region","ITA","Italy","Treviglio",2018,18.36,30.52,33.63,NA,NA,98.71004566,"European Environment Agency (downloaded in 2021)",NA,2022,NA
"European Region","ITA","Italy","Treviglio",2019,18.09,30.31,34.92,NA,NA,96.83789954,"European Environment Agency (downloaded in 2021)",NA,2022,NA
"European Region","ITA","Italy","Treviso",2017,24.79,36.57,35.36,NA,NA,94.70319635,"European Environment Agency (downloaded in 2021)",NA,2022,NA
"European Region","ITA","Italy","Treviso",2018,21.2,31.86,29.09,NA,NA,93.88127854,"European Environment Agency (downloaded in 2021)",NA,2022,NA
"European Region","ITA","Italy","Treviso",2019,20.26,31.56,27.98,NA,NA,94.64611872,"European Environment Agency (downloaded in 2021)",NA,2022,NA
"European Region","ITA","Italy","Trieste",2017,NA,21.96,25.25,NA,NA,86.96347032,"European Environment Agency (downloaded in 2021)",NA,2022,NA
"European Region","ITA","Italy","Trieste",2018,13.23,19.63,25.23,NA,NA,92.75114155,"European Environment Agency (downloaded in 2021)",NA,2022,NA
"European Region","ITA","Italy","Trieste",2019,12.01,18.47,24.24,NA,NA,91.52054794,"European Environment Agency (downloaded in 2021)",NA,2022,NA
"European Region","ITA","Italy","Trivero",2017,12.76,17.85,10.92,NA,NA,85.89041096,"European Environment Agency (downloaded in 2021)",NA,2022,NA
"European Region","ITA","Italy","Trivero",2018,9.99,14.79,10.3,NA,NA,78.56164384,"European Environment Agency (downloaded in 2021)",NA,2022,NA
"European Region","ITA","Italy","Trivero",2019,9.86,14.42,10.66,NA,NA,96.35844749,"European Environment Agency (downloaded in 2021)",NA,2022,NA
"European Region","ITA","Italy","Turbigo",2017,NA,31.05,23.44,NA,NA,99.8630137,"European Environment Agency (downloaded in 2021)",NA,2022,NA
"European Region","ITA","Italy","Turbigo",2018,NA,25.58,22.29,NA,NA,99.96575342,"European Environment Agency (downloaded in 2021)",NA,2022,NA
"European Region","ITA","Italy","Turbigo",2019,NA,24.89,23,NA,NA,99.07534247,"European Environment Agency (downloaded in 2021)",NA,2022,NA
"European Region","ITA","Italy","Udine",2017,17.09,22.78,23.13,NA,NA,91.44406393,"European Environment Agency (downloaded in 2021)",NA,2022,NA
"European Region","ITA","Italy","Udine",2018,16.09,19.56,20.36,NA,NA,94.69178082,"European Environment Agency (downloaded in 2021)",NA,2022,NA
"European Region","ITA","Italy","Udine",2019,14.47,19.39,20.23,NA,NA,93.30479452,"European Environment Agency (downloaded in 2021)",NA,2022,NA
"European Region","ITA","Italy","Ugovizza",2017,NA,10.89,15.26,NA,NA,93.59589041,"European Environment Agency (downloaded in 2021)",NA,2022,NA
"European Region","ITA","Italy","Ugovizza",2018,NA,11.37,12.67,NA,NA,93.66438356,"European Environment Agency (downloaded in 2021)",NA,2022,NA
"European Region","ITA","Italy","Ugovizza",2019,NA,10.18,12.29,NA,NA,93.99543379,"European Environment Agency (downloaded in 2021)",NA,2022,NA
"European Region","ITA","Italy","Urbino",2017,NA,21.49,11.91,NA,NA,87.94520548,"European Environment Agency (downloaded in 2021)",NA,2022,NA
"European Region","ITA","Italy","Urbino",2018,NA,20.54,12.66,NA,NA,89.6347032,"European Environment Agency (downloaded in 2021)",NA,2022,NA
"European Region","ITA","Italy","Urbino",2019,NA,16.75,11.51,NA,NA,79.9543379,"European Environment Agency (downloaded in 2021)",NA,2022,NA
"European Region","ITA","Italy","Vado Ligure",2017,13.03,23,27.7,NA,NA,90.59360731,"European Environment Agency (downloaded in 2021)",NA,2022,NA
"European Region","ITA","Italy","Vado Ligure",2018,13.2,22.05,20.95,NA,NA,94.38356164,"European Environment Agency (downloaded in 2021)",NA,2022,NA
"European Region","ITA","Italy","Vado Ligure",2019,12.65,21.93,20.54,NA,NA,94.55479452,"European Environment Agency (downloaded in 2021)",NA,2022,NA
"European Region","ITA","Italy","Valmadrera",2017,NA,26.93,23.45,NA,NA,99.47488584,"European Environment Agency (downloaded in 2021)",NA,2022,NA
"European Region","ITA","Italy","Valmadrera",2018,NA,23.94,20.81,NA,NA,98.27625571,"European Environment Agency (downloaded in 2021)",NA,2022,NA
"European Region","ITA","Italy","Valmadrera",2019,NA,20.35,20.5,NA,NA,99.12100457,"European Environment Agency (downloaded in 2021)",NA,2022,NA
"European Region","ITA","Italy","Valnogaredo",2017,NA,29.78,16.1,NA,NA,94.01826484,"European Environment Agency (downloaded in 2021)",NA,2022,NA
"European Region","ITA","Italy","Valnogaredo",2018,NA,27.14,14.47,NA,NA,94.45205479,"European Environment Agency (downloaded in 2021)",NA,2022,NA
"European Region","ITA","Italy","Valnogaredo",2019,NA,26.84,13.64,NA,NA,94.31506849,"European Environment Agency (downloaded in 2021)",NA,2022,NA
"European Region","ITA","Italy","Varese",2017,22.1,28.85,30.66,NA,NA,96.05593608,"European Environment Agency (downloaded in 2021)",NA,2022,NA
"European Region","ITA","Italy","Varese",2018,19.19,24.46,29.18,NA,NA,99.34360731,"European Environment Agency (downloaded in 2021)",NA,2022,NA
"European Region","ITA","Italy","Varese",2019,18.81,23.58,27.21,NA,NA,99.85159818,"European Environment Agency (downloaded in 2021)",NA,2022,NA
"European Region","ITA","Italy","Venafro",2017,NA,26.85,30.08,NA,NA,95.74200913,"European Environment Agency (downloaded in 2021)",NA,2022,NA
"European Region","ITA","Italy","Venafro",2018,NA,25.87,26.55,NA,NA,95.55365297,"European Environment Agency (downloaded in 2021)",NA,2022,NA
"European Region","ITA","Italy","Venafro",2019,20.58,29.93,19.38,NA,NA,87.03196347,"European Environment Agency (downloaded in 2021)",NA,2022,NA
"European Region","ITA","Italy","Venezia",2017,27.62,37.7,34.49,NA,NA,95.13984018,"European Environment Agency (downloaded in 2021)",NA,2022,NA
"European Region","ITA","Italy","Venezia",2018,24.74,33.31,29.37,NA,NA,94.62328767,"European Environment Agency (downloaded in 2021)",NA,2022,NA
"European Region","ITA","Italy","Venezia",2019,23.87,32.89,30.82,NA,NA,95.14840183,"European Environment Agency (downloaded in 2021)",NA,2022,NA
"European Region","ITA","Italy","Vercelli",2017,23.24,35.38,25.01,NA,NA,92.52853882,"European Environment Agency (downloaded in 2021)",NA,2022,NA
"European Region","ITA","Italy","Vercelli",2018,18.23,27.7,23.73,NA,NA,96.31849316,"European Environment Agency (downloaded in 2021)",NA,2022,NA
"European Region","ITA","Italy","Vercelli",2019,18.45,29.28,23.3,NA,NA,97.3173516,"European Environment Agency (downloaded in 2021)",NA,2022,NA
"European Region","ITA","Italy","Verona",2017,23.32,32.24,28.75,NA,NA,93.57876712,"European Environment Agency (downloaded in 2021)",NA,2022,NA
"European Region","ITA","Italy","Verona",2018,20.55,30.62,26.01,NA,NA,99.30365297,"European Environment Agency (downloaded in 2021)",NA,2022,NA
"European Region","ITA","Italy","Verona",2019,19.37,31.59,25.05,NA,NA,99.4520548,"European Environment Agency (downloaded in 2021)",NA,2022,NA
"European Region","ITA","Italy","Verucchio",2017,NA,21.7,10.73,NA,NA,94.93150685,"European Environment Agency (downloaded in 2021)",NA,2022,NA
"European Region","ITA","Italy","Verucchio",2018,NA,19.2,9.45,NA,NA,96.82648402,"European Environment Agency (downloaded in 2021)",NA,2022,NA
"European Region","ITA","Italy","Verucchio",2019,NA,18.77,12.61,NA,NA,97.5913242,"European Environment Agency (downloaded in 2021)",NA,2022,NA
"European Region","ITA","Italy","Vezzano",2017,NA,9.74,5.65,NA,NA,97.64840183,"European Environment Agency (downloaded in 2021)",NA,2022,NA
"European Region","ITA","Italy","Vezzano",2018,NA,9.83,4.52,NA,NA,99.53196347,"European Environment Agency (downloaded in 2021)",NA,2022,NA
"European Region","ITA","Italy","Vezzano",2019,NA,9.69,4.74,NA,NA,98.90410959,"European Environment Agency (downloaded in 2021)",NA,2022,NA
"European Region","ITA","Italy","Viareggio",2017,15.8,26.14,28.34,NA,NA,92.47716895,"European Environment Agency (downloaded in 2021)",NA,2022,NA
"European Region","ITA","Italy","Viareggio",2018,13.75,22.55,23.87,NA,NA,94.60045662,"European Environment Agency (downloaded in 2021)",NA,2022,NA
"European Region","ITA","Italy","Viareggio",2019,14.11,23.87,23.98,NA,NA,95.2283105,"European Environment Agency (downloaded in 2021)",NA,2022,NA
"European Region","ITA","Italy","Vibo Valentia",2017,11.41,20.19,18.98,NA,NA,95.76484018,"European Environment Agency (downloaded in 2021)",NA,2022,NA
"European Region","ITA","Italy","Vibo Valentia",2018,8.46,20.89,13.7,NA,NA,96.13584475,"European Environment Agency (downloaded in 2021)",NA,2022,NA
"European Region","ITA","Italy","Vibo Valentia",2019,12.43,20.89,14.41,NA,NA,95.03424658,"European Environment Agency (downloaded in 2021)",NA,2022,NA
"European Region","ITA","Italy","Vicenza",2017,27.87,37.78,36.99,NA,NA,97.10045662,"European Environment Agency (downloaded in 2021)",NA,2022,NA
"European Region","ITA","Italy","Vicenza",2018,23.66,31.45,31.42,NA,NA,97.2716895,"European Environment Agency (downloaded in 2021)",NA,2022,NA
"European Region","ITA","Italy","Vicenza",2019,25.58,32.54,31.73,NA,NA,97.42579909,"European Environment Agency (downloaded in 2021)",NA,2022,NA
"European Region","ITA","Italy","Vigevano",2017,NA,39.92,24.11,NA,NA,94.49771689,"European Environment Agency (downloaded in 2021)",NA,2022,NA
"European Region","ITA","Italy","Vigevano",2018,NA,33.99,22.78,NA,NA,98.23059361,"European Environment Agency (downloaded in 2021)",NA,2022,NA
"European Region","ITA","Italy","Vigevano",2019,NA,29.3,20.8,NA,NA,96.54109589,"European Environment Agency (downloaded in 2021)",NA,2022,NA
"European Region","ITA","Italy","Viggiano",2017,NA,17.54,6.44,NA,NA,96.02454338,"European Environment Agency (downloaded in 2021)",NA,2022,NA
"European Region","ITA","Italy","Viggiano",2018,10.33,17.69,5.07,NA,NA,94.82305936,"European Environment Agency (downloaded in 2021)",NA,2022,NA
"European Region","ITA","Italy","Viggiano",2019,10.77,18.87,5.67,NA,NA,94.82020548,"European Environment Agency (downloaded in 2021)",NA,2022,NA
"European Region","ITA","Italy","Villa Baldassarri",2017,NA,24.21,8.02,NA,NA,93.45890411,"European Environment Agency (downloaded in 2021)",NA,2022,NA
"European Region","ITA","Italy","Villa Baldassarri",2018,NA,26.38,6.54,NA,NA,89.48630137,"European Environment Agency (downloaded in 2021)",NA,2022,NA
"European Region","ITA","Italy","Villa Baldassarri",2019,NA,22.63,6.45,NA,NA,94.30365297,"European Environment Agency (downloaded in 2021)",NA,2022,NA
"European Region","ITA","Italy","Vinchio",2017,20.83,29.29,13.99,NA,NA,93.75570776,"European Environment Agency (downloaded in 2021)",NA,2022,NA
"European Region","ITA","Italy","Vinchio",2018,19.31,25.63,12.09,NA,NA,90.73059361,"European Environment Agency (downloaded in 2021)",NA,2022,NA
"European Region","ITA","Italy","Vinchio",2019,15.58,21.45,12.61,NA,NA,95.39954338,"European Environment Agency (downloaded in 2021)",NA,2022,NA
"European Region","ITA","Italy","Viterbo",2017,10.77,17.75,27.93,NA,NA,94.61187215,"European Environment Agency (downloaded in 2021)",NA,2022,NA
"European Region","ITA","Italy","Viterbo",2018,11.75,17.71,22.97,NA,NA,94.96575342,"European Environment Agency (downloaded in 2021)",NA,2022,NA
"European Region","ITA","Italy","Viterbo",2019,11.28,16.65,22.5,NA,NA,95.55936073,"European Environment Agency (downloaded in 2021)",NA,2022,NA
"European Region","ITA","Italy","Voghera",2017,NA,31.2,22.49,NA,NA,98.04794521,"European Environment Agency (downloaded in 2021)",NA,2022,NA
"European Region","ITA","Italy","Voghera",2018,NA,29.17,18.57,NA,NA,98.19634703,"European Environment Agency (downloaded in 2021)",NA,2022,NA
"European Region","ITA","Italy","Voghera",2019,NA,26.56,22.25,NA,NA,98.64155251,"European Environment Agency (downloaded in 2021)",NA,2022,NA
"European Region","ITA","Italy","Zappellone",2017,NA,35.12,26.16,NA,NA,98.32191781,"European Environment Agency (downloaded in 2021)",NA,2022,NA
"European Region","ITA","Italy","Zappellone",2018,NA,28.29,22.08,NA,NA,98.51598174,"European Environment Agency (downloaded in 2021)",NA,2022,NA
"European Region","ITA","Italy","Zappellone",2019,NA,28.01,20.9,NA,NA,98.68721461,"European Environment Agency (downloaded in 2021)",NA,2022,NA
"European Region","ITA","Italy","Zona Industriale San Nicola",2017,NA,18.62,14.4,NA,NA,95.06849315,"European Environment Agency (downloaded in 2021)",NA,2022,NA
"European Region","ITA","Italy","Zona Industriale San Nicola",2018,10.53,17,12.29,NA,NA,98.02511416,"European Environment Agency (downloaded in 2021)",NA,2022,NA
"European Region","ITA","Italy","Zona Industriale San Nicola",2019,9.61,16.85,13.16,NA,NA,97.02054795,"European Environment Agency (downloaded in 2021)",NA,2022,NA
"European Region","LTU","Lithuania","Jonava",2017,NA,10.86,8.52,NA,NA,97.75114155,"European Environment Agency (downloaded in 2021)",NA,2022,NA
"European Region","LTU","Lithuania","Jonava",2018,NA,12.93,10.21,NA,NA,96.87214612,"European Environment Agency (downloaded in 2021)",NA,2022,NA
"European Region","LTU","Lithuania","Jonava",2019,NA,14.54,9.65,NA,NA,98.65296804,"European Environment Agency (downloaded in 2021)",NA,2022,NA
"European Region","LTU","Lithuania","Kaunas",2017,14.33,24.87,18.18,NA,NA,88.61872146,"European Environment Agency (downloaded in 2021)",NA,2022,NA
"European Region","LTU","Lithuania","Kaunas",2018,12.5,29.02,21.18,NA,NA,97.7739726,"European Environment Agency (downloaded in 2021)",NA,2022,NA
"European Region","LTU","Lithuania","Kaunas",2019,11.37,34.02,19.59,NA,NA,97.78538813,"European Environment Agency (downloaded in 2021)",NA,2022,NA
"European Region","LTU","Lithuania","Kedainiai",2017,NA,21.21,16.06,NA,NA,94.70319635,"European Environment Agency (downloaded in 2021)",NA,2022,NA
"European Region","LTU","Lithuania","Kedainiai",2018,NA,24.44,15.58,NA,NA,92.07762557,"European Environment Agency (downloaded in 2021)",NA,2022,NA
"European Region","LTU","Lithuania","Kedainiai",2019,NA,17.96,10.91,NA,NA,98.69863014,"European Environment Agency (downloaded in 2021)",NA,2022,NA
"European Region","LTU","Lithuania","Klaipeda",2017,17.19,24.57,21.23,NA,NA,90.83333333,"European Environment Agency (downloaded in 2021)",NA,2022,NA
"European Region","LTU","Lithuania","Klaipeda",2018,20.39,30.12,23.93,NA,NA,95.06849315,"European Environment Agency (downloaded in 2021)",NA,2022,NA
"European Region","LTU","Lithuania","Klaipeda",2019,15.64,22.88,20.45,NA,NA,99.00684932,"European Environment Agency (downloaded in 2021)",NA,2022,NA
"European Region","LTU","Lithuania","Mazeikiai",2017,NA,25.11,7.1,NA,NA,96.18721461,"European Environment Agency (downloaded in 2021)",NA,2022,NA
"European Region","LTU","Lithuania","Mazeikiai",2018,NA,29.69,7.02,NA,NA,95.03424658,"European Environment Agency (downloaded in 2021)",NA,2022,NA
"European Region","LTU","Lithuania","Mazeikiai",2019,NA,26.59,6.86,NA,NA,99.71461187,"European Environment Agency (downloaded in 2021)",NA,2022,NA
"European Region","LTU","Lithuania","Noreikiskes",2017,7.2,14.32,7.54,NA,NA,93.29908676,"European Environment Agency (downloaded in 2021)",NA,2022,NA
"European Region","LTU","Lithuania","Noreikiskes",2018,12.59,22.06,9.27,NA,NA,90.28538813,"European Environment Agency (downloaded in 2021)",NA,2022,NA
"European Region","LTU","Lithuania","Noreikiskes",2019,15.47,25.07,8.31,NA,NA,95.38812785,"European Environment Agency (downloaded in 2021)",NA,2022,NA
"European Region","LTU","Lithuania","Panevezys",2017,NA,14.51,13.2,NA,NA,90.15981735,"European Environment Agency (downloaded in 2021)",NA,2022,NA
"European Region","LTU","Lithuania","Panevezys",2018,NA,17.85,16.01,NA,NA,95.03424658,"European Environment Agency (downloaded in 2021)",NA,2022,NA
"European Region","LTU","Lithuania","Panevezys",2019,NA,26.12,17.31,NA,NA,97.67123288,"European Environment Agency (downloaded in 2021)",NA,2022,NA
"European Region","LTU","Lithuania","Siauliai",2018,NA,30.59,23.6,NA,NA,96.88356164,"European Environment Agency (downloaded in 2021)",NA,2022,NA
"European Region","LTU","Lithuania","Siauliai",2019,NA,23.85,18.77,NA,NA,98.66438356,"European Environment Agency (downloaded in 2021)",NA,2022,NA
"European Region","LTU","Lithuania","Vilnius",2017,12.7,25.6,21.93,NA,NA,85.65829528,"European Environment Agency (downloaded in 2021)","4 Urban",2022,NA
"European Region","LTU","Lithuania","Vilnius",2018,13.26,24.58,21.75,NA,NA,91.27853881,"European Environment Agency (downloaded in 2021)","4 Urban",2022,NA
"European Region","LTU","Lithuania","Vilnius",2019,13.52,22.79,19.28,NA,NA,98.58447489,"European Environment Agency (downloaded in 2021)","4 Urban",2022,NA
"European Region","LUX","Luxembourg","Bourglinster",2017,8.65,16.8,9.99,NA,NA,97.53424658,"European Environment Agency (downloaded in 2021)",NA,2022,NA
"European Region","LUX","Luxembourg","Bourglinster",2018,8.51,19.36,9.12,NA,NA,95.67351598,"European Environment Agency (downloaded in 2021)",NA,2022,NA
"European Region","LUX","Luxembourg","Bourglinster",2019,6.89,14.74,8.99,NA,NA,97.37442922,"European Environment Agency (downloaded in 2021)",NA,2022,NA
"European Region","LUX","Luxembourg","Esch-Sur-Alzette",2017,9.33,22.73,25.13,NA,NA,96.73515982,"European Environment Agency (downloaded in 2021)",NA,2022,NA
"European Region","LUX","Luxembourg","Esch-Sur-Alzette",2018,9.62,22.79,36.62,NA,NA,87.83675799,"European Environment Agency (downloaded in 2021)",NA,2022,NA
"European Region","LUX","Luxembourg","Esch-Sur-Alzette",2019,8.01,18.28,33.9,NA,NA,96.82077626,"European Environment Agency (downloaded in 2021)",NA,2022,NA
"European Region","LUX","Luxembourg","Luxembourg",2017,11.54,19.98,37.22,NA,NA,95.87899544,"European Environment Agency (downloaded in 2021)",NA,2022,NA
"European Region","LUX","Luxembourg","Luxembourg",2018,10.32,18.64,31.05,NA,NA,94.40068493,"European Environment Agency (downloaded in 2021)",NA,2022,NA
"European Region","LUX","Luxembourg","Luxembourg",2019,9.06,17.42,29.06,NA,NA,95.35388128,"European Environment Agency (downloaded in 2021)",NA,2022,NA
"European Region","LVA","Latvia","Liepaja",2017,16.01,21.07,12.14,NA,NA,83.69863014,"European Environment Agency (downloaded in 2021)",NA,2022,NA
"European Region","LVA","Latvia","Liepaja",2018,16.43,23.95,22.66,NA,NA,97.76255708,"European Environment Agency (downloaded in 2021)",NA,2022,NA
"European Region","LVA","Latvia","Liepaja",2019,13.38,21.28,20.72,NA,NA,99.15525114,"European Environment Agency (downloaded in 2021)",NA,2022,NA
"European Region","LVA","Latvia","Rezekne",2017,16.08,19.64,11.97,NA,NA,94.85159817,"European Environment Agency (downloaded in 2021)",NA,2022,NA
"European Region","LVA","Latvia","Rezekne",2018,15.32,21.62,11.33,NA,NA,89.25799087,"European Environment Agency (downloaded in 2021)",NA,2022,NA
"European Region","LVA","Latvia","Rezekne",2019,12.54,19.51,12.23,NA,NA,94.73744292,"European Environment Agency (downloaded in 2021)",NA,2022,NA
"European Region","LVA","Latvia","Riga",2017,13.58,24.43,22.19,NA,NA,93.96118721,"European Environment Agency (downloaded in 2021)",NA,2022,NA
"European Region","LVA","Latvia","Riga",2018,16.06,29.63,25.69,NA,NA,81.60388128,"European Environment Agency (downloaded in 2021)",NA,2022,NA
"European Region","LVA","Latvia","Riga",2019,12.13,27.39,22.16,NA,NA,94.31506849,"European Environment Agency (downloaded in 2021)",NA,2022,NA
"European Region","LVA","Latvia","Rucavas Pagasts",2017,7.82,11.08,2.14,NA,NA,100,"European Environment Agency (downloaded in 2021)",NA,2022,NA
"European Region","LVA","Latvia","Rucavas Pagasts",2018,9.97,15.03,2.42,NA,NA,100,"European Environment Agency (downloaded in 2021)",NA,2022,NA
"European Region","LVA","Latvia","Rucavas Pagasts",2019,8.83,15.15,2.11,NA,NA,85.20547945,"European Environment Agency (downloaded in 2021)",NA,2022,NA
"European Region","LVA","Latvia","Ventspils",2018,13.06,19.13,7.59,NA,NA,81.96347032,"European Environment Agency (downloaded in 2021)",NA,2022,NA
"European Region","LVA","Latvia","Ventspils",2019,10.29,16.05,7.98,NA,NA,76.18721461,"European Environment Agency (downloaded in 2021)",NA,2022,NA
"European Region","MCO","Monaco","Monaco",2017,NA,16.5,35,NA,95,94,"Direction de l'Environnement, Gouvernement Princier de Monaco","4 Urban background, 3 Urban traffic",2022,NA
"European Region","MCO","Monaco","Monaco",2018,NA,11.5,34.25,NA,96.5,99,"Direction de l'Environnement, Gouvernement Princier de Monaco","3 Urban background, 2 Urban traffic",2022,NA
"European Region","MCO","Monaco","Monaco",2019,NA,14,32,NA,98.5,95.4,"Direction de l'Environnement, Gouvernement Princier de Monaco","4 Urban background, 3 Urban traffic",2022,NA
"European Region","MKD","North Macedonia","Bitola",2017,NA,54.99,24.67,NA,NA,91.86073059,"European Environment Agency (downloaded in 2021)",NA,2022,NA
"European Region","MKD","North Macedonia","Bitola",2018,NA,46.44,23.3,NA,NA,84.9086758,"European Environment Agency (downloaded in 2021)",NA,2022,NA
"European Region","MKD","North Macedonia","Kumanovo",2018,NA,52.06,20,NA,NA,99.84018265,"European Environment Agency (downloaded in 2021)",NA,2022,NA
"European Region","MKD","North Macedonia","Lazaropole",2019,NA,14.98,1.23,NA,NA,90.21689498,"European Environment Agency (downloaded in 2021)",NA,2022,NA
"European Region","MKD","North Macedonia","Skopje",2017,43.48,70.15,21.39,NA,NA,99.36073059,"European Environment Agency (downloaded in 2021)",NA,2022,NA
"European Region","MKD","North Macedonia","Skopje",2018,NA,59.11,26.14,NA,NA,90.66780822,"European Environment Agency (downloaded in 2021)",NA,2022,NA
"European Region","MKD","North Macedonia","Skopje",2019,NA,51.5,16.94,NA,NA,95.18645358,"European Environment Agency (downloaded in 2021)",NA,2022,NA
"European Region","MKD","North Macedonia","Tetove",2018,NA,50.05,27.94,NA,NA,97.61415525,"European Environment Agency (downloaded in 2021)",NA,2022,NA
"European Region","MKD","North Macedonia","Veles",2017,NA,44.09,20.55,NA,NA,87.92237443,"European Environment Agency (downloaded in 2021)",NA,2022,NA
"European Region","MLT","Malta","Gharb",2018,8.6,19.6,3.3,97.8,97,97.5,"Annual report on air quality by the Environment & Resources Authority","3 Rural background",2022,NA
"European Region","MLT","Malta","Iz-Zejtun",2018,12.08,31.88,13.73,NA,NA,100,"European Environment Agency (downloaded in 2021)",NA,2022,NA
"European Region","MLT","Malta","Iz-Zejtun",2019,11.98,29.43,14.79,NA,NA,92.96803653,"European Environment Agency (downloaded in 2021)",NA,2022,NA
"European Region","MLT","Malta","L-Gharb",2017,8.42,15.76,3.02,NA,NA,100,"European Environment Agency (downloaded in 2021)",NA,2022,NA
"European Region","MLT","Malta","L-Gharb",2018,8.64,19.62,3.31,NA,NA,100,"European Environment Agency (downloaded in 2021)",NA,2022,NA
"European Region","MLT","Malta","L-Gharb",2019,9.07,18.91,3.08,NA,NA,96.23287671,"European Environment Agency (downloaded in 2021)",NA,2022,NA
"European Region","MLT","Malta","L-Imsida",2017,13.94,38.11,37.46,NA,NA,100,"European Environment Agency (downloaded in 2021)",NA,2022,NA
"European Region","MLT","Malta","L-Imsida",2018,14.43,43.08,34.62,NA,NA,100,"European Environment Agency (downloaded in 2021)",NA,2022,NA
"European Region","MLT","Malta","L-Imsida",2019,14.03,41.27,30.32,NA,NA,83.25342466,"European Environment Agency (downloaded in 2021)",NA,2022,NA
"European Region","MLT","Malta","Msida",2018,14.4,43.1,34.6,98.9,99.2,93.47,"Annual report on air quality by the Environment & Resources Authority","3 Traffic",2022,NA
"European Region","MLT","Malta","Zejtun",2018,12.1,31.9,13.7,99.5,92.3,84.8,"Annual report on air quality by the Environment & Resources Authority","3 Urban background",2022,NA
"European Region","MNE","Montenegro","Pljevlja",2017,NA,66.43,21.34,NA,NA,92.3630137,"European Environment Agency (downloaded in 2021)",NA,2022,NA
"European Region","MNE","Montenegro","Pljevlja",2018,NA,58.77,21.35,NA,NA,100,"European Environment Agency (downloaded in 2021)",NA,2022,NA
"European Region","MNE","Montenegro","Podgorica",2017,NA,37.15,18.55,NA,NA,88.74429224,"European Environment Agency (downloaded in 2021)",NA,2022,NA
"European Region","MNE","Montenegro","Podgorica",2018,NA,40.3,18.63,NA,NA,100,"European Environment Agency (downloaded in 2021)",NA,2022,NA
"European Region","NLD","Netherlands","Amsterdam",2017,12.89,20.92,34.08,NA,NA,98.44368341,"European Environment Agency (downloaded in 2021)",NA,2022,NA
"European Region","NLD","Netherlands","Amsterdam",2018,13.33,21.95,32.12,NA,NA,98.60984272,"European Environment Agency (downloaded in 2021)",NA,2022,NA
"European Region","NLD","Netherlands","Amsterdam",2019,11.15,19.91,29.87,NA,NA,98.17732116,"European Environment Agency (downloaded in 2021)",NA,2022,NA
"European Region","NLD","Netherlands","Badhoevedorp",2017,11.93,19.06,30.53,NA,NA,99.15525114,"European Environment Agency (downloaded in 2021)",NA,2022,NA
"European Region","NLD","Netherlands","Badhoevedorp",2018,12.7,20.73,26.86,NA,NA,99.17808219,"European Environment Agency (downloaded in 2021)",NA,2022,NA
"European Region","NLD","Netherlands","Badhoevedorp",2019,11.7,19.02,25.83,NA,NA,99.12100457,"European Environment Agency (downloaded in 2021)",NA,2022,NA
"European Region","NLD","Netherlands","Biddinghuizen",2017,NA,15.53,13.33,NA,NA,98.33333333,"European Environment Agency (downloaded in 2021)",NA,2022,NA
"European Region","NLD","Netherlands","Biddinghuizen",2018,NA,17.26,13.35,NA,NA,97.79680365,"European Environment Agency (downloaded in 2021)",NA,2022,NA
"European Region","NLD","Netherlands","Biddinghuizen",2019,NA,16.11,11.76,NA,NA,99.08675799,"European Environment Agency (downloaded in 2021)",NA,2022,NA
"European Region","NLD","Netherlands","Biest-Houtakker",2017,11.12,19.72,21.09,NA,NA,98.74429224,"European Environment Agency (downloaded in 2021)",NA,2022,NA
"European Region","NLD","Netherlands","Biest-Houtakker",2018,12.78,21.31,24.78,NA,NA,91.98630137,"European Environment Agency (downloaded in 2021)",NA,2022,NA
"European Region","NLD","Netherlands","Biest-Houtakker",2019,10.87,18.84,20.92,NA,NA,97.30593607,"European Environment Agency (downloaded in 2021)",NA,2022,NA
"European Region","NLD","Netherlands","Breda",2017,12.73,20.72,28.31,NA,NA,91.58675799,"European Environment Agency (downloaded in 2021)",NA,2022,NA
"European Region","NLD","Netherlands","Breda",2018,12.62,21.55,26.1,NA,NA,97.95091324,"European Environment Agency (downloaded in 2021)",NA,2022,NA
"European Region","NLD","Netherlands","Breda",2019,9.81,19.81,25.56,NA,NA,99.69748859,"European Environment Agency (downloaded in 2021)",NA,2022,NA
"European Region","NLD","Netherlands","Den Haag",2017,10.22,20.24,28.4,NA,NA,96.59436834,"European Environment Agency (downloaded in 2021)",NA,2022,NA
"European Region","NLD","Netherlands","Den Haag",2018,10.2,20.31,27.11,NA,NA,97.89954338,"European Environment Agency (downloaded in 2021)",NA,2022,NA
"European Region","NLD","Netherlands","Den Haag",2019,8.63,19.58,25.5,NA,NA,98.89649924,"European Environment Agency (downloaded in 2021)",NA,2022,NA
"European Region","NLD","Netherlands","Dordrecht",2017,NA,18,22.93,NA,NA,99.543379,"European Environment Agency (downloaded in 2021)",NA,2022,NA
"European Region","NLD","Netherlands","Dordrecht",2018,NA,18.48,20.92,NA,NA,99.53196347,"European Environment Agency (downloaded in 2021)",NA,2022,NA
"European Region","NLD","Netherlands","Dordrecht",2019,NA,17.22,20.67,NA,NA,97.94520548,"European Environment Agency (downloaded in 2021)",NA,2022,NA
"European Region","NLD","Netherlands","Eibergen",2017,NA,18.19,13.14,NA,NA,86.59817352,"European Environment Agency (downloaded in 2021)",NA,2022,NA
"European Region","NLD","Netherlands","Eibergen",2018,NA,18.6,13.87,NA,NA,88.04794521,"European Environment Agency (downloaded in 2021)",NA,2022,NA
"European Region","NLD","Netherlands","Eibergen",2019,NA,15.92,13.83,NA,NA,99.25799087,"European Environment Agency (downloaded in 2021)",NA,2022,NA
"European Region","NLD","Netherlands","Eindhoven",2017,NA,20.44,26.97,NA,NA,97.65410959,"European Environment Agency (downloaded in 2021)",NA,2022,NA
"European Region","NLD","Netherlands","Eindhoven",2018,NA,20.9,25.25,NA,NA,98.45890411,"European Environment Agency (downloaded in 2021)",NA,2022,NA
"European Region","NLD","Netherlands","Eindhoven",2019,NA,19.78,24.1,NA,NA,99.7260274,"European Environment Agency (downloaded in 2021)",NA,2022,NA
"European Region","NLD","Netherlands","Fijnaart",2018,NA,17.9,18.66,NA,NA,98.97260274,"European Environment Agency (downloaded in 2021)",NA,2022,NA
"European Region","NLD","Netherlands","Fijnaart",2019,NA,16.83,16.95,NA,NA,95.98173516,"European Environment Agency (downloaded in 2021)",NA,2022,NA
"European Region","NLD","Netherlands","Groningen",2017,9.55,21.93,17.93,NA,NA,98.14497717,"European Environment Agency (downloaded in 2021)",NA,2022,NA
"European Region","NLD","Netherlands","Groningen",2018,10.55,22.82,17.71,NA,NA,97.66552512,"European Environment Agency (downloaded in 2021)",NA,2022,NA
"European Region","NLD","Netherlands","Groningen",2019,8.65,22.23,17.47,NA,NA,95.39954338,"European Environment Agency (downloaded in 2021)",NA,2022,NA
"European Region","NLD","Netherlands","Haarle",2017,NA,18.23,12.15,NA,NA,89.45205479,"European Environment Agency (downloaded in 2021)",NA,2022,NA
"European Region","NLD","Netherlands","Haarle",2018,NA,17.9,11.91,NA,NA,99.32648402,"European Environment Agency (downloaded in 2021)",NA,2022,NA
"European Region","NLD","Netherlands","Haarle",2019,NA,16.03,11.26,NA,NA,98.89269406,"European Environment Agency (downloaded in 2021)",NA,2022,NA
"European Region","NLD","Netherlands","Haarlem",2017,NA,19.37,27.28,NA,NA,99.7260274,"European Environment Agency (downloaded in 2021)",NA,2022,NA
"European Region","NLD","Netherlands","Haarlem",2018,NA,20.34,25.55,NA,NA,99.7716895,"European Environment Agency (downloaded in 2021)",NA,2022,NA
"European Region","NLD","Netherlands","Haarlem",2019,NA,18.04,23.44,NA,NA,98.12785388,"European Environment Agency (downloaded in 2021)",NA,2022,NA
"European Region","NLD","Netherlands","Halfweg",2017,10.12,16.25,19.77,NA,NA,98.59589041,"European Environment Agency (downloaded in 2021)",NA,2022,NA
"European Region","NLD","Netherlands","Halfweg",2018,12.01,17.4,20.35,NA,NA,99.7260274,"European Environment Agency (downloaded in 2021)",NA,2022,NA
"European Region","NLD","Netherlands","Halfweg",2019,11.92,15.91,18.79,NA,NA,99.53196347,"European Environment Agency (downloaded in 2021)",NA,2022,NA
"European Region","NLD","Netherlands","Harich",2017,NA,13.49,9.68,NA,NA,97.69406393,"European Environment Agency (downloaded in 2021)",NA,2022,NA
"European Region","NLD","Netherlands","Harich",2018,NA,16.48,10.14,NA,NA,97.30593607,"European Environment Agency (downloaded in 2021)",NA,2022,NA
"European Region","NLD","Netherlands","Harich",2019,NA,14.22,10.08,NA,NA,99.21232877,"European Environment Agency (downloaded in 2021)",NA,2022,NA
"European Region","NLD","Netherlands","Heerlen",2017,9.98,17.75,21.64,NA,NA,94.73173516,"European Environment Agency (downloaded in 2021)",NA,2022,NA
"European Region","NLD","Netherlands","Heerlen",2018,10.69,18.95,21.41,NA,NA,97.51712329,"European Environment Agency (downloaded in 2021)",NA,2022,NA
"European Region","NLD","Netherlands","Heerlen",2019,9.19,16.97,19.13,NA,NA,98.52739726,"European Environment Agency (downloaded in 2021)",NA,2022,NA
"European Region","NLD","Netherlands","Hilversum",2017,10.34,18.37,23.5,NA,NA,99.61187215,"European Environment Agency (downloaded in 2021)",NA,2022,NA
"European Region","NLD","Netherlands","Hoek Van Holland",2017,11.37,23.84,28.6,NA,NA,97.70547945,"European Environment Agency (downloaded in 2021)",NA,2022,NA
"European Region","NLD","Netherlands","Hoek Van Holland",2018,11.94,22.68,26.99,NA,NA,98.81278539,"European Environment Agency (downloaded in 2021)",NA,2022,NA
"European Region","NLD","Netherlands","Hoek Van Holland",2019,11.23,21.31,26.51,NA,NA,99.25799087,"European Environment Agency (downloaded in 2021)",NA,2022,NA
"European Region","NLD","Netherlands","Hoofddorp",2017,NA,18.22,23.55,NA,NA,99.07534247,"European Environment Agency (downloaded in 2021)",NA,2022,NA
"European Region","NLD","Netherlands","Hoofddorp",2018,NA,19.75,23.08,NA,NA,99.04680366,"European Environment Agency (downloaded in 2021)",NA,2022,NA
"European Region","NLD","Netherlands","Hoofddorp",2019,NA,17.82,21.69,NA,NA,99.10958904,"European Environment Agency (downloaded in 2021)",NA,2022,NA
"European Region","NLD","Netherlands","Hoogvliet Rotterdam",2017,NA,19.65,26.88,NA,NA,99.78310502,"European Environment Agency (downloaded in 2021)",NA,2022,NA
"European Region","NLD","Netherlands","Hoogvliet Rotterdam",2018,NA,21.69,26.7,NA,NA,97.26027397,"European Environment Agency (downloaded in 2021)",NA,2022,NA
"European Region","NLD","Netherlands","Hoogvliet Rotterdam",2019,NA,19.37,24.07,NA,NA,98.56164384,"European Environment Agency (downloaded in 2021)",NA,2022,NA
"European Region","NLD","Netherlands","Huijbergen",2017,NA,17.07,17.88,NA,NA,98.07077626,"European Environment Agency (downloaded in 2021)",NA,2022,NA
"European Region","NLD","Netherlands","Huijbergen",2018,NA,16.97,16.72,NA,NA,98.35616438,"European Environment Agency (downloaded in 2021)",NA,2022,NA
"European Region","NLD","Netherlands","Huijbergen",2019,NA,16.5,15.5,NA,NA,99.7260274,"European Environment Agency (downloaded in 2021)",NA,2022,NA
"European Region","NLD","Netherlands","Ijmuiden",2017,11.33,20.61,26.55,NA,NA,98.47031963,"European Environment Agency (downloaded in 2021)",NA,2022,NA
"European Region","NLD","Netherlands","Ijmuiden",2018,13.74,23.88,27.32,NA,NA,99.46347032,"European Environment Agency (downloaded in 2021)",NA,2022,NA
"European Region","NLD","Netherlands","Ijmuiden",2019,11.14,21.33,24.33,NA,NA,98.63013699,"European Environment Agency (downloaded in 2021)",NA,2022,NA
"European Region","NLD","Netherlands","Laren",2017,NA,16.65,18.78,NA,NA,97.6826484,"European Environment Agency (downloaded in 2021)",NA,2022,NA
"European Region","NLD","Netherlands","Lopik",2017,9.87,15.35,17.38,NA,NA,97.3630137,"European Environment Agency (downloaded in 2021)",NA,2022,NA
"European Region","NLD","Netherlands","Lopik",2018,10.91,17.32,17.2,NA,NA,99.5890411,"European Environment Agency (downloaded in 2021)",NA,2022,NA
"European Region","NLD","Netherlands","Lopik",2019,9.53,15.29,15.84,NA,NA,99.28082192,"European Environment Agency (downloaded in 2021)",NA,2022,NA
"European Region","NLD","Netherlands","Maassluis",2017,11.79,19.66,31.15,NA,NA,99.71461187,"European Environment Agency (downloaded in 2021)",NA,2022,NA
"European Region","NLD","Netherlands","Maassluis",2018,14.77,20.92,27.95,NA,NA,98.96118721,"European Environment Agency (downloaded in 2021)",NA,2022,NA
"European Region","NLD","Netherlands","Maassluis",2019,12.23,20.82,27.84,NA,NA,97.73972603,"European Environment Agency (downloaded in 2021)",NA,2022,NA
"European Region","NLD","Netherlands","Munnekezijl",2017,8.7,15.98,8.32,NA,NA,94.00684932,"European Environment Agency (downloaded in 2021)",NA,2022,NA
"European Region","NLD","Netherlands","Munnekezijl",2019,8.38,17.42,8.14,NA,NA,97.76255708,"European Environment Agency (downloaded in 2021)",NA,2022,NA
"European Region","NLD","Netherlands","Nieuwer Ter Aa",2017,10.38,18.28,32.39,NA,NA,97.92237443,"European Environment Agency (downloaded in 2021)",NA,2022,NA
"European Region","NLD","Netherlands","Nieuwer Ter Aa",2018,11.96,19.96,27.81,NA,NA,98.42465753,"European Environment Agency (downloaded in 2021)",NA,2022,NA
"European Region","NLD","Netherlands","Nieuwer Ter Aa",2019,9.8,17.69,25.63,NA,NA,99.69178082,"European Environment Agency (downloaded in 2021)",NA,2022,NA
"European Region","NLD","Netherlands","Nijmegen",2017,11.67,21.97,27.48,NA,NA,98.53881279,"European Environment Agency (downloaded in 2021)",NA,2022,NA
"European Region","NLD","Netherlands","Nijmegen",2018,12.04,21.71,26.16,NA,NA,98.11643836,"European Environment Agency (downloaded in 2021)",NA,2022,NA
"European Region","NLD","Netherlands","Nijmegen",2019,10.79,20.76,24.42,NA,NA,98.53881279,"European Environment Agency (downloaded in 2021)",NA,2022,NA
"European Region","NLD","Netherlands","Noordwijk",2017,9.79,16.23,14.31,NA,NA,99.10958904,"European Environment Agency (downloaded in 2021)",NA,2022,NA
"European Region","NLD","Netherlands","Noordwijk",2018,10.33,16.52,15.77,NA,NA,96.56392694,"European Environment Agency (downloaded in 2021)",NA,2022,NA
"European Region","NLD","Netherlands","Noordwijk",2019,8.88,16.44,14.38,NA,NA,99.52054795,"European Environment Agency (downloaded in 2021)",NA,2022,NA
"European Region","NLD","Netherlands","Philippine",2017,NA,17.82,15.35,NA,NA,97.80821918,"European Environment Agency (downloaded in 2021)",NA,2022,NA
"European Region","NLD","Netherlands","Philippine",2018,NA,19.29,15.98,NA,NA,98.36757991,"European Environment Agency (downloaded in 2021)",NA,2022,NA
"European Region","NLD","Netherlands","Philippine",2019,NA,17.61,15.01,NA,NA,99.06392694,"European Environment Agency (downloaded in 2021)",NA,2022,NA
"European Region","NLD","Netherlands","Ridderkerk",2017,12.95,21.1,37.98,NA,NA,99.7260274,"European Environment Agency (downloaded in 2021)",NA,2022,NA
"European Region","NLD","Netherlands","Ridderkerk",2018,14.61,22.06,32.33,NA,NA,99.56621005,"European Environment Agency (downloaded in 2021)",NA,2022,NA
"European Region","NLD","Netherlands","Ridderkerk",2019,11.99,20.19,30.96,NA,NA,99.49771689,"European Environment Agency (downloaded in 2021)",NA,2022,NA
"European Region","NLD","Netherlands","Rotterdam",2017,12.12,20.62,36.48,NA,NA,99.16666667,"European Environment Agency (downloaded in 2021)",NA,2022,NA
"European Region","NLD","Netherlands","Rotterdam",2018,13.47,22.22,32.38,NA,NA,99.24429224,"European Environment Agency (downloaded in 2021)",NA,2022,NA
"European Region","NLD","Netherlands","Rotterdam",2019,12.03,20.47,31.37,NA,NA,98.50684931,"European Environment Agency (downloaded in 2021)",NA,2022,NA
"European Region","NLD","Netherlands","Schiedam",2017,12.67,20.63,31.33,NA,NA,94.32648402,"European Environment Agency (downloaded in 2021)",NA,2022,NA
"European Region","NLD","Netherlands","Schiedam",2018,13.71,22.04,29.43,NA,NA,99.53196347,"European Environment Agency (downloaded in 2021)",NA,2022,NA
"European Region","NLD","Netherlands","Schiedam",2019,12.74,21.12,28.61,NA,NA,98.76712329,"European Environment Agency (downloaded in 2021)",NA,2022,NA
"European Region","NLD","Netherlands","Schiphol-Rijk",2017,NA,18.49,23.12,NA,NA,97.60273973,"European Environment Agency (downloaded in 2021)",NA,2022,NA
"European Region","NLD","Netherlands","Sint Jansklooster",2017,NA,15.04,11.05,NA,NA,98.24200913,"European Environment Agency (downloaded in 2021)",NA,2022,NA
"European Region","NLD","Netherlands","Sint Jansklooster",2018,NA,16.88,11.11,NA,NA,97.93378995,"European Environment Agency (downloaded in 2021)",NA,2022,NA
"European Region","NLD","Netherlands","Sint Jansklooster",2019,NA,16.15,10.66,NA,NA,98.34474886,"European Environment Agency (downloaded in 2021)",NA,2022,NA
"European Region","NLD","Netherlands","Utrecht",2017,10.77,19.34,25.35,NA,NA,98.31621005,"European Environment Agency (downloaded in 2021)",NA,2022,NA
"European Region","NLD","Netherlands","Utrecht",2018,11.96,20.83,24.49,NA,NA,98.92313547,"European Environment Agency (downloaded in 2021)",NA,2022,NA
"European Region","NLD","Netherlands","Utrecht",2019,10.94,18.52,22.94,NA,NA,98.12024353,"European Environment Agency (downloaded in 2021)",NA,2022,NA
"European Region","NLD","Netherlands","Valthermond",2017,NA,14.73,10.51,NA,NA,98.29908676,"European Environment Agency (downloaded in 2021)",NA,2022,NA
"European Region","NLD","Netherlands","Valthermond",2018,NA,15.73,11,NA,NA,96.73515982,"European Environment Agency (downloaded in 2021)",NA,2022,NA
"European Region","NLD","Netherlands","Valthermond",2019,NA,15.88,10.38,NA,NA,96.32420091,"European Environment Agency (downloaded in 2021)",NA,2022,NA
"European Region","NLD","Netherlands","Veldhoven",2017,12.2,18.9,19.21,NA,NA,98.84703196,"European Environment Agency (downloaded in 2021)",NA,2022,NA
"European Region","NLD","Netherlands","Veldhoven",2018,12.87,19.91,19.13,NA,NA,98.47031963,"European Environment Agency (downloaded in 2021)",NA,2022,NA
"European Region","NLD","Netherlands","Veldhoven",2019,11.88,18.5,16.88,NA,NA,99.48630137,"European Environment Agency (downloaded in 2021)",NA,2022,NA
"European Region","NLD","Netherlands","Vlaardingen",2017,9.89,21.63,34.07,NA,NA,99.31506849,"European Environment Agency (downloaded in 2021)",NA,2022,NA
"European Region","NLD","Netherlands","Vlaardingen",2019,NA,19.27,28.7,NA,75.89041096,75.89041096,"European Environment Agency (downloaded in 2021)",NA,2022,NA
"European Region","NLD","Netherlands","Vredepeel",2017,10.24,19.48,18.53,NA,NA,95.46803653,"European Environment Agency (downloaded in 2021)",NA,2022,NA
"European Region","NLD","Netherlands","Vredepeel",2018,12.16,21.27,17.2,NA,NA,98.66438356,"European Environment Agency (downloaded in 2021)",NA,2022,NA
"European Region","NLD","Netherlands","Vredepeel",2019,12.08,18.11,15.82,NA,NA,99.48630137,"European Environment Agency (downloaded in 2021)",NA,2022,NA
"European Region","NLD","Netherlands","Wekerom",2017,11.14,18.62,15.22,NA,NA,99.36073059,"European Environment Agency (downloaded in 2021)",NA,2022,NA
"European Region","NLD","Netherlands","Wekerom",2018,12.54,20.15,14.33,NA,NA,99.46347032,"European Environment Agency (downloaded in 2021)",NA,2022,NA
"European Region","NLD","Netherlands","Wekerom",2019,11.05,17.77,13.73,NA,NA,99.71461187,"European Environment Agency (downloaded in 2021)",NA,2022,NA
"European Region","NLD","Netherlands","Westmaas",2017,NA,16.63,18.63,NA,NA,97.55707763,"European Environment Agency (downloaded in 2021)",NA,2022,NA
"European Region","NLD","Netherlands","Westmaas",2018,NA,17.88,19.36,NA,NA,95.07990868,"European Environment Agency (downloaded in 2021)",NA,2022,NA
"European Region","NLD","Netherlands","Westmaas",2019,NA,16.72,17.09,NA,NA,96.40410959,"European Environment Agency (downloaded in 2021)",NA,2022,NA
"European Region","NLD","Netherlands","Westzaan",2017,10.77,17.44,26.41,NA,NA,97.64840183,"European Environment Agency (downloaded in 2021)",NA,2022,NA
"European Region","NLD","Netherlands","Westzaan",2018,14.07,20.2,25.5,NA,NA,99.50913242,"European Environment Agency (downloaded in 2021)",NA,2022,NA
"European Region","NLD","Netherlands","Westzaan",2019,12.42,18.31,25.36,NA,NA,97.21461187,"European Environment Agency (downloaded in 2021)",NA,2022,NA
"European Region","NLD","Netherlands","Wieringerwerf",2017,8.95,15.08,12.17,NA,NA,97.37442922,"European Environment Agency (downloaded in 2021)",NA,2022,NA
"European Region","NLD","Netherlands","Wieringerwerf",2018,10.27,20.4,12.98,NA,NA,97.84246575,"European Environment Agency (downloaded in 2021)",NA,2022,NA
"European Region","NLD","Netherlands","Wieringerwerf",2019,8.52,15.96,14.11,NA,NA,99.15525114,"European Environment Agency (downloaded in 2021)",NA,2022,NA
"European Region","NLD","Netherlands","Wijk Aan Zee",2017,13.21,24.29,19.17,NA,NA,97.76255708,"European Environment Agency (downloaded in 2021)",NA,2022,NA
"European Region","NLD","Netherlands","Wijk Aan Zee",2018,12.93,25.7,20.73,NA,NA,99.543379,"European Environment Agency (downloaded in 2021)",NA,2022,NA
"European Region","NLD","Netherlands","Wijk Aan Zee",2019,11.73,24.9,19.55,NA,NA,99.22374429,"European Environment Agency (downloaded in 2021)",NA,2022,NA
"European Region","NLD","Netherlands","Wijnandsrade",2017,NA,17.77,14.21,NA,NA,97.55707763,"European Environment Agency (downloaded in 2021)",NA,2022,NA
"European Region","NLD","Netherlands","Wijnandsrade",2018,NA,17.27,13.43,NA,NA,98.64155251,"European Environment Agency (downloaded in 2021)",NA,2022,NA
"European Region","NLD","Netherlands","Wijnandsrade",2019,NA,15.15,11.71,NA,NA,99.46347032,"European Environment Agency (downloaded in 2021)",NA,2022,NA
"European Region","NLD","Netherlands","Zaandam",2017,11.78,20.82,26.35,NA,NA,97.80821918,"European Environment Agency (downloaded in 2021)",NA,2022,NA
"European Region","NLD","Netherlands","Zaandam",2018,12.87,21.18,25.05,NA,NA,94.68607306,"European Environment Agency (downloaded in 2021)",NA,2022,NA
"European Region","NLD","Netherlands","Zaandam",2019,11.14,19.49,24.85,NA,NA,98.7043379,"European Environment Agency (downloaded in 2021)",NA,2022,NA
"European Region","NLD","Netherlands","Zegveld",2017,NA,16.6,16.04,NA,NA,95.75342466,"European Environment Agency (downloaded in 2021)",NA,2022,NA
"European Region","NLD","Netherlands","Zegveld",2018,NA,17.71,15.11,NA,NA,97.78538813,"European Environment Agency (downloaded in 2021)",NA,2022,NA
"European Region","NLD","Netherlands","Zegveld",2019,NA,15.61,14.46,NA,NA,97.87671233,"European Environment Agency (downloaded in 2021)",NA,2022,NA
"European Region","NOR","Norway","Alesund",2017,NA,12.75,20.93,NA,NA,93.63013699,"European Environment Agency (downloaded in 2021)",NA,2022,NA
"European Region","NOR","Norway","Alesund",2018,NA,15.31,24.12,NA,NA,93.29908676,"European Environment Agency (downloaded in 2021)",NA,2022,NA
"European Region","NOR","Norway","Alesund",2019,NA,13.2,23.37,NA,NA,90.02283105,"European Environment Agency (downloaded in 2021)",NA,2022,NA
"European Region","NOR","Norway","Bekkestua",2017,8.36,12.61,24.55,NA,NA,82.07762557,"European Environment Agency (downloaded in 2021)",NA,2022,NA
"European Region","NOR","Norway","Bekkestua",2018,9.49,14.39,17.12,NA,NA,93.53881279,"European Environment Agency (downloaded in 2021)",NA,2022,NA
"European Region","NOR","Norway","Bekkestua",2019,8.23,13.04,17.74,NA,NA,95.28538813,"European Environment Agency (downloaded in 2021)",NA,2022,NA
"European Region","NOR","Norway","Bergen",2017,6.65,12.88,32.04,NA,NA,98.92123288,"European Environment Agency (downloaded in 2021)",NA,2022,NA
"European Region","NOR","Norway","Bergen",2018,7.2,15.33,35.92,NA,NA,98.82420091,"European Environment Agency (downloaded in 2021)",NA,2022,NA
"European Region","NOR","Norway","Bergen",2019,6.69,13.72,32.71,NA,NA,98.02511416,"European Environment Agency (downloaded in 2021)",NA,2022,NA
"European Region","NOR","Norway","Birkeland",2017,1.94,3.94,0.9,NA,NA,95.89041096,"European Environment Agency (downloaded in 2021)",NA,2022,NA
"European Region","NOR","Norway","Birkeland",2018,2.99,5.44,1.06,NA,NA,99.45205479,"European Environment Agency (downloaded in 2021)",NA,2022,NA
"European Region","NOR","Norway","Birkeland",2019,2.75,4.61,1.04,NA,NA,100,"European Environment Agency (downloaded in 2021)",NA,2022,NA
"European Region","NOR","Norway","Bodø",2018,4.17,11.62,8.77,NA,NA,89.543379,"European Environment Agency (downloaded in 2021)",NA,2022,NA
"European Region","NOR","Norway","Brevik",2017,6.21,11.79,14.93,98.76712329,98.76712329,98.76712329,"European Environment Agency (downloaded in 2021)",NA,2022,NA
"European Region","NOR","Norway","Brevik",2018,7.45,13.36,13.64,98.01369863,98.01369863,98.01369863,"European Environment Agency (downloaded in 2021)",NA,2022,NA
"European Region","NOR","Norway","Brevik",2019,6.93,12.67,12.79,98.44748858,98.44748858,98.44748858,"European Environment Agency (downloaded in 2021)",NA,2022,NA
"European Region","NOR","Norway","Brumunddal",2019,10.1,18.42,18.79,NA,NA,95.17123288,"European Environment Agency (downloaded in 2021)",NA,2022,NA
"European Region","NOR","Norway","Drammen",2017,NA,20.55,30.06,NA,NA,99.26940639,"European Environment Agency (downloaded in 2021)",NA,2022,NA
"European Region","NOR","Norway","Drammen",2018,NA,22.71,29.17,NA,NA,98.59589041,"European Environment Agency (downloaded in 2021)",NA,2022,NA
"European Region","NOR","Norway","Drammen",2019,NA,19.18,28.23,NA,NA,91.16438356,"European Environment Agency (downloaded in 2021)",NA,2022,NA
"European Region","NOR","Norway","Drammensveien",2017,10.12,18.96,32.16,NA,NA,99.46347032,"European Environment Agency (downloaded in 2021)",NA,2022,NA
"European Region","NOR","Norway","Drammensveien",2018,11.1,20.11,29.34,NA,NA,98.42465753,"European Environment Agency (downloaded in 2021)",NA,2022,NA
"European Region","NOR","Norway","Drammensveien",2019,9.71,17.19,29.92,NA,NA,99.48630137,"European Environment Agency (downloaded in 2021)",NA,2022,NA
"European Region","NOR","Norway","Elverum",2017,6.7,16.47,18.14,92.92237443,92.92237443,92.92237443,"European Environment Agency (downloaded in 2021)",NA,2022,NA
"European Region","NOR","Norway","Elverum",2018,7.64,20.42,17.9,92.7283105,92.7283105,92.7283105,"European Environment Agency (downloaded in 2021)",NA,2022,NA
"European Region","NOR","Norway","Elverum",2019,6.93,16.88,18.19,90.67351598,90.67351598,90.67351598,"European Environment Agency (downloaded in 2021)",NA,2022,NA
"European Region","NOR","Norway","Fredrikstad",2017,9.36,13.61,19.46,NA,NA,92.73401827,"European Environment Agency (downloaded in 2021)",NA,2022,NA
"European Region","NOR","Norway","Fredrikstad",2018,9.25,14.26,18.89,NA,NA,87.96232877,"European Environment Agency (downloaded in 2021)",NA,2022,NA
"European Region","NOR","Norway","Fredrikstad",2019,8.44,12.73,26.81,NA,NA,84.9543379,"European Environment Agency (downloaded in 2021)",NA,2022,NA
"European Region","NOR","Norway","Gjovik",2017,6.38,19.06,22.3,NA,NA,93.97260274,"European Environment Agency (downloaded in 2021)",NA,2022,NA
"European Region","NOR","Norway","Gjovik",2018,7.33,18.07,24,NA,NA,93.33333333,"European Environment Agency (downloaded in 2021)",NA,2022,NA
"European Region","NOR","Norway","Gjovik",2019,5.76,15.17,23.05,NA,NA,95.0456621,"European Environment Agency (downloaded in 2021)",NA,2022,NA
"European Region","NOR","Norway","Hamar",2019,7.07,18.52,20.83,NA,NA,88.72146119,"European Environment Agency (downloaded in 2021)",NA,2022,NA
"European Region","NOR","Norway","Harstad",2018,5.81,13.88,22.56,NA,NA,94.33789954,"European Environment Agency (downloaded in 2021)",NA,2022,NA
"European Region","NOR","Norway","Harstad",2019,6.11,12.48,22.34,NA,NA,88.48173516,"European Environment Agency (downloaded in 2021)",NA,2022,NA
"European Region","NOR","Norway","Hurdal Municipality",2017,2.36,3.87,2.1,97.80821918,97.80821918,97.80821918,"European Environment Agency (downloaded in 2021)",NA,2022,NA
"European Region","NOR","Norway","Hurdal Municipality",2018,3.19,4.87,1.96,99.45205479,99.45205479,99.45205479,"European Environment Agency (downloaded in 2021)",NA,2022,NA
"European Region","NOR","Norway","Hurdal Municipality",2019,2.67,4.61,1.64,99.7260274,99.7260274,99.7260274,"European Environment Agency (downloaded in 2021)",NA,2022,NA
"European Region","NOR","Norway","Kristiansand",2017,NA,15.64,20.15,NA,NA,94.80022831,"European Environment Agency (downloaded in 2021)",NA,2022,NA
"European Region","NOR","Norway","Kristiansand",2018,NA,17.85,20.47,NA,NA,97.5,"European Environment Agency (downloaded in 2021)",NA,2022,NA
"European Region","NOR","Norway","Kristiansand",2019,NA,18.24,17.76,NA,NA,97.83675799,"European Environment Agency (downloaded in 2021)",NA,2022,NA
"European Region","NOR","Norway","Lillehammer",2017,6.95,17.01,21.78,NA,NA,91.55251142,"European Environment Agency (downloaded in 2021)",NA,2022,NA
"European Region","NOR","Norway","Lillehammer",2018,6.87,17.97,20.32,NA,NA,89.15525114,"European Environment Agency (downloaded in 2021)",NA,2022,NA
"European Region","NOR","Norway","Lillehammer",2019,6.43,15.8,20.03,NA,NA,93.00799087,"European Environment Agency (downloaded in 2021)",NA,2022,NA
"European Region","NOR","Norway","Lillestrom",2017,5.85,9.45,18.54,98.16210046,98.16210046,98.16210046,"European Environment Agency (downloaded in 2021)",NA,2022,NA
"European Region","NOR","Norway","Lillestrom",2018,6.86,9.87,18.43,97.48858447,97.48858447,97.48858447,"European Environment Agency (downloaded in 2021)",NA,2022,NA
"European Region","NOR","Norway","Lillestrom",2019,5.07,9.3,16.57,90.58219178,90.58219178,90.58219178,"European Environment Agency (downloaded in 2021)",NA,2022,NA
"European Region","NOR","Norway","Loddefjord",2017,4.67,9.39,27.78,98.60730594,98.60730594,98.60730594,"European Environment Agency (downloaded in 2021)",NA,2022,NA
"European Region","NOR","Norway","Loddefjord",2018,5.41,10.87,29,96.92922374,96.92922374,96.92922374,"European Environment Agency (downloaded in 2021)",NA,2022,NA
"European Region","NOR","Norway","Loddefjord",2019,5.49,11.23,25.28,97.26027397,97.26027397,97.26027397,"European Environment Agency (downloaded in 2021)",NA,2022,NA
"European Region","NOR","Norway","Lørenskog",2018,10.92,22.22,37.65,NA,NA,91.70091324,"European Environment Agency (downloaded in 2021)",NA,2022,NA
"European Region","NOR","Norway","Lørenskog",2019,9.33,18.37,35.39,NA,NA,97.51141553,"European Environment Agency (downloaded in 2021)",NA,2022,NA
"European Region","NOR","Norway","Mo I Rana",2018,8.62,17.9,15.78,NA,NA,92.65981735,"European Environment Agency (downloaded in 2021)",NA,2022,NA
"European Region","NOR","Norway","Moss",2019,8.24,15.09,21.34,95.17123288,95.17123288,95.17123288,"European Environment Agency (downloaded in 2021)",NA,2022,NA
"European Region","NOR","Norway","Oslo",2017,7.14,15.37,33.57,NA,NA,96.57819635,"European Environment Agency (downloaded in 2021)",NA,2022,NA
"European Region","NOR","Norway","Oslo",2018,8.61,18.31,32.71,NA,NA,95.45234018,"European Environment Agency (downloaded in 2021)",NA,2022,NA
"European Region","NOR","Norway","Oslo",2019,7.51,16.29,29.77,NA,NA,94.33663115,"European Environment Agency (downloaded in 2021)",NA,2022,NA
"European Region","NOR","Norway","Porsgrunn",2017,6.44,16.29,13.9,NA,NA,85.09703196,"European Environment Agency (downloaded in 2021)",NA,2022,NA
"European Region","NOR","Norway","Porsgrunn",2018,7.72,18.44,14.29,NA,NA,99.08105023,"European Environment Agency (downloaded in 2021)",NA,2022,NA
"European Region","NOR","Norway","Porsgrunn",2019,7.42,16.75,13.43,NA,NA,98.35616439,"European Environment Agency (downloaded in 2021)",NA,2022,NA
"European Region","NOR","Norway","Rådal",2018,6.22,16.84,31.07,98.71004566,98.71004566,98.71004566,"European Environment Agency (downloaded in 2021)",NA,2022,NA
"European Region","NOR","Norway","Rådal",2019,6,14.19,28.29,98.97260274,98.97260274,98.97260274,"European Environment Agency (downloaded in 2021)",NA,2022,NA
"European Region","NOR","Norway","Sarpsborg",2017,8.75,12.58,18.19,NA,NA,92.67123288,"European Environment Agency (downloaded in 2021)",NA,2022,NA
"European Region","NOR","Norway","Skien",2017,7.77,19.14,12.39,NA,NA,97.87671233,"European Environment Agency (downloaded in 2021)",NA,2022,NA
"European Region","NOR","Norway","Skien",2018,7.85,19.34,11.69,NA,NA,96.54109589,"European Environment Agency (downloaded in 2021)",NA,2022,NA
"European Region","NOR","Norway","Skien",2019,7.55,19.19,11.09,NA,NA,99.13242009,"European Environment Agency (downloaded in 2021)",NA,2022,NA
"European Region","NOR","Norway","Stavanger",2017,6.84,11.98,19.47,NA,NA,92.5,"European Environment Agency (downloaded in 2021)",NA,2022,NA
"European Region","NOR","Norway","Stavanger",2018,8.01,13.01,10.73,NA,NA,88.68721461,"European Environment Agency (downloaded in 2021)",NA,2022,NA
"European Region","NOR","Norway","Stavanger",2019,7.79,11.33,19.83,NA,NA,83.91933029,"European Environment Agency (downloaded in 2021)",NA,2022,NA
"European Region","NOR","Norway","Tiller",2017,4.33,14.12,26.38,NA,NA,82.83105023,"European Environment Agency (downloaded in 2021)",NA,2022,NA
"European Region","NOR","Norway","Tiller",2018,5.27,16.77,31.48,NA,NA,86.94063927,"European Environment Agency (downloaded in 2021)",NA,2022,NA
"European Region","NOR","Norway","Tiller",2019,4.61,13.73,25.34,NA,NA,90.4109589,"European Environment Agency (downloaded in 2021)",NA,2022,NA
"European Region","NOR","Norway","Todalen",2017,1.47,2.17,0.55,89.31506849,89.31506849,89.31506849,"European Environment Agency (downloaded in 2021)",NA,2022,NA
"European Region","NOR","Norway","Todalen",2018,2.23,3.17,0.61,99.7260274,99.7260274,99.7260274,"European Environment Agency (downloaded in 2021)",NA,2022,NA
"European Region","NOR","Norway","Todalen",2019,1.94,2.96,0.53,100,100,100,"European Environment Agency (downloaded in 2021)",NA,2022,NA
"European Region","NOR","Norway","Tromso",2017,6.36,17.28,33.9,NA,NA,86.38127854,"European Environment Agency (downloaded in 2021)",NA,2022,NA
"European Region","NOR","Norway","Tromso",2018,6.63,15.49,32.37,NA,NA,87.14611872,"European Environment Agency (downloaded in 2021)",NA,2022,NA
"European Region","NOR","Norway","Tromso",2019,6.34,15.92,31.59,NA,NA,91.72374429,"European Environment Agency (downloaded in 2021)",NA,2022,NA
"European Region","NOR","Norway","Trondheim",2017,5.11,10.87,23.31,NA,NA,84.02968037,"European Environment Agency (downloaded in 2021)",NA,2022,NA
"European Region","NOR","Norway","Trondheim",2018,6.17,12.51,25.22,NA,NA,93.94596651,"European Environment Agency (downloaded in 2021)",NA,2022,NA
"European Region","NOR","Norway","Trondheim",2019,5.67,11.16,22.19,NA,NA,89.06012176,"European Environment Agency (downloaded in 2021)",NA,2022,NA
"European Region","NOR","Norway","Ulset",2017,3.24,5.44,7.21,95.3196347,95.3196347,95.3196347,"European Environment Agency (downloaded in 2021)",NA,2022,NA
"European Region","NOR","Norway","Ulset",2018,4.13,6.85,8.35,99.21232877,99.21232877,99.21232877,"European Environment Agency (downloaded in 2021)",NA,2022,NA
"European Region","NOR","Norway","Ulset",2019,4.16,6.76,5.74,98.40182648,98.40182648,98.40182648,"European Environment Agency (downloaded in 2021)",NA,2022,NA
"European Region","POL","Poland","Biala Podlaska",2017,24.62,31.32,11.59,NA,NA,99.38356164,"European Environment Agency (downloaded in 2021)",NA,2022,NA
"European Region","POL","Poland","Biala Podlaska",2018,23.02,30.45,14.98,NA,NA,99.85159817,"European Environment Agency (downloaded in 2021)",NA,2022,NA
"European Region","POL","Poland","Biala Podlaska",2019,19.87,25.89,13.3,NA,NA,99.36073059,"European Environment Agency (downloaded in 2021)",NA,2022,NA
"European Region","POL","Poland","Bialystok",2017,17.26,22.12,11.16,NA,NA,94.29794521,"European Environment Agency (downloaded in 2021)",NA,2022,NA
"European Region","POL","Poland","Bialystok",2018,17.69,25.2,14.04,NA,NA,99.7716895,"European Environment Agency (downloaded in 2021)",NA,2022,NA
"European Region","POL","Poland","Bialystok",2019,14.64,20.08,12.55,NA,NA,99.543379,"European Environment Agency (downloaded in 2021)",NA,2022,NA
"European Region","POL","Poland","Bielsko-Biala",2017,31.56,37.68,20.74,NA,NA,99.57762557,"European Environment Agency (downloaded in 2021)",NA,2022,NA
"European Region","POL","Poland","Boles_awiecki",2017,16.22,19.59,8.16,NA,NA,97.5,"European Environment Agency (downloaded in 2021)",NA,2022,NA
"European Region","POL","Poland","Boles_awiecki",2018,17.06,22.07,8.94,NA,NA,99.22374429,"European Environment Agency (downloaded in 2021)",NA,2022,NA
"European Region","POL","Poland","Boles_awiecki",2019,13.1,18.38,7.53,NA,NA,95.62785388,"European Environment Agency (downloaded in 2021)",NA,2022,NA
"European Region","POL","Poland","Bolesławiec",2017,NA,33.28,18.22,NA,NA,94.6347032,"European Environment Agency (downloaded in 2021)",NA,2022,NA
"European Region","POL","Poland","Borowiec",2017,NA,23.23,12.5,NA,NA,97.46575342,"European Environment Agency (downloaded in 2021)",NA,2022,NA
"European Region","POL","Poland","Borowiec",2018,NA,25.13,13.87,NA,NA,97.46575342,"European Environment Agency (downloaded in 2021)",NA,2022,NA
"European Region","POL","Poland","Borowiec",2019,NA,21.56,12.35,NA,NA,98.80136986,"European Environment Agency (downloaded in 2021)",NA,2022,NA
"European Region","POL","Poland","Bydgoszcz",2017,18.96,35.8,23.74,NA,NA,96.37557078,"European Environment Agency (downloaded in 2021)",NA,2022,NA
"European Region","POL","Poland","Bydgoszcz",2018,24.75,37.09,26.38,NA,NA,99.70890411,"European Environment Agency (downloaded in 2021)",NA,2022,NA
"European Region","POL","Poland","Bydgoszcz",2019,18.14,30.34,22.67,NA,NA,99.09246575,"European Environment Agency (downloaded in 2021)",NA,2022,NA
"European Region","POL","Poland","Ciechocinek",2017,NA,24.62,11.31,NA,NA,96.56392694,"European Environment Agency (downloaded in 2021)",NA,2022,NA
"European Region","POL","Poland","Ciechocinek",2018,NA,24.91,9.76,NA,NA,99.34931507,"European Environment Agency (downloaded in 2021)",NA,2022,NA
"European Region","POL","Poland","Ciechocinek",2019,NA,21.19,9.59,NA,NA,99.85159817,"European Environment Agency (downloaded in 2021)",NA,2022,NA
"European Region","POL","Poland","Cieszyn",2017,NA,31.99,13.99,NA,NA,99.66894977,"European Environment Agency (downloaded in 2021)",NA,2022,NA
"European Region","POL","Poland","Cieszyn",2018,NA,33.73,13.69,NA,NA,100,"European Environment Agency (downloaded in 2021)",NA,2022,NA
"European Region","POL","Poland","Cieszyn",2019,NA,23.93,12.85,NA,NA,99.8630137,"European Environment Agency (downloaded in 2021)",NA,2022,NA
"European Region","POL","Poland","Czestochowa",2017,27.77,37.11,27.74,NA,NA,98.18493151,"European Environment Agency (downloaded in 2021)",NA,2022,NA
"European Region","POL","Poland","Czestochowa",2018,26.48,34.88,28.16,NA,NA,99.56621005,"European Environment Agency (downloaded in 2021)",NA,2022,NA
"European Region","POL","Poland","Czestochowa",2019,20.31,29,28.35,NA,NA,99.37785388,"European Environment Agency (downloaded in 2021)",NA,2022,NA
"European Region","POL","Poland","Dabrowa Gornicza",2017,NA,39.68,27.17,NA,NA,99.61187215,"European Environment Agency (downloaded in 2021)",NA,2022,NA
"European Region","POL","Poland","Dabrowa Gornicza",2018,NA,41.77,26.94,NA,NA,99.97716895,"European Environment Agency (downloaded in 2021)",NA,2022,NA
"European Region","POL","Poland","Dabrowa Gornicza",2019,NA,32.85,23.38,NA,NA,99.69178082,"European Environment Agency (downloaded in 2021)",NA,2022,NA
"European Region","POL","Poland","Diabla Gora",2017,11.78,15.52,4.62,NA,NA,90.46803653,"European Environment Agency (downloaded in 2021)",NA,2022,NA
"European Region","POL","Poland","Diabla Gora",2018,12.09,16.8,3.92,NA,NA,98.10502283,"European Environment Agency (downloaded in 2021)",NA,2022,NA
"European Region","POL","Poland","Diabla Gora",2019,11.1,16.07,4.18,NA,NA,95.30821918,"European Environment Agency (downloaded in 2021)",NA,2022,NA
"European Region","POL","Poland","Duszniki-Zdroj",2019,20.35,23.84,13.4,NA,NA,98.10502283,"European Environment Agency (downloaded in 2021)",NA,2022,NA
"European Region","POL","Poland","Dzierzoniow",2017,NA,30.77,16.84,NA,NA,99.06392694,"European Environment Agency (downloaded in 2021)",NA,2022,NA
"European Region","POL","Poland","Dzierzoniow",2018,NA,31.38,17.34,NA,NA,99.31506849,"European Environment Agency (downloaded in 2021)",NA,2022,NA
"European Region","POL","Poland","Dzierzoniow",2019,NA,25.71,16.19,NA,NA,98.83561644,"European Environment Agency (downloaded in 2021)",NA,2022,NA
"European Region","POL","Poland","Elblag",2017,17.92,24.8,13.36,NA,NA,99.543379,"European Environment Agency (downloaded in 2021)",NA,2022,NA
"European Region","POL","Poland","Elblag",2018,19.11,25.65,13.38,NA,NA,99.31506849,"European Environment Agency (downloaded in 2021)",NA,2022,NA
"European Region","POL","Poland","Elblag",2019,14.7,20.52,12.08,NA,NA,97.60273973,"European Environment Agency (downloaded in 2021)",NA,2022,NA
"European Region","POL","Poland","Ełk",2017,NA,23.63,10.37,NA,NA,99.80593607,"European Environment Agency (downloaded in 2021)",NA,2022,NA
"European Region","POL","Poland","Ełk",2018,NA,23.11,11.72,NA,NA,99.96575342,"European Environment Agency (downloaded in 2021)",NA,2022,NA
"European Region","POL","Poland","Ełk",2019,NA,19.69,9.99,NA,NA,99.8173516,"European Environment Agency (downloaded in 2021)",NA,2022,NA
"European Region","POL","Poland","Florianka",2018,NA,21.54,5.56,NA,NA,92.51141553,"European Environment Agency (downloaded in 2021)",NA,2022,NA
"European Region","POL","Poland","Florianka",2019,NA,17.52,5.26,NA,NA,99.39497717,"European Environment Agency (downloaded in 2021)",NA,2022,NA
"European Region","POL","Poland","Gajew",2017,NA,29.04,10.4,NA,NA,96.97488584,"European Environment Agency (downloaded in 2021)",NA,2022,NA
"European Region","POL","Poland","Gajew",2018,NA,31.83,10.72,NA,NA,95.49086758,"European Environment Agency (downloaded in 2021)",NA,2022,NA
"European Region","POL","Poland","Gajew",2019,NA,25.74,9.86,NA,NA,94.82876712,"European Environment Agency (downloaded in 2021)",NA,2022,NA
"European Region","POL","Poland","Gdansk",2017,11.77,19.78,16.56,NA,NA,94.30365297,"European Environment Agency (downloaded in 2021)",NA,2022,NA
"European Region","POL","Poland","Gdansk",2018,15.72,26.72,17.63,NA,NA,96.5890411,"European Environment Agency (downloaded in 2021)",NA,2022,NA
"European Region","POL","Poland","Gdansk",2019,12.38,21.93,15.56,NA,NA,96.57305936,"European Environment Agency (downloaded in 2021)",NA,2022,NA
"European Region","POL","Poland","Gdynia",2017,NA,17.65,15.15,NA,NA,93.79756469,"European Environment Agency (downloaded in 2021)",NA,2022,NA
"European Region","POL","Poland","Gdynia",2018,NA,22.06,20.06,NA,NA,92.3173516,"European Environment Agency (downloaded in 2021)",NA,2022,NA
"European Region","POL","Poland","Gdynia",2019,NA,17.06,14.61,NA,NA,94.543379,"European Environment Agency (downloaded in 2021)",NA,2022,NA
"European Region","POL","Poland","Gliwice",2017,31.96,44.05,22.59,NA,NA,98.81278539,"European Environment Agency (downloaded in 2021)",NA,2022,NA
"European Region","POL","Poland","Gliwice",2018,32.93,39.97,23.3,NA,NA,99.88584475,"European Environment Agency (downloaded in 2021)",NA,2022,NA
"European Region","POL","Poland","Gliwice",2019,26.37,33.34,20.58,NA,NA,98.91552511,"European Environment Agency (downloaded in 2021)",NA,2022,NA
"European Region","POL","Poland","Goldap",2017,NA,28.51,8.23,NA,NA,99.6803653,"European Environment Agency (downloaded in 2021)",NA,2022,NA
"European Region","POL","Poland","Goldap",2018,NA,35.67,9.63,NA,NA,99.97716895,"European Environment Agency (downloaded in 2021)",NA,2022,NA
"European Region","POL","Poland","Goldap",2019,NA,23.15,8.13,NA,NA,99.41780822,"European Environment Agency (downloaded in 2021)",NA,2022,NA
"European Region","POL","Poland","Gołdap",2019,10.68,14.7,4.52,NA,NA,92.3630137,"European Environment Agency (downloaded in 2021)",NA,2022,NA
"European Region","POL","Poland","Gorzow Wielkopolski",2017,19.06,25.97,19.78,NA,NA,99.30365297,"European Environment Agency (downloaded in 2021)",NA,2022,NA
"European Region","POL","Poland","Gorzow Wielkopolski",2018,16.96,25.84,21.98,NA,NA,92.89954338,"European Environment Agency (downloaded in 2021)",NA,2022,NA
"European Region","POL","Poland","Gorzow Wielkopolski",2019,14.78,21.62,18.17,NA,NA,98.66438356,"European Environment Agency (downloaded in 2021)",NA,2022,NA
"European Region","POL","Poland","Grudziadz",2017,20.71,32.32,25.08,NA,NA,94.22374429,"European Environment Agency (downloaded in 2021)",NA,2022,NA
"European Region","POL","Poland","Grudziadz",2018,25.47,36.16,21.23,NA,NA,97.5,"European Environment Agency (downloaded in 2021)",NA,2022,NA
"European Region","POL","Poland","Grudziadz",2019,19.57,27.36,19.9,NA,NA,98.92694064,"European Environment Agency (downloaded in 2021)",NA,2022,NA
"European Region","POL","Poland","Inowroclaw",2017,NA,26.99,8.9,NA,NA,99.46347032,"European Environment Agency (downloaded in 2021)",NA,2022,NA
"European Region","POL","Poland","Inowroclaw",2018,NA,27.27,10.55,NA,NA,98.07077626,"European Environment Agency (downloaded in 2021)",NA,2022,NA
"European Region","POL","Poland","Inowroclaw",2019,NA,21.63,10.03,NA,NA,93.00228311,"European Environment Agency (downloaded in 2021)",NA,2022,NA
"European Region","POL","Poland","Jaslo",2017,24.54,28.84,12.46,NA,NA,96.86073059,"European Environment Agency (downloaded in 2021)",NA,2022,NA
"European Region","POL","Poland","Jaslo",2018,23,28.86,11.13,NA,NA,98.83561644,"European Environment Agency (downloaded in 2021)",NA,2022,NA
"European Region","POL","Poland","Jaslo",2019,19.2,23.13,10.15,NA,NA,99.55479452,"European Environment Agency (downloaded in 2021)",NA,2022,NA
"European Region","POL","Poland","Jawor",2019,17.59,23.53,10.58,NA,NA,99.65753425,"European Environment Agency (downloaded in 2021)",NA,2022,NA
"European Region","POL","Poland","Jelenia Gora",2017,22.45,29.38,12.65,NA,NA,98.85844749,"European Environment Agency (downloaded in 2021)",NA,2022,NA
"European Region","POL","Poland","Jelenia Gora",2018,21.26,27.24,11.96,NA,NA,99.93150685,"European Environment Agency (downloaded in 2021)",NA,2022,NA
"European Region","POL","Poland","Jelenia Gora",2019,20.1,22.31,10.79,NA,NA,98.16210046,"European Environment Agency (downloaded in 2021)",NA,2022,NA
"European Region","POL","Poland","Kalisz",2017,25.46,30.41,17.11,NA,NA,98.53881279,"European Environment Agency (downloaded in 2021)",NA,2022,NA
"European Region","POL","Poland","Kalisz",2018,23.87,32.18,18.18,NA,NA,99.80593607,"European Environment Agency (downloaded in 2021)",NA,2022,NA
"European Region","POL","Poland","Kalisz",2019,20.64,26.86,12.3,NA,NA,96.30136986,"European Environment Agency (downloaded in 2021)",NA,2022,NA
"European Region","POL","Poland","Katowice",2017,34.34,44.94,43.33,NA,NA,98.78995434,"European Environment Agency (downloaded in 2021)",NA,2022,NA
"European Region","POL","Poland","Katowice",2018,31.83,42.52,42.43,NA,NA,99.89155251,"European Environment Agency (downloaded in 2021)",NA,2022,NA
"European Region","POL","Poland","Katowice",2019,25.26,35.24,41.14,NA,NA,99.42351598,"European Environment Agency (downloaded in 2021)",NA,2022,NA
"European Region","POL","Poland","Kedzierzyn-Kozle",2017,28.45,33.8,15.94,NA,NA,98.75570776,"European Environment Agency (downloaded in 2021)",NA,2022,NA
"European Region","POL","Poland","Kedzierzyn-Kozle",2018,28.87,34.01,17.08,NA,NA,99.97716895,"European Environment Agency (downloaded in 2021)",NA,2022,NA
"European Region","POL","Poland","Kedzierzyn-Kozle",2019,20.1,28.04,14.25,NA,NA,98.57305936,"European Environment Agency (downloaded in 2021)",NA,2022,NA
"European Region","POL","Poland","Kielce",2017,22.98,33.75,23.22,NA,NA,98.01369863,"European Environment Agency (downloaded in 2021)",NA,2022,NA
"European Region","POL","Poland","Kielce",2019,18.69,28.81,21.03,NA,NA,98.65296804,"European Environment Agency (downloaded in 2021)",NA,2022,NA
"European Region","POL","Poland","Klodzko",2017,NA,35.8,16.9,NA,NA,96.28995434,"European Environment Agency (downloaded in 2021)",NA,2022,NA
"European Region","POL","Poland","Klodzko",2018,NA,33.48,15.66,NA,NA,99.29223744,"European Environment Agency (downloaded in 2021)",NA,2022,NA
"European Region","POL","Poland","Klodzko",2019,NA,29.38,13.2,NA,NA,97.34018265,"European Environment Agency (downloaded in 2021)",NA,2022,NA
"European Region","POL","Poland","Koniczynka",2017,NA,26.27,8.88,NA,NA,97.93378995,"European Environment Agency (downloaded in 2021)",NA,2022,NA
"European Region","POL","Poland","Koniczynka",2018,NA,28.18,8.41,NA,NA,93.60730594,"European Environment Agency (downloaded in 2021)",NA,2022,NA
"European Region","POL","Poland","Koniczynka",2019,NA,23.42,8.28,NA,NA,92.44292237,"European Environment Agency (downloaded in 2021)",NA,2022,NA
"European Region","POL","Poland","Konin",2017,NA,27.72,15.73,NA,NA,97.47716895,"European Environment Agency (downloaded in 2021)",NA,2022,NA
"European Region","POL","Poland","Konin",2018,NA,28.59,13.95,NA,NA,98.51598174,"European Environment Agency (downloaded in 2021)",NA,2022,NA
"European Region","POL","Poland","Konin",2019,NA,23.32,12.41,NA,NA,98.26484018,"European Environment Agency (downloaded in 2021)",NA,2022,NA
"European Region","POL","Poland","Koscierzyna",2017,20.49,26.57,15.54,NA,NA,97.7739726,"European Environment Agency (downloaded in 2021)",NA,2022,NA
"European Region","POL","Poland","Koscierzyna",2018,22.82,32.02,16.79,NA,NA,99.543379,"European Environment Agency (downloaded in 2021)",NA,2022,NA
"European Region","POL","Poland","Koscierzyna",2019,NA,22.22,13.08,NA,NA,98.83561644,"European Environment Agency (downloaded in 2021)",NA,2022,NA
"European Region","POL","Poland","Koszalin",2017,14.18,23.99,22.86,NA,NA,98.52739726,"European Environment Agency (downloaded in 2021)",NA,2022,NA
"European Region","POL","Poland","Koszalin",2018,16.31,24.92,25.7,NA,NA,98.52739726,"European Environment Agency (downloaded in 2021)",NA,2022,NA
"European Region","POL","Poland","Koszalin",2019,13.67,20.34,17.32,NA,NA,99.17237443,"European Environment Agency (downloaded in 2021)",NA,2022,NA
"European Region","POL","Poland","Koziegłowy",2018,NA,25.75,17.65,NA,NA,97.5,"European Environment Agency (downloaded in 2021)",NA,2022,NA
"European Region","POL","Poland","Koziegłowy",2019,NA,24.03,15.65,NA,NA,98.65296804,"European Environment Agency (downloaded in 2021)",NA,2022,NA
"European Region","POL","Poland","Krakow",2017,32.83,42.35,41.06,NA,NA,98.53310502,"European Environment Agency (downloaded in 2021)",NA,2022,NA
"European Region","POL","Poland","Krakow",2018,31.58,41.04,40.23,NA,NA,98.64726028,"European Environment Agency (downloaded in 2021)",NA,2022,NA
"European Region","POL","Poland","Krakow",2019,24.79,34.79,38.99,NA,NA,98.86130137,"European Environment Agency (downloaded in 2021)",NA,2022,NA
"European Region","POL","Poland","Kudowa-Zdroj",2017,NA,25.52,10.78,NA,NA,94.64611872,"European Environment Agency (downloaded in 2021)",NA,2022,NA
"European Region","POL","Poland","Lądek-Zdroj",2018,NA,22.76,8.04,NA,NA,88.44748858,"European Environment Agency (downloaded in 2021)",NA,2022,NA
"European Region","POL","Poland","Lebork",2017,NA,25.5,10.72,NA,NA,94.20091324,"European Environment Agency (downloaded in 2021)",NA,2022,NA
"European Region","POL","Poland","Lebork",2018,NA,34.18,12.27,NA,NA,99.70319635,"European Environment Agency (downloaded in 2021)",NA,2022,NA
"European Region","POL","Poland","Lebork",2019,NA,28.03,10.22,NA,NA,93.31050228,"European Environment Agency (downloaded in 2021)",NA,2022,NA
"European Region","POL","Poland","Legionowo",2017,23.06,32.3,15.64,NA,NA,98.60730594,"European Environment Agency (downloaded in 2021)",NA,2022,NA
"European Region","POL","Poland","Legionowo",2018,24.77,33.76,15.88,NA,NA,99.61187215,"European Environment Agency (downloaded in 2021)",NA,2022,NA
"European Region","POL","Poland","Legionowo",2019,21.07,25.02,17.04,NA,NA,99.8173516,"European Environment Agency (downloaded in 2021)",NA,2022,NA
"European Region","POL","Poland","Legnica",2017,23.88,33.57,20.85,NA,NA,99.46347032,"European Environment Agency (downloaded in 2021)",NA,2022,NA
"European Region","POL","Poland","Legnica",2018,24.98,35.44,21.32,NA,NA,99.38356164,"European Environment Agency (downloaded in 2021)",NA,2022,NA
"European Region","POL","Poland","Legnica",2019,17.01,29.55,18.25,NA,NA,98.93835616,"European Environment Agency (downloaded in 2021)",NA,2022,NA
"European Region","POL","Poland","Lodz",2017,26.74,37.53,24.36,NA,NA,95.77625571,"European Environment Agency (downloaded in 2021)",NA,2022,NA
"European Region","POL","Poland","Lodz",2018,23.92,36.54,25.16,NA,NA,98.94216134,"European Environment Agency (downloaded in 2021)",NA,2022,NA
"European Region","POL","Poland","Lodz",2019,20.29,31.76,21.46,NA,NA,99.02587519,"European Environment Agency (downloaded in 2021)",NA,2022,NA
"European Region","POL","Poland","Lomza",2017,25.58,24.97,13.45,NA,NA,99.5890411,"European Environment Agency (downloaded in 2021)",NA,2022,NA
"European Region","POL","Poland","Lomza",2018,28.89,27.79,14.5,NA,NA,99.80593607,"European Environment Agency (downloaded in 2021)",NA,2022,NA
"European Region","POL","Poland","Lomza",2019,21.39,23.87,12.97,NA,NA,98.67579909,"European Environment Agency (downloaded in 2021)",NA,2022,NA
"European Region","POL","Poland","Lubań",2018,NA,43.7,19.08,NA,NA,91.06164384,"European Environment Agency (downloaded in 2021)",NA,2022,NA
"European Region","POL","Poland","Lubań",2019,NA,32.92,11.24,NA,NA,98.03652968,"European Environment Agency (downloaded in 2021)",NA,2022,NA
"European Region","POL","Poland","Lublin",2017,21.39,29.74,21.73,NA,NA,99.61187215,"European Environment Agency (downloaded in 2021)",NA,2022,NA
"European Region","POL","Poland","Lublin",2018,21.73,30.61,21.65,NA,NA,99.15525114,"European Environment Agency (downloaded in 2021)",NA,2022,NA
"European Region","POL","Poland","Lublin",2019,18.15,24.49,19.48,NA,NA,99.8173516,"European Environment Agency (downloaded in 2021)",NA,2022,NA
"European Region","POL","Poland","Makowski",2017,NA,19.03,4.67,NA,NA,95.2739726,"European Environment Agency (downloaded in 2021)",NA,2022,NA
"European Region","POL","Poland","Makowski",2018,NA,20.86,4.24,NA,NA,99.18949772,"European Environment Agency (downloaded in 2021)",NA,2022,NA
"European Region","POL","Poland","Makowski",2019,NA,17.06,4.98,NA,NA,87.21461187,"European Environment Agency (downloaded in 2021)",NA,2022,NA
"European Region","POL","Poland","Malbork",2018,NA,27.44,17.1,NA,NA,98.52739726,"European Environment Agency (downloaded in 2021)",NA,2022,NA
"European Region","POL","Poland","Malbork",2019,NA,20.11,13.53,NA,NA,96.89497717,"European Environment Agency (downloaded in 2021)",NA,2022,NA
"European Region","POL","Poland","Malogoszcz",2018,NA,31.24,11.2,NA,NA,97.62557078,"European Environment Agency (downloaded in 2021)",NA,2022,NA
"European Region","POL","Poland","Malogoszcz",2019,NA,33.3,11.82,NA,NA,95.92465753,"European Environment Agency (downloaded in 2021)",NA,2022,NA
"European Region","POL","Poland","Mielecki",2017,25.32,34.43,19.47,NA,NA,99.09817352,"European Environment Agency (downloaded in 2021)",NA,2022,NA
"European Region","POL","Poland","Mielecki",2018,25.27,33.34,17.55,NA,NA,99.94292237,"European Environment Agency (downloaded in 2021)",NA,2022,NA
"European Region","POL","Poland","Mielecki",2019,21.1,27.6,14.79,NA,NA,94.18949772,"European Environment Agency (downloaded in 2021)",NA,2022,NA
"European Region","POL","Poland","Mogilno",2019,20.62,26.43,13.9,NA,NA,97.37442922,"European Environment Agency (downloaded in 2021)",NA,2022,NA
"European Region","POL","Poland","Nałęczow",2019,15.84,20.09,8.89,NA,NA,92.956621,"European Environment Agency (downloaded in 2021)",NA,2022,NA
"European Region","POL","Poland","Nisko",2017,24.52,30.19,12.03,NA,NA,98.39041096,"European Environment Agency (downloaded in 2021)",NA,2022,NA
"European Region","POL","Poland","Nisko",2018,24.08,30.95,11.17,NA,NA,99.80593607,"European Environment Agency (downloaded in 2021)",NA,2022,NA
"European Region","POL","Poland","Nisko",2019,20.34,26.77,11,NA,NA,99.44063927,"European Environment Agency (downloaded in 2021)",NA,2022,NA
"European Region","POL","Poland","Nowa Sol",2019,20.58,25.64,6.88,NA,NA,96.82648402,"European Environment Agency (downloaded in 2021)",NA,2022,NA
"European Region","POL","Poland","Nowa Swidzialowka",2019,9.19,12.71,3.68,NA,NA,99.17808219,"European Environment Agency (downloaded in 2021)",NA,2022,NA
"European Region","POL","Poland","Nowiny",2017,NA,38.27,17.75,NA,NA,99.30365297,"European Environment Agency (downloaded in 2021)",NA,2022,NA
"European Region","POL","Poland","Nowiny",2018,NA,37.91,19.04,NA,NA,99.44063927,"European Environment Agency (downloaded in 2021)",NA,2022,NA
"European Region","POL","Poland","Nowiny",2019,NA,30.38,17.37,NA,NA,97.88812785,"European Environment Agency (downloaded in 2021)",NA,2022,NA
"European Region","POL","Poland","Nowy Sacz",2017,34.1,42.44,25.54,NA,NA,99.06392694,"European Environment Agency (downloaded in 2021)",NA,2022,NA
"European Region","POL","Poland","Nowy Sacz",2018,32.54,40.98,24.87,NA,NA,99.85159817,"European Environment Agency (downloaded in 2021)",NA,2022,NA
"European Region","POL","Poland","Nowy Sacz",2019,27.31,35.29,22.17,NA,NA,98.24200913,"European Environment Agency (downloaded in 2021)",NA,2022,NA
"European Region","POL","Poland","Olawa",2017,NA,29.01,16.2,NA,NA,98.36757991,"European Environment Agency (downloaded in 2021)",NA,2022,NA
"European Region","POL","Poland","Olawa",2018,NA,30.59,17.13,NA,NA,87.48858447,"European Environment Agency (downloaded in 2021)",NA,2022,NA
"European Region","POL","Poland","Olawa",2019,NA,24.87,16.49,NA,NA,98.29908676,"European Environment Agency (downloaded in 2021)",NA,2022,NA
"European Region","POL","Poland","Olsztyn",2017,16.88,23.4,14.09,NA,NA,98.10502283,"European Environment Agency (downloaded in 2021)",NA,2022,NA
"European Region","POL","Poland","Olsztyn",2018,18.77,26.03,14.75,NA,NA,99.61187215,"European Environment Agency (downloaded in 2021)",NA,2022,NA
"European Region","POL","Poland","Olsztyn",2019,14.99,20.06,12.7,NA,NA,98.35616438,"European Environment Agency (downloaded in 2021)",NA,2022,NA
"European Region","POL","Poland","Opole",2017,23.73,32.78,16.23,NA,NA,98.94977169,"European Environment Agency (downloaded in 2021)",NA,2022,NA
"European Region","POL","Poland","Opole",2018,20.37,32.68,15.56,NA,NA,97.02054795,"European Environment Agency (downloaded in 2021)",NA,2022,NA
"European Region","POL","Poland","Opole",2019,18,28.3,16.62,NA,NA,93.43607306,"European Environment Agency (downloaded in 2021)",NA,2022,NA
"European Region","POL","Poland","Ostroda",2017,17.82,26.86,15.74,NA,NA,92.85388128,"European Environment Agency (downloaded in 2021)",NA,2022,NA
"European Region","POL","Poland","Ostroda",2018,19.81,31.9,15.06,NA,NA,99.98858447,"European Environment Agency (downloaded in 2021)",NA,2022,NA
"European Region","POL","Poland","Ostroda",2019,15.65,19.58,12.13,NA,NA,99.61187215,"European Environment Agency (downloaded in 2021)",NA,2022,NA
"European Region","POL","Poland","Otwock",2017,27.14,29.55,18.67,NA,NA,98.05936073,"European Environment Agency (downloaded in 2021)",NA,2022,NA
"European Region","POL","Poland","Otwock",2018,26.64,37.36,16.07,NA,NA,97.70547945,"European Environment Agency (downloaded in 2021)",NA,2022,NA
"European Region","POL","Poland","Otwock",2019,22.99,28.4,16.12,NA,NA,99.20091324,"European Environment Agency (downloaded in 2021)",NA,2022,NA
"European Region","POL","Poland","Pabianice",2017,NA,37.81,19.52,NA,NA,98.56164384,"European Environment Agency (downloaded in 2021)",NA,2022,NA
"European Region","POL","Poland","Pabianice",2018,NA,39.46,19.93,NA,NA,96.15296804,"European Environment Agency (downloaded in 2021)",NA,2022,NA
"European Region","POL","Poland","Pabianice",2019,NA,30.23,17.06,NA,NA,97.52283105,"European Environment Agency (downloaded in 2021)",NA,2022,NA
"European Region","POL","Poland","Parzniewiczki",2018,NA,25.19,13.22,NA,NA,99.21232877,"European Environment Agency (downloaded in 2021)",NA,2022,NA
"European Region","POL","Poland","Parzniewiczki",2019,NA,22.11,9.75,NA,NA,98.83561644,"European Environment Agency (downloaded in 2021)",NA,2022,NA
"European Region","POL","Poland","Piaseczno",2017,21.95,27.43,18.43,NA,NA,92.88812785,"European Environment Agency (downloaded in 2021)",NA,2022,NA
"European Region","POL","Poland","Piaseczno",2018,21.67,24.46,16.22,NA,NA,97.00913242,"European Environment Agency (downloaded in 2021)",NA,2022,NA
"European Region","POL","Poland","Piaseczno",2019,16.54,20.96,16.9,NA,NA,97.60273973,"European Environment Agency (downloaded in 2021)",NA,2022,NA
"European Region","POL","Poland","Piastow",2017,25.07,32.36,24.11,NA,NA,98.64155251,"European Environment Agency (downloaded in 2021)",NA,2022,NA
"European Region","POL","Poland","Piastow",2018,25.01,33.25,25.34,NA,NA,97.85388128,"European Environment Agency (downloaded in 2021)",NA,2022,NA
"European Region","POL","Poland","Piastow",2019,19.67,26.13,24.17,NA,NA,95.95890411,"European Environment Agency (downloaded in 2021)",NA,2022,NA
"European Region","POL","Poland","Pila",2017,NA,27.18,14.27,NA,NA,98.39041096,"European Environment Agency (downloaded in 2021)",NA,2022,NA
"European Region","POL","Poland","Pila",2018,NA,28.92,15.32,NA,NA,99.98858447,"European Environment Agency (downloaded in 2021)",NA,2022,NA
"European Region","POL","Poland","Pila",2019,NA,24.52,13.97,NA,NA,98.96118721,"European Environment Agency (downloaded in 2021)",NA,2022,NA
"European Region","POL","Poland","Piotrkow Trybunalski",2017,31.92,39.14,20.18,NA,NA,96.79223744,"European Environment Agency (downloaded in 2021)",NA,2022,NA
"European Region","POL","Poland","Piotrkow Trybunalski",2018,28.16,37.15,18.85,NA,NA,97.79680365,"European Environment Agency (downloaded in 2021)",NA,2022,NA
"European Region","POL","Poland","Piotrkow Trybunalski",2019,24.94,33.54,18.51,NA,NA,98.08219178,"European Environment Agency (downloaded in 2021)",NA,2022,NA
"European Region","POL","Poland","Plock",2017,21.65,30.23,14.5,NA,NA,99.78310502,"European Environment Agency (downloaded in 2021)",NA,2022,NA
"European Region","POL","Poland","Plock",2018,22.06,30.43,17.29,NA,NA,97.56278539,"European Environment Agency (downloaded in 2021)",NA,2022,NA
"European Region","POL","Poland","Plock",2019,18.02,23.6,13.35,NA,NA,98.4303653,"European Environment Agency (downloaded in 2021)",NA,2022,NA
"European Region","POL","Poland","Polaniec",2017,25.34,32.78,12.83,NA,NA,87.24885845,"European Environment Agency (downloaded in 2021)",NA,2022,NA
"European Region","POL","Poland","Polaniec",2018,23.85,31.16,7.52,NA,NA,99.16666667,"European Environment Agency (downloaded in 2021)",NA,2022,NA
"European Region","POL","Poland","Ponik",2017,19.85,26.14,10.44,NA,NA,98.91552511,"European Environment Agency (downloaded in 2021)",NA,2022,NA
"European Region","POL","Poland","Ponik",2018,20.17,26.43,8.98,NA,NA,99.28082192,"European Environment Agency (downloaded in 2021)",NA,2022,NA
"European Region","POL","Poland","Ponik",2019,16.11,21.75,8.14,NA,NA,98.16210046,"European Environment Agency (downloaded in 2021)",NA,2022,NA
"European Region","POL","Poland","Poznan",2017,22.36,28.04,21.16,NA,NA,98.68150685,"European Environment Agency (downloaded in 2021)",NA,2022,NA
"European Region","POL","Poland","Poznan",2018,21.86,30.4,22.5,NA,NA,99.48630137,"European Environment Agency (downloaded in 2021)",NA,2022,NA
"European Region","POL","Poland","Poznan",2019,18.24,27,23.25,NA,NA,98.92694064,"European Environment Agency (downloaded in 2021)",NA,2022,NA
"European Region","POL","Poland","Poznań",2019,NA,25.82,18.48,NA,NA,89.55479452,"European Environment Agency (downloaded in 2021)",NA,2022,NA
"European Region","POL","Poland","Prudnik",2019,17.29,23.83,9.24,NA,NA,98.52739726,"European Environment Agency (downloaded in 2021)",NA,2022,NA
"European Region","POL","Poland","Przemysl",2017,25.7,29.23,12.71,NA,NA,98.82420091,"European Environment Agency (downloaded in 2021)",NA,2022,NA
"European Region","POL","Poland","Przemysl",2018,24.83,31.23,14.08,NA,NA,99.62328767,"European Environment Agency (downloaded in 2021)",NA,2022,NA
"European Region","POL","Poland","Przemysl",2019,19.43,23.7,14.77,NA,NA,99.36073059,"European Environment Agency (downloaded in 2021)",NA,2022,NA
"European Region","POL","Poland","Puławy",2017,NA,26.54,11.47,NA,NA,99.6347032,"European Environment Agency (downloaded in 2021)",NA,2022,NA
"European Region","POL","Poland","Puławy",2018,NA,27.18,10.27,NA,NA,98.34474886,"European Environment Agency (downloaded in 2021)",NA,2022,NA
"European Region","POL","Poland","Puławy",2019,NA,22.64,13.19,NA,NA,99.56621005,"European Environment Agency (downloaded in 2021)",NA,2022,NA
"European Region","POL","Poland","Radom",2017,25.64,32.63,21.33,NA,NA,99.20091324,"European Environment Agency (downloaded in 2021)",NA,2022,NA
"European Region","POL","Poland","Radom",2018,24.75,36.4,23.17,NA,NA,99.23515982,"European Environment Agency (downloaded in 2021)",NA,2022,NA
"European Region","POL","Poland","Radom",2019,20.87,27.34,22.35,NA,NA,99.21232877,"European Environment Agency (downloaded in 2021)",NA,2022,NA
"European Region","POL","Poland","Radomsko",2017,NA,44.96,20.39,NA,NA,98.16210046,"European Environment Agency (downloaded in 2021)",NA,2022,NA
"European Region","POL","Poland","Radomsko",2018,NA,41.74,20.15,NA,NA,98.25342466,"European Environment Agency (downloaded in 2021)",NA,2022,NA
"European Region","POL","Poland","Radomsko",2019,NA,36.31,19.14,NA,NA,98.21917808,"European Environment Agency (downloaded in 2021)",NA,2022,NA
"European Region","POL","Poland","Rybnik",2017,NA,48.85,22.97,NA,NA,99.09817352,"European Environment Agency (downloaded in 2021)",NA,2022,NA
"European Region","POL","Poland","Rybnik",2018,NA,50.63,22.19,NA,NA,100,"European Environment Agency (downloaded in 2021)",NA,2022,NA
"European Region","POL","Poland","Rybnik",2019,NA,43.52,20.46,NA,NA,97.92237443,"European Environment Agency (downloaded in 2021)",NA,2022,NA
"European Region","POL","Poland","Rzeszow",2017,24.13,30.33,17.57,NA,NA,99.48630137,"European Environment Agency (downloaded in 2021)",NA,2022,NA
"European Region","POL","Poland","Rzeszow",2018,22.85,31.32,18.08,NA,NA,99.71461187,"European Environment Agency (downloaded in 2021)",NA,2022,NA
"European Region","POL","Poland","Rzeszow",2019,18.39,23.84,24.55,NA,NA,99.60045662,"European Environment Agency (downloaded in 2021)",NA,2022,NA
"European Region","POL","Poland","Skawina",2017,NA,45.44,20.52,NA,NA,98.13926941,"European Environment Agency (downloaded in 2021)",NA,2022,NA
"European Region","POL","Poland","Skawina",2018,NA,41.93,22.03,NA,NA,99.96575342,"European Environment Agency (downloaded in 2021)",NA,2022,NA
"European Region","POL","Poland","Skawina",2019,NA,35.73,18.85,NA,NA,98.31050228,"European Environment Agency (downloaded in 2021)",NA,2022,NA
"European Region","POL","Poland","Slupsk",2017,14.92,19.23,11.96,NA,NA,98.21917808,"European Environment Agency (downloaded in 2021)",NA,2022,NA
"European Region","POL","Poland","Slupsk",2018,16.89,22.27,13.73,NA,NA,96.91780822,"European Environment Agency (downloaded in 2021)",NA,2022,NA
"European Region","POL","Poland","Slupsk",2019,11.24,17.95,10.69,NA,NA,87.19178082,"European Environment Agency (downloaded in 2021)",NA,2022,NA
"European Region","POL","Poland","Sopot",2017,NA,16.84,12.71,NA,NA,98.39041096,"European Environment Agency (downloaded in 2021)",NA,2022,NA
"European Region","POL","Poland","Sopot",2018,NA,21.46,14.68,NA,NA,99.16666667,"European Environment Agency (downloaded in 2021)",NA,2022,NA
"European Region","POL","Poland","Sopot",2019,NA,18.52,12.59,NA,NA,97.76255708,"European Environment Agency (downloaded in 2021)",NA,2022,NA
"European Region","POL","Poland","Sosnowiec",2017,NA,40.53,25.41,NA,NA,99.45205479,"European Environment Agency (downloaded in 2021)",NA,2022,NA
"European Region","POL","Poland","Sosnowiec",2018,NA,37.25,22.3,NA,NA,100,"European Environment Agency (downloaded in 2021)",NA,2022,NA
"European Region","POL","Poland","Sosnowiec",2019,NA,29.45,22.22,NA,NA,99.87442922,"European Environment Agency (downloaded in 2021)",NA,2022,NA
"European Region","POL","Poland","Sulecin",2017,NA,26.21,8.99,NA,NA,85.83333333,"European Environment Agency (downloaded in 2021)",NA,2022,NA
"European Region","POL","Poland","Sulecin",2018,NA,28.54,9.28,NA,NA,99.04109589,"European Environment Agency (downloaded in 2021)",NA,2022,NA
"European Region","POL","Poland","Sulecin",2019,NA,22.59,8.96,NA,NA,98.58447489,"European Environment Agency (downloaded in 2021)",NA,2022,NA
"European Region","POL","Poland","Szczecin",2017,17.83,22.72,18.75,NA,NA,97.96232877,"European Environment Agency (downloaded in 2021)",NA,2022,NA
"European Region","POL","Poland","Szczecin",2018,18.41,24.63,20.9,NA,NA,96.83789955,"European Environment Agency (downloaded in 2021)",NA,2022,NA
"European Region","POL","Poland","Szczecin",2019,14.94,20.57,15.82,NA,NA,99.13812786,"European Environment Agency (downloaded in 2021)",NA,2022,NA
"European Region","POL","Poland","Szczecinek",2017,15.49,24.78,11.67,NA,NA,98.33333333,"European Environment Agency (downloaded in 2021)",NA,2022,NA
"European Region","POL","Poland","Szczecinek",2018,16.21,27.67,13.99,NA,NA,99.31506849,"European Environment Agency (downloaded in 2021)",NA,2022,NA
"European Region","POL","Poland","Szczecinek",2019,12.75,22.4,13.08,NA,NA,97.93378995,"European Environment Agency (downloaded in 2021)",NA,2022,NA
"European Region","POL","Poland","Szymbark",2018,NA,22.67,5.79,NA,NA,99.84018265,"European Environment Agency (downloaded in 2021)",NA,2022,NA
"European Region","POL","Poland","Szymbark",2019,NA,19.02,4.52,NA,NA,95.20547945,"European Environment Agency (downloaded in 2021)",NA,2022,NA
"European Region","POL","Poland","Tarnow",2017,27.41,33.48,27.22,NA,NA,94.55479452,"European Environment Agency (downloaded in 2021)",NA,2022,NA
"European Region","POL","Poland","Tarnow",2018,24.96,33.24,24.9,NA,NA,99.61187215,"European Environment Agency (downloaded in 2021)",NA,2022,NA
"European Region","POL","Poland","Tarnow",2019,21.35,28.94,23.14,NA,NA,98.48744293,"European Environment Agency (downloaded in 2021)",NA,2022,NA
"European Region","POL","Poland","Torun",2017,18.44,26.01,17.29,NA,NA,91.57534247,"European Environment Agency (downloaded in 2021)",NA,2022,NA
"European Region","POL","Poland","Torun",2018,20.57,29.52,17.67,NA,NA,98.293379,"European Environment Agency (downloaded in 2021)",NA,2022,NA
"European Region","POL","Poland","Torun",2019,15.86,25.37,14.28,NA,NA,92.29452055,"European Environment Agency (downloaded in 2021)",NA,2022,NA
"European Region","POL","Poland","Toruń",2018,NA,32.83,13.78,NA,NA,90.82191781,"European Environment Agency (downloaded in 2021)",NA,2022,NA
"European Region","POL","Poland","Trzebinia",2017,27.55,36.24,18.24,NA,NA,98.41324201,"European Environment Agency (downloaded in 2021)",NA,2022,NA
"European Region","POL","Poland","Trzebinia",2018,23.97,32.71,15.5,NA,NA,99.71461187,"European Environment Agency (downloaded in 2021)",NA,2022,NA
"European Region","POL","Poland","Trzebinia",2019,20.4,29.26,17.27,NA,NA,98.67579909,"European Environment Agency (downloaded in 2021)",NA,2022,NA
"European Region","POL","Poland","Tucholski",2018,13.95,19.83,5.18,NA,NA,93.76712329,"European Environment Agency (downloaded in 2021)",NA,2022,NA
"European Region","POL","Poland","Tucholski",2019,9.64,15.4,4.52,NA,NA,91.76940639,"European Environment Agency (downloaded in 2021)",NA,2022,NA
"European Region","POL","Poland","Tychy",2017,NA,40.89,21.47,NA,NA,99.82876712,"European Environment Agency (downloaded in 2021)",NA,2022,NA
"European Region","POL","Poland","Tychy",2018,NA,37.93,23.35,NA,NA,99.47488584,"European Environment Agency (downloaded in 2021)",NA,2022,NA
"European Region","POL","Poland","Tychy",2019,NA,31.61,21.87,NA,NA,99.8630137,"European Environment Agency (downloaded in 2021)",NA,2022,NA
"European Region","POL","Poland","Ustron",2017,NA,25.12,15.39,NA,NA,99.85159817,"European Environment Agency (downloaded in 2021)",NA,2022,NA
"European Region","POL","Poland","Ustron",2018,NA,25.47,14.53,NA,NA,97.10045662,"European Environment Agency (downloaded in 2021)",NA,2022,NA
"European Region","POL","Poland","Ustron",2019,NA,17.66,11.89,NA,NA,99.25799087,"European Environment Agency (downloaded in 2021)",NA,2022,NA
"European Region","POL","Poland","Walbrzych",2017,21.39,27.39,15.24,NA,NA,97.5913242,"European Environment Agency (downloaded in 2021)",NA,2022,NA
"European Region","POL","Poland","Walbrzych",2018,21.58,28.78,15.21,NA,NA,100,"European Environment Agency (downloaded in 2021)",NA,2022,NA
"European Region","POL","Poland","Walbrzych",2019,15.36,23.15,13.13,NA,NA,98.08219178,"European Environment Agency (downloaded in 2021)",NA,2022,NA
"European Region","POL","Poland","Warszawa",2017,23.71,35.41,34.55,NA,NA,98.49600457,"European Environment Agency (downloaded in 2021)",NA,2022,NA
"European Region","POL","Poland","Warszawa",2018,22.35,35.93,34.43,NA,NA,99.40258752,"European Environment Agency (downloaded in 2021)",NA,2022,NA
"European Region","POL","Poland","Warszawa",2019,18.19,27.45,29.46,NA,NA,97.00342466,"European Environment Agency (downloaded in 2021)",NA,2022,NA
"European Region","POL","Poland","Widuchowa",2017,NA,20.74,8.84,NA,NA,97.64840183,"European Environment Agency (downloaded in 2021)",NA,2022,NA
"European Region","POL","Poland","Widuchowa",2018,NA,26.95,7.5,NA,NA,99.97716895,"European Environment Agency (downloaded in 2021)",NA,2022,NA
"European Region","POL","Poland","Wieniec-Zdroj",2019,NA,21.06,9.8,NA,NA,94.543379,"European Environment Agency (downloaded in 2021)",NA,2022,NA
"European Region","POL","Poland","Wloclawek",2017,NA,32.07,19.23,NA,NA,98.01940639,"European Environment Agency (downloaded in 2021)",NA,2022,NA
"European Region","POL","Poland","Wloclawek",2018,NA,33.74,27.64,NA,NA,99.64611872,"European Environment Agency (downloaded in 2021)",NA,2022,NA
"European Region","POL","Poland","Wloclawek",2019,22.93,27.5,24.56,NA,NA,98.08219178,"European Environment Agency (downloaded in 2021)",NA,2022,NA
"European Region","POL","Poland","Włocławek",2019,17.15,25.85,13.21,NA,NA,95.98173516,"European Environment Agency (downloaded in 2021)",NA,2022,NA
"European Region","POL","Poland","Wodzislaw Slaski",2017,NA,49.13,20.59,NA,NA,99.71461187,"European Environment Agency (downloaded in 2021)",NA,2022,NA
"European Region","POL","Poland","Wodzislaw Slaski",2018,NA,47.93,21.06,NA,NA,100,"European Environment Agency (downloaded in 2021)",NA,2022,NA
"European Region","POL","Poland","Wodzislaw Slaski",2019,NA,40.42,18.99,NA,NA,97.956621,"European Environment Agency (downloaded in 2021)",NA,2022,NA
"European Region","POL","Poland","Wroclaw",2017,22.2,30.07,28.54,NA,NA,99.02587519,"European Environment Agency (downloaded in 2021)",NA,2022,NA
"European Region","POL","Poland","Wroclaw",2018,22.33,30.27,27.84,NA,NA,99.28462709,"European Environment Agency (downloaded in 2021)",NA,2022,NA
"European Region","POL","Poland","Wroclaw",2019,17.6,24.63,26.07,NA,NA,98.54642313,"European Environment Agency (downloaded in 2021)",NA,2022,NA
"European Region","POL","Poland","Wschowa",2017,NA,30.33,12.51,NA,NA,98.53881279,"European Environment Agency (downloaded in 2021)",NA,2022,NA
"European Region","POL","Poland","Wschowa",2018,NA,34.24,14.04,NA,NA,98.13926941,"European Environment Agency (downloaded in 2021)",NA,2022,NA
"European Region","POL","Poland","Wschowa",2019,21.98,25.94,12.23,NA,NA,96.82648402,"European Environment Agency (downloaded in 2021)",NA,2022,NA
"European Region","POL","Poland","Zabkowice Slaskie",2017,NA,28.62,13.98,NA,NA,98.28767123,"European Environment Agency (downloaded in 2021)",NA,2022,NA
"European Region","POL","Poland","Zabkowice Slaskie",2018,NA,26.1,14.59,NA,NA,99.65753425,"European Environment Agency (downloaded in 2021)",NA,2022,NA
"European Region","POL","Poland","Zabkowice Slaskie",2019,NA,20.78,13.09,NA,NA,97.97945205,"European Environment Agency (downloaded in 2021)",NA,2022,NA
"European Region","POL","Poland","Zabrze",2017,NA,43.66,24.66,NA,NA,99.71461187,"European Environment Agency (downloaded in 2021)",NA,2022,NA
"European Region","POL","Poland","Zabrze",2018,NA,44.92,23.21,NA,NA,99.97716895,"European Environment Agency (downloaded in 2021)",NA,2022,NA
"European Region","POL","Poland","Zabrze",2019,NA,38.81,21.92,NA,NA,99.40639269,"European Environment Agency (downloaded in 2021)",NA,2022,NA
"European Region","POL","Poland","Zakopane",2017,24.68,30.34,20.39,NA,NA,99.13242009,"European Environment Agency (downloaded in 2021)",NA,2022,NA
"European Region","POL","Poland","Zakopane",2018,24.37,30.94,20.5,NA,NA,99.53196347,"European Environment Agency (downloaded in 2021)",NA,2022,NA
"European Region","POL","Poland","Zakopane",2019,19.75,25.07,16.38,NA,NA,97.94520548,"European Environment Agency (downloaded in 2021)",NA,2022,NA
"European Region","POL","Poland","Zamosc",2017,23.14,30.96,14.53,NA,NA,98.32191781,"European Environment Agency (downloaded in 2021)",NA,2022,NA
"European Region","POL","Poland","Zamosc",2018,22.68,28.4,18.12,NA,NA,99.16666667,"European Environment Agency (downloaded in 2021)",NA,2022,NA
"European Region","POL","Poland","Zamosc",2019,18.4,26.41,15.53,NA,NA,97.47716895,"European Environment Agency (downloaded in 2021)",NA,2022,NA
"European Region","POL","Poland","Zary",2017,21.57,26.5,19.14,NA,NA,99.6803653,"European Environment Agency (downloaded in 2021)",NA,2022,NA
"European Region","POL","Poland","Zary",2018,20.2,29.69,15.48,NA,NA,99.70319635,"European Environment Agency (downloaded in 2021)",NA,2022,NA
"European Region","POL","Poland","Zary",2019,14.26,22.92,15.98,NA,NA,96.15296804,"European Environment Agency (downloaded in 2021)",NA,2022,NA
"European Region","POL","Poland","Zdzieszowice",2017,NA,39.27,15.46,NA,NA,97.37442922,"European Environment Agency (downloaded in 2021)",NA,2022,NA
"European Region","POL","Poland","Zdzieszowice",2018,NA,37.71,16.23,NA,NA,99.84018265,"European Environment Agency (downloaded in 2021)",NA,2022,NA
"European Region","POL","Poland","Zdzieszowice",2019,NA,32.65,14.92,NA,NA,94.33789954,"European Environment Agency (downloaded in 2021)",NA,2022,NA
"European Region","POL","Poland","Zgierz",2017,20.88,27.83,18.19,NA,NA,99.20091324,"European Environment Agency (downloaded in 2021)",NA,2022,NA
"European Region","POL","Poland","Zgierz",2018,30.2,38.77,17.6,NA,NA,98.48173516,"European Environment Agency (downloaded in 2021)",NA,2022,NA
"European Region","POL","Poland","Zgierz",2019,27,34.82,15.74,NA,NA,99.07534247,"European Environment Agency (downloaded in 2021)",NA,2022,NA
"European Region","POL","Poland","Zgorzelec",2017,19.1,25.57,16.37,NA,NA,99.01826484,"European Environment Agency (downloaded in 2021)",NA,2022,NA
"European Region","POL","Poland","Zgorzelec",2018,21.3,29.36,17.01,NA,NA,99.79452055,"European Environment Agency (downloaded in 2021)",NA,2022,NA
"European Region","POL","Poland","Zgorzelec",2019,17.09,24.37,14.19,NA,NA,98.90410959,"European Environment Agency (downloaded in 2021)",NA,2022,NA
"European Region","POL","Poland","Zgorzelecki",2017,NA,26.67,10.68,NA,NA,97.60273973,"European Environment Agency (downloaded in 2021)",NA,2022,NA
"European Region","POL","Poland","Zgorzelecki",2018,NA,28.9,10.43,NA,NA,97.71689498,"European Environment Agency (downloaded in 2021)",NA,2022,NA
"European Region","POL","Poland","Zgorzelecki",2019,NA,19.44,9.48,NA,NA,98.58447489,"European Environment Agency (downloaded in 2021)",NA,2022,NA
"European Region","POL","Poland","Zielona Gora",2017,19.45,23.41,17.76,NA,NA,98.66438356,"European Environment Agency (downloaded in 2021)",NA,2022,NA
"European Region","POL","Poland","Zielona Gora",2018,17.28,25.3,15.16,NA,NA,99.56621005,"European Environment Agency (downloaded in 2021)",NA,2022,NA
"European Region","POL","Poland","Zielona Gora",2019,13.62,20.44,15.24,NA,NA,98.63013699,"European Environment Agency (downloaded in 2021)",NA,2022,NA
"European Region","POL","Poland","Zywiec",2017,NA,47.08,17.04,NA,NA,98.76712329,"European Environment Agency (downloaded in 2021)",NA,2022,NA
"European Region","POL","Poland","Zywiec",2018,NA,46.82,16.69,NA,NA,99.60045662,"European Environment Agency (downloaded in 2021)",NA,2022,NA
"European Region","POL","Poland","Zywiec",2019,NA,33.47,15.44,NA,NA,98.67579909,"European Environment Agency (downloaded in 2021)",NA,2022,NA
"European Region","PRT","Portugal","Albufeira",2017,NA,26.95,12.19,NA,NA,95,"European Environment Agency (downloaded in 2021)",NA,2022,NA
"European Region","PRT","Portugal","Albufeira",2018,NA,21.5,10.44,NA,NA,99.78310502,"European Environment Agency (downloaded in 2021)",NA,2022,NA
"European Region","PRT","Portugal","Albufeira",2019,NA,20.92,17.35,NA,NA,99.69178082,"European Environment Agency (downloaded in 2021)",NA,2022,NA
"European Region","PRT","Portugal","Algueirao-Mem Martins",2017,9.62,20.63,13.19,NA,NA,99.80593607,"European Environment Agency (downloaded in 2021)",NA,2022,NA
"European Region","PRT","Portugal","Algueirao-Mem Martins",2018,8.38,18.17,12.81,NA,NA,99.82876712,"European Environment Agency (downloaded in 2021)",NA,2022,NA
"European Region","PRT","Portugal","Algueirao-Mem Martins",2019,8.12,18.08,12.22,NA,NA,88.33333333,"European Environment Agency (downloaded in 2021)",NA,2022,NA
"European Region","PRT","Portugal","Almada",2017,14.8,22.2,24.86,NA,NA,99.7260274,"European Environment Agency (downloaded in 2021)",NA,2022,NA
"European Region","PRT","Portugal","Almada",2018,13.47,22.37,25.36,NA,NA,95.456621,"European Environment Agency (downloaded in 2021)",NA,2022,NA
"European Region","PRT","Portugal","Almada",2019,9.97,21.22,22.34,NA,NA,91.31278539,"European Environment Agency (downloaded in 2021)",NA,2022,NA
"European Region","PRT","Portugal","Alverca Do Ribatejo",2017,NA,18.54,20.91,NA,NA,91.41552511,"European Environment Agency (downloaded in 2021)",NA,2022,NA
"European Region","PRT","Portugal","Alverca Do Ribatejo",2019,NA,17.61,18.12,NA,NA,95.85616438,"European Environment Agency (downloaded in 2021)",NA,2022,NA
"European Region","PRT","Portugal","Amadora",2017,NA,17.07,22.43,NA,NA,97.2716895,"European Environment Agency (downloaded in 2021)",NA,2022,NA
"European Region","PRT","Portugal","Amadora",2018,NA,16.37,20.59,NA,NA,98.25342466,"European Environment Agency (downloaded in 2021)",NA,2022,NA
"European Region","PRT","Portugal","Amadora",2019,NA,15.78,19.84,NA,NA,99.06392694,"European Environment Agency (downloaded in 2021)",NA,2022,NA
"European Region","PRT","Portugal","Aveiro",2017,NA,22.98,25.95,NA,NA,99.88584475,"European Environment Agency (downloaded in 2021)",NA,2022,NA
"European Region","PRT","Portugal","Aveiro",2019,NA,22.45,19.49,NA,NA,99.84018265,"European Environment Agency (downloaded in 2021)",NA,2022,NA
"European Region","PRT","Portugal","Azores",2017,NA,5.36,0.52,NA,NA,99.55479452,"European Environment Agency (downloaded in 2021)",NA,2022,NA
"European Region","PRT","Portugal","Azores",2018,NA,6.36,1.31,NA,NA,99.7260274,"European Environment Agency (downloaded in 2021)",NA,2022,NA
"European Region","PRT","Portugal","Azores",2019,3.44,8.23,1.78,NA,NA,99.6803653,"European Environment Agency (downloaded in 2021)",NA,2022,NA
"European Region","PRT","Portugal","Baixa Da Banheira",2017,NA,23.58,17.02,NA,NA,96.79794521,"European Environment Agency (downloaded in 2021)",NA,2022,NA
"European Region","PRT","Portugal","Baixa Da Banheira",2018,NA,18.31,17.33,NA,NA,90.80479453,"European Environment Agency (downloaded in 2021)",NA,2022,NA
"European Region","PRT","Portugal","Baixa Da Banheira",2019,NA,15.71,15.74,NA,NA,95.61643836,"European Environment Agency (downloaded in 2021)",NA,2022,NA
"European Region","PRT","Portugal","Barreiro",2017,NA,24.08,18.22,NA,NA,98.64155251,"European Environment Agency (downloaded in 2021)",NA,2022,NA
"European Region","PRT","Portugal","Barreiro",2018,NA,23.09,17.44,NA,NA,92.56849315,"European Environment Agency (downloaded in 2021)",NA,2022,NA
"European Region","PRT","Portugal","Barreiro",2019,NA,21.74,15.05,NA,NA,98.39041096,"European Environment Agency (downloaded in 2021)",NA,2022,NA
"European Region","PRT","Portugal","Braga",2017,NA,12.06,54.88,NA,NA,97.7739726,"European Environment Agency (downloaded in 2021)",NA,2022,NA
"European Region","PRT","Portugal","Braga",2018,NA,10.45,49.91,NA,NA,93.59589041,"European Environment Agency (downloaded in 2021)",NA,2022,NA
"European Region","PRT","Portugal","Carcavelos",2017,NA,16.59,14.91,NA,NA,97.80821918,"European Environment Agency (downloaded in 2021)",NA,2022,NA
"European Region","PRT","Portugal","Carcavelos",2018,NA,16.66,14.13,NA,NA,93.44748858,"European Environment Agency (downloaded in 2021)",NA,2022,NA
"European Region","PRT","Portugal","Carcavelos",2019,NA,16.06,14.91,NA,NA,90.92465753,"European Environment Agency (downloaded in 2021)",NA,2022,NA
"European Region","PRT","Portugal","Cascais",2018,NA,26.13,15.76,NA,NA,97.46575342,"European Environment Agency (downloaded in 2021)",NA,2022,NA
"European Region","PRT","Portugal","Cascais",2019,NA,23.11,14.08,NA,NA,99.73744292,"European Environment Agency (downloaded in 2021)",NA,2022,NA
"European Region","PRT","Portugal","Chamusca",2017,8.42,16.81,4.79,NA,NA,93.11643836,"European Environment Agency (downloaded in 2021)",NA,2022,NA
"European Region","PRT","Portugal","Chamusca",2018,7.24,15.54,4.94,NA,NA,85.0913242,"European Environment Agency (downloaded in 2021)",NA,2022,NA
"European Region","PRT","Portugal","Chamusca",2019,6.88,13.54,4.36,NA,NA,96.06164384,"European Environment Agency (downloaded in 2021)",NA,2022,NA
"European Region","PRT","Portugal","Coimbra",2017,NA,17,17.33,NA,NA,95.0456621,"European Environment Agency (downloaded in 2021)",NA,2022,NA
"European Region","PRT","Portugal","Coimbra",2018,NA,14.61,14.37,NA,NA,98.36757991,"European Environment Agency (downloaded in 2021)",NA,2022,NA
"European Region","PRT","Portugal","Espinho",2018,NA,11.64,24.53,NA,NA,98.80136986,"European Environment Agency (downloaded in 2021)",NA,2022,NA
"European Region","PRT","Portugal","Estarreja",2017,NA,23.66,11.45,NA,NA,91.65525114,"European Environment Agency (downloaded in 2021)",NA,2022,NA
"European Region","PRT","Portugal","Estarreja",2018,NA,18.22,9.22,NA,NA,95.54794521,"European Environment Agency (downloaded in 2021)",NA,2022,NA
"European Region","PRT","Portugal","Estarreja",2019,8.99,23.51,9.17,NA,NA,95.57077626,"European Environment Agency (downloaded in 2021)",NA,2022,NA
"European Region","PRT","Portugal","Evora",2019,4.12,12.1,3.25,NA,NA,98.53881279,"European Environment Agency (downloaded in 2021)",NA,2022,NA
"European Region","PRT","Portugal","Faro",2018,NA,18.09,10.24,NA,NA,99.8630137,"European Environment Agency (downloaded in 2021)",NA,2022,NA
"European Region","PRT","Portugal","Faro",2019,NA,17.49,9.88,NA,NA,99.74885845,"European Environment Agency (downloaded in 2021)",NA,2022,NA
"European Region","PRT","Portugal","Funchal",2017,4.74,20.82,34.29,NA,NA,99.6803653,"European Environment Agency (downloaded in 2021)",NA,2022,NA
"European Region","PRT","Portugal","Funchal",2018,4.75,18.53,36.11,NA,NA,98.25342466,"European Environment Agency (downloaded in 2021)",NA,2022,NA
"European Region","PRT","Portugal","Funchal",2019,5.23,16.97,25.9,NA,NA,99.85730594,"European Environment Agency (downloaded in 2021)",NA,2022,NA
"European Region","PRT","Portugal","Lisboa",2017,11.59,27.16,38.38,NA,NA,96.05479452,"European Environment Agency (downloaded in 2021)",NA,2022,NA
"European Region","PRT","Portugal","Lisboa",2018,11.78,23.21,38.1,NA,NA,95.74885845,"European Environment Agency (downloaded in 2021)",NA,2022,NA
"European Region","PRT","Portugal","Lisboa",2019,10.42,20.51,34.41,NA,NA,95.3196347,"European Environment Agency (downloaded in 2021)",NA,2022,NA
"European Region","PRT","Portugal","Loures",2017,NA,19.58,19.03,NA,NA,97.29452055,"European Environment Agency (downloaded in 2021)",NA,2022,NA
"European Region","PRT","Portugal","Loures",2018,NA,17.9,18.47,NA,NA,98.45890411,"European Environment Agency (downloaded in 2021)",NA,2022,NA
"European Region","PRT","Portugal","Loures",2019,NA,19.72,16.05,NA,NA,99.42922374,"European Environment Agency (downloaded in 2021)",NA,2022,NA
"European Region","PRT","Portugal","Marateca",2017,13.5,24.61,6.85,NA,NA,99.56621005,"European Environment Agency (downloaded in 2021)",NA,2022,NA
"European Region","PRT","Portugal","Marateca",2018,NA,18.5,6.61,NA,NA,99.42922374,"European Environment Agency (downloaded in 2021)",NA,2022,NA
"European Region","PRT","Portugal","Marateca",2019,NA,15.38,7.44,NA,NA,98.01369863,"European Environment Agency (downloaded in 2021)",NA,2022,NA
"European Region","PRT","Portugal","Montemor-O-Velho",2017,NA,23.01,9.6,NA,NA,99.14383562,"European Environment Agency (downloaded in 2021)",NA,2022,NA
"European Region","PRT","Portugal","Odivelas",2019,NA,19.73,25.15,NA,NA,79.22374429,"European Environment Agency (downloaded in 2021)",NA,2022,NA
"European Region","PRT","Portugal","Pacos De Ferreira",2017,NA,22.86,16.08,NA,NA,75.62785388,"European Environment Agency (downloaded in 2021)",NA,2022,NA
"European Region","PRT","Portugal","Pacos De Ferreira",2018,NA,22.29,12.7,NA,NA,75.54794521,"European Environment Agency (downloaded in 2021)",NA,2022,NA
"European Region","PRT","Portugal","Paredes",2017,NA,10.79,26.8,NA,NA,98.20776256,"European Environment Agency (downloaded in 2021)",NA,2022,NA
"European Region","PRT","Portugal","Paredes",2018,NA,9.73,22.6,NA,NA,97.92237443,"European Environment Agency (downloaded in 2021)",NA,2022,NA
"European Region","PRT","Portugal","Portimao",2018,NA,31.64,22.16,NA,NA,95.46803653,"European Environment Agency (downloaded in 2021)",NA,2022,NA
"European Region","PRT","Portugal","Portimao",2019,NA,31.49,21.47,NA,NA,99.41780822,"European Environment Agency (downloaded in 2021)",NA,2022,NA
"European Region","PRT","Portugal","Porto",2018,NA,18.43,38.73,NA,NA,91.47260274,"European Environment Agency (downloaded in 2021)",NA,2022,NA
"European Region","PRT","Portugal","Salgueiro",2017,5.42,15.85,6.76,NA,NA,99.08675799,"European Environment Agency (downloaded in 2021)",NA,2022,NA
"European Region","PRT","Portugal","Santana",2017,NA,18.87,1.64,NA,NA,99.79452055,"European Environment Agency (downloaded in 2021)",NA,2022,NA
"European Region","PRT","Portugal","Santana",2018,3.36,14.18,2.09,NA,NA,99.543379,"European Environment Agency (downloaded in 2021)",NA,2022,NA
"European Region","PRT","Portugal","Santana",2019,3.17,12.31,1.91,NA,NA,99.78310502,"European Environment Agency (downloaded in 2021)",NA,2022,NA
"European Region","PRT","Portugal","Seixeira",2017,NA,28.87,22.25,NA,NA,85.2283105,"European Environment Agency (downloaded in 2021)",NA,2022,NA
"European Region","PRT","Portugal","Seixeira",2018,NA,27.36,22.26,NA,NA,90.06849315,"European Environment Agency (downloaded in 2021)",NA,2022,NA
"European Region","PRT","Portugal","Seixeira",2019,NA,25.89,19.8,NA,NA,99.8630137,"European Environment Agency (downloaded in 2021)",NA,2022,NA
"European Region","PRT","Portugal","Senhora Da Hora",2017,NA,20.73,30.83,NA,NA,92.6826484,"European Environment Agency (downloaded in 2021)",NA,2022,NA
"European Region","PRT","Portugal","Senhora Da Hora",2018,NA,17.8,35.51,NA,NA,89.73744292,"European Environment Agency (downloaded in 2021)",NA,2022,NA
"European Region","PRT","Portugal","Senhora Da Hora",2019,NA,16.43,47.69,NA,NA,82.4086758,"European Environment Agency (downloaded in 2021)",NA,2022,NA
"European Region","PRT","Portugal","Setubal",2017,NA,24.42,17.28,NA,NA,95.15981735,"European Environment Agency (downloaded in 2021)",NA,2022,NA
"European Region","PRT","Portugal","Setubal",2018,NA,21.89,16.26,NA,NA,87.52853882,"European Environment Agency (downloaded in 2021)",NA,2022,NA
"European Region","PRT","Portugal","Setubal",2019,NA,19.29,16.04,NA,NA,92.93949772,"European Environment Agency (downloaded in 2021)",NA,2022,NA
"European Region","PRT","Portugal","Sines",2017,4.24,11.02,4.28,NA,NA,99.92009132,"European Environment Agency (downloaded in 2021)",NA,2022,NA
"European Region","PRT","Portugal","Sines",2018,5.73,15.03,5.06,NA,NA,93.17922374,"European Environment Agency (downloaded in 2021)",NA,2022,NA
"European Region","PRT","Portugal","Sines",2019,4.59,16.16,8.3,NA,NA,98.11643836,"European Environment Agency (downloaded in 2021)",NA,2022,NA
"European Region","PRT","Portugal","Vaqueiros",2018,NA,11.09,1.47,NA,NA,81.18721461,"European Environment Agency (downloaded in 2021)",NA,2022,NA
"European Region","PRT","Portugal","Vaqueiros",2019,NA,10.45,0.95,NA,NA,99.50913242,"European Environment Agency (downloaded in 2021)",NA,2022,NA
"European Region","PRT","Portugal","Vila Nova Da Telha",2018,NA,17.34,18.98,NA,NA,97.52283105,"European Environment Agency (downloaded in 2021)",NA,2022,NA
"European Region","PRT","Portugal","Vila Real",2019,NA,7.99,11.44,NA,NA,87.47716895,"European Environment Agency (downloaded in 2021)",NA,2022,NA
"European Region","ROU","Romania","Alba Iulia",2017,NA,20.49,23.82,NA,NA,89.8630137,"European Environment Agency (downloaded in 2021)",NA,2022,NA
"European Region","ROU","Romania","Alba Iulia",2018,NA,23.88,21.54,NA,NA,89.42922374,"European Environment Agency (downloaded in 2021)",NA,2022,NA
"European Region","ROU","Romania","Alexandria",2018,NA,26.29,17.39,NA,NA,92.83105023,"European Environment Agency (downloaded in 2021)",NA,2022,NA
"European Region","ROU","Romania","Alexandria",2019,NA,25.2,20,NA,NA,94.36073059,"European Environment Agency (downloaded in 2021)",NA,2022,NA
"European Region","ROU","Romania","Arad",2017,20.47,27.04,7.75,NA,NA,92.19748859,"European Environment Agency (downloaded in 2021)",NA,2022,NA
"European Region","ROU","Romania","Arad",2018,17.87,31.76,20.09,NA,NA,90.75913242,"European Environment Agency (downloaded in 2021)",NA,2022,NA
"European Region","ROU","Romania","Bacau",2018,NA,24.46,17.23,NA,NA,94.92009132,"European Environment Agency (downloaded in 2021)",NA,2022,NA
"European Region","ROU","Romania","Bacau",2019,NA,22.72,15.17,NA,NA,95.1369863,"European Environment Agency (downloaded in 2021)",NA,2022,NA
"European Region","ROU","Romania","Baia Mare",2017,16.87,20.59,17.21,NA,NA,93.67865297,"European Environment Agency (downloaded in 2021)",NA,2022,NA
"European Region","ROU","Romania","Baia Mare",2018,NA,20.67,14.59,NA,NA,89.78310503,"European Environment Agency (downloaded in 2021)",NA,2022,NA
"European Region","ROU","Romania","Baia Mare",2019,NA,19.7,19.47,NA,NA,89.77549467,"European Environment Agency (downloaded in 2021)",NA,2022,NA
"European Region","ROU","Romania","Bistrita",2018,NA,16.97,24.58,NA,NA,91.18721461,"European Environment Agency (downloaded in 2021)",NA,2022,NA
"European Region","ROU","Romania","Bistrita",2019,NA,11.09,26.27,NA,NA,95.46803653,"European Environment Agency (downloaded in 2021)",NA,2022,NA
"European Region","ROU","Romania","Blejoi",2017,NA,27.93,27.05,NA,NA,93.90410959,"European Environment Agency (downloaded in 2021)",NA,2022,NA
"European Region","ROU","Romania","Blejoi",2018,NA,25.79,20.68,NA,NA,95.42237443,"European Environment Agency (downloaded in 2021)",NA,2022,NA
"European Region","ROU","Romania","Blejoi",2019,NA,22.04,20.72,NA,NA,94.33789954,"European Environment Agency (downloaded in 2021)",NA,2022,NA
"European Region","ROU","Romania","Bosia",2018,NA,42.42,10.85,NA,NA,85.43378995,"European Environment Agency (downloaded in 2021)",NA,2022,NA
"European Region","ROU","Romania","Botosani",2017,NA,31.31,24.21,NA,NA,89.56621005,"European Environment Agency (downloaded in 2021)",NA,2022,NA
"European Region","ROU","Romania","Botosani",2018,14.83,32.32,29.39,NA,NA,93.36757991,"European Environment Agency (downloaded in 2021)",NA,2022,NA
"European Region","ROU","Romania","Botosani",2019,13.36,27.35,31.04,NA,NA,91.08447489,"European Environment Agency (downloaded in 2021)",NA,2022,NA
"European Region","ROU","Romania","Brăila",2017,NA,22.98,21.71,NA,NA,89.37214612,"European Environment Agency (downloaded in 2021)",NA,2022,NA
"European Region","ROU","Romania","Brasov",2017,25.86,35.18,38.64,NA,NA,92.2564688,"European Environment Agency (downloaded in 2021)",NA,2022,NA
"European Region","ROU","Romania","Brasov",2018,21.34,31.11,45.58,NA,NA,95.45091324,"European Environment Agency (downloaded in 2021)",NA,2022,NA
"European Region","ROU","Romania","Brasov",2019,17.15,27.72,41.75,NA,NA,92.23744292,"European Environment Agency (downloaded in 2021)",NA,2022,NA
"European Region","ROU","Romania","Buchin",2018,NA,24.53,24.89,NA,NA,83.09360731,"European Environment Agency (downloaded in 2021)",NA,2022,NA
"European Region","ROU","Romania","București",2017,20.94,33.99,40.78,NA,NA,94.4109589,"European Environment Agency (downloaded in 2021)",NA,2022,NA
"European Region","ROU","Romania","București",2018,20.66,32.94,42.59,NA,NA,94.52968037,"European Environment Agency (downloaded in 2021)",NA,2022,NA
"European Region","ROU","Romania","București",2019,16.48,31.37,57.44,NA,NA,82.07762557,"European Environment Agency (downloaded in 2021)",NA,2022,NA
"European Region","ROU","Romania","Calan",2017,NA,21.1,10.19,NA,NA,89.21232877,"European Environment Agency (downloaded in 2021)",NA,2022,NA
"European Region","ROU","Romania","Calan",2018,NA,20.87,12.13,NA,NA,86.75799087,"European Environment Agency (downloaded in 2021)",NA,2022,NA
"European Region","ROU","Romania","Calarasi",2018,NA,25.07,18.19,NA,NA,82.6369863,"European Environment Agency (downloaded in 2021)",NA,2022,NA
"European Region","ROU","Romania","Calarasi",2019,NA,26.73,16.52,NA,NA,93.64155251,"European Environment Agency (downloaded in 2021)",NA,2022,NA
"European Region","ROU","Romania","Călărași",2018,NA,26.25,24.88,NA,NA,92.62557078,"European Environment Agency (downloaded in 2021)",NA,2022,NA
"European Region","ROU","Romania","Carani",2018,NA,21.49,14.24,NA,NA,91.41552511,"European Environment Agency (downloaded in 2021)",NA,2022,NA
"European Region","ROU","Romania","Carani",2019,NA,19.42,15.42,NA,NA,89.82876712,"European Environment Agency (downloaded in 2021)",NA,2022,NA
"European Region","ROU","Romania","Carei",2018,NA,22.52,14.2,NA,NA,92.4086758,"European Environment Agency (downloaded in 2021)",NA,2022,NA
"European Region","ROU","Romania","Carei",2019,NA,22.43,16.54,NA,NA,94.94292237,"European Environment Agency (downloaded in 2021)",NA,2022,NA
"European Region","ROU","Romania","Cazasu",2017,NA,24.58,12.14,NA,NA,82.43150685,"European Environment Agency (downloaded in 2021)",NA,2022,NA
"European Region","ROU","Romania","Cluj-Napoca",2017,17.8,25.58,41.71,NA,NA,91.9663242,"European Environment Agency (downloaded in 2021)",NA,2022,NA
"European Region","ROU","Romania","Cluj-Napoca",2018,NA,27.28,47.23,NA,NA,95.91894977,"European Environment Agency (downloaded in 2021)",NA,2022,NA
"European Region","ROU","Romania","Constanta",2017,12.27,26.37,27.08,NA,NA,92.79680365,"European Environment Agency (downloaded in 2021)",NA,2022,NA
"European Region","ROU","Romania","Constanta",2018,12.43,23.62,30.44,NA,NA,77.14611873,"European Environment Agency (downloaded in 2021)",NA,2022,NA
"European Region","ROU","Romania","Copsa Mica",2017,NA,25.13,25.09,NA,NA,90.81050228,"European Environment Agency (downloaded in 2021)",NA,2022,NA
"European Region","ROU","Romania","Copsa Mica",2018,NA,18.89,23.44,NA,NA,92.85388128,"European Environment Agency (downloaded in 2021)",NA,2022,NA
"European Region","ROU","Romania","Craiova",2017,NA,27.93,25.27,NA,NA,94.15239726,"European Environment Agency (downloaded in 2021)",NA,2022,NA
"European Region","ROU","Romania","Craiova",2018,NA,31.46,22.86,NA,NA,82.74733638,"European Environment Agency (downloaded in 2021)",NA,2022,NA
"European Region","ROU","Romania","Dej",2017,NA,26.74,26.2,NA,NA,94.53196347,"European Environment Agency (downloaded in 2021)",NA,2022,NA
"European Region","ROU","Romania","Dej",2018,NA,25.58,26.85,NA,NA,95.83333333,"European Environment Agency (downloaded in 2021)",NA,2022,NA
"European Region","ROU","Romania","Dej",2019,NA,24.84,29.52,NA,NA,95.14840183,"European Environment Agency (downloaded in 2021)",NA,2022,NA
"European Region","ROU","Romania","Deva",2017,NA,18.97,21.2,NA,NA,90.63926941,"European Environment Agency (downloaded in 2021)",NA,2022,NA
"European Region","ROU","Romania","Deva",2018,NA,28.8,36.05,NA,NA,94.87442922,"European Environment Agency (downloaded in 2021)",NA,2022,NA
"European Region","ROU","Romania","Deva",2019,NA,21.1,33.61,NA,NA,92.26027398,"European Environment Agency (downloaded in 2021)",NA,2022,NA
"European Region","ROU","Romania","Drobeta-Turnu Severin",2017,16.82,26.76,13.32,NA,NA,94.94292237,"European Environment Agency (downloaded in 2021)",NA,2022,NA
"European Region","ROU","Romania","Drobeta-Turnu Severin",2018,NA,23.4,13.74,NA,NA,94.05251142,"European Environment Agency (downloaded in 2021)",NA,2022,NA
"European Region","ROU","Romania","Drobeta-Turnu Severin",2019,NA,29.91,13.74,NA,NA,86.62100457,"European Environment Agency (downloaded in 2021)",NA,2022,NA
"European Region","ROU","Romania","Dumbrăveni",2017,NA,24.75,11.22,NA,NA,95.20547945,"European Environment Agency (downloaded in 2021)",NA,2022,NA
"European Region","ROU","Romania","Dumbrăveni",2018,NA,23.09,11.47,NA,NA,86.74657534,"European Environment Agency (downloaded in 2021)",NA,2022,NA
"European Region","ROU","Romania","Fieni",2017,NA,20.03,16.65,NA,NA,87.05479452,"European Environment Agency (downloaded in 2021)",NA,2022,NA
"European Region","ROU","Romania","Firiza",2017,NA,19.7,14.31,NA,NA,77.39726027,"European Environment Agency (downloaded in 2021)",NA,2022,NA
"European Region","ROU","Romania","Firiza",2018,NA,17.66,12.7,NA,NA,87.02054795,"European Environment Agency (downloaded in 2021)",NA,2022,NA
"European Region","ROU","Romania","Firiza",2019,NA,14.69,8.52,NA,NA,92.24885845,"European Environment Agency (downloaded in 2021)",NA,2022,NA
"European Region","ROU","Romania","Focsani",2017,NA,25.02,12.84,NA,NA,90.65068493,"European Environment Agency (downloaded in 2021)",NA,2022,NA
"European Region","ROU","Romania","Focsani",2018,NA,20.17,12.73,NA,NA,94.82876712,"European Environment Agency (downloaded in 2021)",NA,2022,NA
"European Region","ROU","Romania","Focsani",2019,NA,19.28,8.64,NA,NA,95,"European Environment Agency (downloaded in 2021)",NA,2022,NA
"European Region","ROU","Romania","Galati",2017,NA,21.99,14.83,NA,NA,91.18340943,"European Environment Agency (downloaded in 2021)",NA,2022,NA
"European Region","ROU","Romania","Galati",2018,NA,21.17,18.11,NA,NA,94.85920853,"European Environment Agency (downloaded in 2021)",NA,2022,NA
"European Region","ROU","Romania","Galati",2019,NA,15.9,19.15,NA,NA,87.51712329,"European Environment Agency (downloaded in 2021)",NA,2022,NA
"European Region","ROU","Romania","Galați",2017,NA,25.29,13.18,NA,NA,93.80136986,"European Environment Agency (downloaded in 2021)",NA,2022,NA
"European Region","ROU","Romania","Galați",2018,NA,13.19,17.72,NA,NA,93.66438356,"European Environment Agency (downloaded in 2021)",NA,2022,NA
"European Region","ROU","Romania","Giurgiu",2018,NA,25.34,28.21,NA,NA,90.4109589,"European Environment Agency (downloaded in 2021)",NA,2022,NA
"European Region","ROU","Romania","Giurgiu",2019,NA,25.59,30.86,NA,NA,93.86986302,"European Environment Agency (downloaded in 2021)",NA,2022,NA
"European Region","ROU","Romania","Iasi",2017,28.68,33.38,26.56,NA,NA,90.27111872,"European Environment Agency (downloaded in 2021)",NA,2022,NA
"European Region","ROU","Romania","Iasi",2018,27.01,35.5,25.88,NA,NA,93.31335617,"European Environment Agency (downloaded in 2021)",NA,2022,NA
"European Region","ROU","Romania","Iasi",2019,NA,29.88,27.59,NA,NA,83.43987824,"European Environment Agency (downloaded in 2021)",NA,2022,NA
"European Region","ROU","Romania","Isaccea",2018,NA,21,7.24,NA,NA,88.98401826,"European Environment Agency (downloaded in 2021)",NA,2022,NA
"European Region","ROU","Romania","Ludus",2018,NA,26,18.23,NA,NA,90.63926941,"European Environment Agency (downloaded in 2021)",NA,2022,NA
"European Region","ROU","Romania","Magurele",2017,NA,14.48,19.3,NA,NA,93.28767123,"European Environment Agency (downloaded in 2021)",NA,2022,NA
"European Region","ROU","Romania","Magurele",2018,18.9,29.71,25.9,NA,NA,95.81050228,"European Environment Agency (downloaded in 2021)",NA,2022,NA
"European Region","ROU","Romania","Mangalia",2017,NA,20.59,16.17,NA,NA,94.98858447,"European Environment Agency (downloaded in 2021)",NA,2022,NA
"European Region","ROU","Romania","Medgidia",2017,NA,24.12,21.31,NA,NA,94.23515982,"European Environment Agency (downloaded in 2021)",NA,2022,NA
"European Region","ROU","Romania","Medias",2018,NA,22.42,20.52,NA,NA,95.50228311,"European Environment Agency (downloaded in 2021)",NA,2022,NA
"European Region","ROU","Romania","Medias",2019,NA,21.23,20.73,NA,NA,92.29452055,"European Environment Agency (downloaded in 2021)",NA,2022,NA
"European Region","ROU","Romania","Merișani",2017,NA,18.4,9.25,NA,NA,83.61872146,"European Environment Agency (downloaded in 2021)",NA,2022,NA
"European Region","ROU","Romania","Navodari",2017,NA,23.4,15.77,NA,NA,89.23515982,"European Environment Agency (downloaded in 2021)",NA,2022,NA
"European Region","ROU","Romania","Oradea",2018,17.44,16.24,31.62,NA,NA,94.5890411,"European Environment Agency (downloaded in 2021)",NA,2022,NA
"European Region","ROU","Romania","Otelu Rosu",2017,NA,13.95,9.54,NA,NA,78.94977169,"European Environment Agency (downloaded in 2021)",NA,2022,NA
"European Region","ROU","Romania","Otelu Rosu",2018,NA,14.71,9.11,NA,NA,92.85388128,"European Environment Agency (downloaded in 2021)",NA,2022,NA
"European Region","ROU","Romania","Piatra Neamt",2017,NA,24.3,12.22,NA,NA,84.70319635,"European Environment Agency (downloaded in 2021)",NA,2022,NA
"European Region","ROU","Romania","Pietroasa",2017,NA,18.83,6.48,NA,NA,92.42009132,"European Environment Agency (downloaded in 2021)",NA,2022,NA
"European Region","ROU","Romania","Pitesti",2017,18.5,25.66,18.46,NA,NA,91.63242009,"European Environment Agency (downloaded in 2021)",NA,2022,NA
"European Region","ROU","Romania","Pitesti",2018,NA,18.37,23.6,NA,NA,85.37671233,"European Environment Agency (downloaded in 2021)",NA,2022,NA
"European Region","ROU","Romania","Ploiesti",2017,20.28,29.36,32.24,NA,NA,94.1010274,"European Environment Agency (downloaded in 2021)",NA,2022,NA
"European Region","ROU","Romania","Ploiesti",2018,19.39,26.62,28.33,NA,NA,92.42865297,"European Environment Agency (downloaded in 2021)",NA,2022,NA
"European Region","ROU","Romania","Ploiesti",2019,NA,24.18,27.55,NA,NA,93.31906393,"European Environment Agency (downloaded in 2021)",NA,2022,NA
"European Region","ROU","Romania","Râmnicu Sărat",2018,NA,15.38,36.29,NA,NA,93.65296804,"European Environment Agency (downloaded in 2021)",NA,2022,NA
"European Region","ROU","Romania","Râmnicu Sărat",2019,NA,21.38,32.63,NA,NA,95.78767123,"European Environment Agency (downloaded in 2021)",NA,2022,NA
"European Region","ROU","Romania","Ramnicu Valcea",2018,13.96,27.28,16.51,NA,NA,90.67922375,"European Environment Agency (downloaded in 2021)",NA,2022,NA
"European Region","ROU","Romania","Ramnicu Valcea",2019,NA,30.9,13.55,NA,NA,85.42237443,"European Environment Agency (downloaded in 2021)",NA,2022,NA
"European Region","ROU","Romania","Resita",2017,NA,19.1,16.32,NA,NA,93.00228311,"European Environment Agency (downloaded in 2021)",NA,2022,NA
"European Region","ROU","Romania","Rosia Jiu",2017,NA,34.63,17.05,NA,NA,94.74885845,"European Environment Agency (downloaded in 2021)",NA,2022,NA
"European Region","ROU","Romania","Rosia Jiu",2018,NA,34.38,14.85,NA,NA,94.16666667,"European Environment Agency (downloaded in 2021)",NA,2022,NA
"European Region","ROU","Romania","Rosia Jiu",2019,NA,34.43,12.62,NA,NA,94.56621005,"European Environment Agency (downloaded in 2021)",NA,2022,NA
"European Region","ROU","Romania","Sanpetru",2017,NA,27.76,12.38,NA,NA,93.59589041,"European Environment Agency (downloaded in 2021)",NA,2022,NA
"European Region","ROU","Romania","Satu Mare",2017,NA,20.16,20.62,NA,NA,93.77853881,"European Environment Agency (downloaded in 2021)",NA,2022,NA
"European Region","ROU","Romania","Satu Mare",2018,NA,17.59,20.94,NA,NA,95.60502283,"European Environment Agency (downloaded in 2021)",NA,2022,NA
"European Region","ROU","Romania","Satu Mare",2019,NA,19.47,17.56,NA,NA,95.51369863,"European Environment Agency (downloaded in 2021)",NA,2022,NA
"European Region","ROU","Romania","Sebes",2018,NA,31.86,24.31,NA,NA,89.20091324,"European Environment Agency (downloaded in 2021)",NA,2022,NA
"European Region","ROU","Romania","Sector 3",2017,NA,32.47,29.87,NA,NA,94.5890411,"European Environment Agency (downloaded in 2021)",NA,2022,NA
"European Region","ROU","Romania","Sector 3",2018,NA,29.95,31.62,NA,NA,94.7260274,"European Environment Agency (downloaded in 2021)",NA,2022,NA
"European Region","ROU","Romania","Sector 3",2019,NA,26.67,31.35,NA,NA,89.5890411,"European Environment Agency (downloaded in 2021)",NA,2022,NA
"European Region","ROU","Romania","Sfantu Gheorghe",2018,NA,21.7,13.32,NA,NA,91.15296804,"European Environment Agency (downloaded in 2021)",NA,2022,NA
"European Region","ROU","Romania","Sfantu Gheorghe",2019,NA,21.27,10.76,NA,NA,90.42237443,"European Environment Agency (downloaded in 2021)",NA,2022,NA
"European Region","ROU","Romania","Sibiu",2017,15.67,23.81,30.33,NA,NA,90.9303653,"European Environment Agency (downloaded in 2021)",NA,2022,NA
"European Region","ROU","Romania","Sibiu",2018,NA,19.27,24.52,NA,NA,95.61643836,"European Environment Agency (downloaded in 2021)",NA,2022,NA
"European Region","ROU","Romania","Sibiu",2019,NA,18.47,25.71,NA,NA,93.48173516,"European Environment Agency (downloaded in 2021)",NA,2022,NA
"European Region","ROU","Romania","Siret",2018,NA,31.2,27.74,NA,NA,92.38584475,"European Environment Agency (downloaded in 2021)",NA,2022,NA
"European Region","ROU","Romania","Siret",2019,NA,31.07,31.16,NA,NA,93.39041096,"European Environment Agency (downloaded in 2021)",NA,2022,NA
"European Region","ROU","Romania","Slatina",2017,NA,32.68,18.6,NA,NA,91.41552511,"European Environment Agency (downloaded in 2021)",NA,2022,NA
"European Region","ROU","Romania","Slatina",2018,NA,24.05,18.9,NA,NA,89.69178082,"European Environment Agency (downloaded in 2021)",NA,2022,NA
"European Region","ROU","Romania","Slatina",2019,NA,23.81,16.08,NA,NA,81.64383562,"European Environment Agency (downloaded in 2021)",NA,2022,NA
"European Region","ROU","Romania","Slobozia",2017,NA,22.86,15.57,NA,NA,91.03881279,"European Environment Agency (downloaded in 2021)",NA,2022,NA
"European Region","ROU","Romania","Suceava",2017,15.56,25.44,18.13,NA,NA,93.81849316,"European Environment Agency (downloaded in 2021)",NA,2022,NA
"European Region","ROU","Romania","Suceava",2018,NA,27.52,16.39,NA,NA,89.22374429,"European Environment Agency (downloaded in 2021)",NA,2022,NA
"European Region","ROU","Romania","Suceava",2019,NA,27.77,15.75,NA,NA,85.92465753,"European Environment Agency (downloaded in 2021)",NA,2022,NA
"European Region","ROU","Romania","Targoviste",2017,NA,19.15,25.34,NA,NA,94.28082192,"European Environment Agency (downloaded in 2021)",NA,2022,NA
"European Region","ROU","Romania","Targoviste",2018,NA,22.66,27.47,NA,NA,95.2283105,"European Environment Agency (downloaded in 2021)",NA,2022,NA
"European Region","ROU","Romania","Targu Jiu",2017,NA,26.09,15.07,NA,NA,92.94520548,"European Environment Agency (downloaded in 2021)",NA,2022,NA
"European Region","ROU","Romania","Targu Jiu",2018,NA,26.52,15.13,NA,NA,94.50913242,"European Environment Agency (downloaded in 2021)",NA,2022,NA
"European Region","ROU","Romania","Targu Jiu",2019,NA,26.53,23.66,NA,NA,95.06849315,"European Environment Agency (downloaded in 2021)",NA,2022,NA
"European Region","ROU","Romania","Târgu Mureș",2018,NA,23.31,21.46,NA,NA,92.12328767,"European Environment Agency (downloaded in 2021)",NA,2022,NA
"European Region","ROU","Romania","Târgu Mureș",2019,NA,19.62,25.58,NA,NA,92.64269407,"European Environment Agency (downloaded in 2021)",NA,2022,NA
"European Region","ROU","Romania","Tasca",2018,NA,26.44,17.1,NA,NA,93.69863014,"European Environment Agency (downloaded in 2021)",NA,2022,NA
"European Region","ROU","Romania","Tasca",2019,NA,25.7,15.35,NA,NA,88.73287671,"European Environment Agency (downloaded in 2021)",NA,2022,NA
"European Region","ROU","Romania","Timisoara",2017,NA,27.81,12.81,NA,NA,92.21461188,"European Environment Agency (downloaded in 2021)",NA,2022,NA
"European Region","ROU","Romania","Timisoara",2018,18.57,29.67,30.03,NA,NA,90.23211568,"European Environment Agency (downloaded in 2021)",NA,2022,NA
"European Region","ROU","Romania","Timisoara",2019,16.84,27.02,37.52,NA,NA,87.02054795,"European Environment Agency (downloaded in 2021)",NA,2022,NA
"European Region","ROU","Romania","Tomesti",2018,NA,31.22,17.02,NA,NA,85.01141553,"European Environment Agency (downloaded in 2021)",NA,2022,NA
"European Region","ROU","Romania","Tulcea",2017,NA,26.46,11.16,NA,NA,93.98401826,"European Environment Agency (downloaded in 2021)",NA,2022,NA
"European Region","ROU","Romania","Tulcea",2018,NA,29.24,17.43,NA,NA,94.11529681,"European Environment Agency (downloaded in 2021)",NA,2022,NA
"European Region","ROU","Romania","Tulcea",2019,NA,28.45,19.51,NA,NA,92.956621,"European Environment Agency (downloaded in 2021)",NA,2022,NA
"European Region","ROU","Romania","Turceni",2018,NA,24.66,13.63,NA,NA,91.80365297,"European Environment Agency (downloaded in 2021)",NA,2022,NA
"European Region","ROU","Romania","Turceni",2019,NA,22.52,20.12,NA,NA,93.28767123,"European Environment Agency (downloaded in 2021)",NA,2022,NA
"European Region","ROU","Romania","Turnu Magurele",2018,NA,21.33,12.51,NA,NA,85.26255708,"European Environment Agency (downloaded in 2021)",NA,2022,NA
"European Region","ROU","Romania","Turnu Magurele",2019,NA,24.91,13.68,NA,NA,92.76255708,"European Environment Agency (downloaded in 2021)",NA,2022,NA
"European Region","ROU","Romania","Udeni-Zavoi",2017,NA,24.23,8.72,NA,NA,93.42465753,"European Environment Agency (downloaded in 2021)",NA,2022,NA
"European Region","ROU","Romania","Udeni-Zavoi",2018,NA,24.02,9.65,NA,NA,84.37214612,"European Environment Agency (downloaded in 2021)",NA,2022,NA
"European Region","ROU","Romania","Urziceni",2017,NA,27.47,13.71,NA,NA,91.55251142,"European Environment Agency (downloaded in 2021)",NA,2022,NA
"European Region","ROU","Romania","Urziceni",2018,NA,28.41,12.33,NA,NA,93.50456621,"European Environment Agency (downloaded in 2021)",NA,2022,NA
"European Region","ROU","Romania","Vaslui",2018,NA,24.96,20.91,NA,NA,92.7283105,"European Environment Agency (downloaded in 2021)",NA,2022,NA
"European Region","ROU","Romania","Vaslui",2019,NA,25.02,16.52,NA,NA,90.21689498,"European Environment Agency (downloaded in 2021)",NA,2022,NA
"European Region","ROU","Romania","Vulcan",2018,NA,22.33,11.7,NA,NA,75.23972603,"European Environment Agency (downloaded in 2021)",NA,2022,NA
"European Region","ROU","Romania","Zalau",2018,NA,21.93,14.73,NA,NA,92.75114155,"European Environment Agency (downloaded in 2021)",NA,2022,NA
"European Region","ROU","Romania","Zlatna",2017,NA,18.54,18.4,NA,NA,87.87671233,"European Environment Agency (downloaded in 2021)",NA,2022,NA
"European Region","ROU","Romania","Zlatna",2018,NA,19.83,16.95,NA,NA,87.69406393,"European Environment Agency (downloaded in 2021)",NA,2022,NA
"European Region","SRB","Serbia","Belgrade",2017,NA,48.53,32.3,NA,NA,86.04452055,"European Environment Agency (downloaded in 2021)",NA,2022,NA
"European Region","SRB","Serbia","Belgrade",2018,NA,32.69,34.71,NA,NA,95.03995434,"European Environment Agency (downloaded in 2021)",NA,2022,NA
"European Region","SRB","Serbia","Belgrade",2019,NA,29.22,30.85,NA,NA,97.1347032,"European Environment Agency (downloaded in 2021)",NA,2022,NA
"European Region","SRB","Serbia","Kamenica",2019,NA,16.93,14.92,NA,NA,96.72374429,"European Environment Agency (downloaded in 2021)",NA,2022,NA
"European Region","SRB","Serbia","Kragujevac",2017,NA,44.08,34.6,NA,NA,98.32191781,"European Environment Agency (downloaded in 2021)",NA,2022,NA
"European Region","SRB","Serbia","Kragujevac",2018,NA,43.31,33.19,NA,NA,98.26484018,"European Environment Agency (downloaded in 2021)",NA,2022,NA
"European Region","SRB","Serbia","Kragujevac",2019,NA,32.26,21.36,NA,NA,98.33333333,"European Environment Agency (downloaded in 2021)",NA,2022,NA
"European Region","SRB","Serbia","Nis",2017,NA,37.74,26.56,NA,NA,77.88812785,"European Environment Agency (downloaded in 2021)",NA,2022,NA
"European Region","SRB","Serbia","Nis",2019,NA,44.22,19.74,NA,NA,97.03196347,"European Environment Agency (downloaded in 2021)",NA,2022,NA
"European Region","SRB","Serbia","Novi Sad",2019,NA,30.03,21.7,NA,NA,95.99315069,"European Environment Agency (downloaded in 2021)",NA,2022,NA
"European Region","SRB","Serbia","Smederevo",2019,NA,50.56,21.02,NA,NA,84.71461187,"European Environment Agency (downloaded in 2021)",NA,2022,NA
"European Region","SRB","Serbia","Valjevo",2018,NA,70.54,25.85,NA,NA,95.75342466,"European Environment Agency (downloaded in 2021)",NA,2022,NA
"European Region","SRB","Serbia","Valjevo",2019,NA,60.14,23.37,NA,NA,98.63013699,"European Environment Agency (downloaded in 2021)",NA,2022,NA
"European Region","SVK","Slovakia","Banska Bystrica",2017,19.63,32.99,25.41,NA,NA,93.40182649,"European Environment Agency (downloaded in 2021)",NA,2022,NA
"European Region","SVK","Slovakia","Banska Bystrica",2018,17.28,25.78,22.25,NA,NA,95.39954338,"European Environment Agency (downloaded in 2021)",NA,2022,NA
"European Region","SVK","Slovakia","Banska Bystrica",2019,13.92,21.06,19.09,NA,NA,95.71917808,"European Environment Agency (downloaded in 2021)",NA,2022,NA
"European Region","SVK","Slovakia","Bratislava",2017,14.72,21.84,25.73,NA,NA,93.35616438,"European Environment Agency (downloaded in 2021)",NA,2022,NA
"European Region","SVK","Slovakia","Bratislava",2018,17.39,26.42,25.01,NA,NA,97.55707762,"European Environment Agency (downloaded in 2021)",NA,2022,NA
"European Region","SVK","Slovakia","Bratislava",2019,13.54,21.56,22.82,NA,NA,95.23592085,"European Environment Agency (downloaded in 2021)",NA,2022,NA
"European Region","SVK","Slovakia","Hrabusice",2017,20.7,27.35,18.49,NA,NA,97.42009132,"European Environment Agency (downloaded in 2021)",NA,2022,NA
"European Region","SVK","Slovakia","Hrabusice",2018,18.88,24.14,18.02,NA,NA,97.57990868,"European Environment Agency (downloaded in 2021)",NA,2022,NA
"European Region","SVK","Slovakia","Hrabusice",2019,17.69,25.17,16.57,NA,NA,96.06164384,"European Environment Agency (downloaded in 2021)",NA,2022,NA
"European Region","SVK","Slovakia","Humenne",2017,21.66,26.48,11.45,NA,NA,95.82191781,"European Environment Agency (downloaded in 2021)",NA,2022,NA
"European Region","SVK","Slovakia","Humenne",2018,19.08,21.8,9.47,NA,NA,97.73972603,"European Environment Agency (downloaded in 2021)",NA,2022,NA
"European Region","SVK","Slovakia","Humenne",2019,17.7,23.06,9,NA,NA,96.39269406,"European Environment Agency (downloaded in 2021)",NA,2022,NA
"European Region","SVK","Slovakia","Jelsava",2017,26.71,37.08,9.93,NA,NA,96.36986301,"European Environment Agency (downloaded in 2021)",NA,2022,NA
"European Region","SVK","Slovakia","Jelsava",2018,23.7,36.01,9.85,NA,NA,98.04794521,"European Environment Agency (downloaded in 2021)",NA,2022,NA
"European Region","SVK","Slovakia","Jelsava",2019,21.07,33.01,9.3,NA,NA,93.69863014,"European Environment Agency (downloaded in 2021)",NA,2022,NA
"European Region","SVK","Slovakia","Kosice",2017,21.3,30.82,30.94,NA,NA,95.42237443,"European Environment Agency (downloaded in 2021)",NA,2022,NA
"European Region","SVK","Slovakia","Kosice",2018,17.46,28.85,28.05,NA,NA,96.40410959,"European Environment Agency (downloaded in 2021)",NA,2022,NA
"European Region","SVK","Slovakia","Kosice",2019,16.07,25.71,27.74,NA,NA,96.47260274,"European Environment Agency (downloaded in 2021)",NA,2022,NA
"European Region","SVK","Slovakia","Malacky",2017,17.16,22.94,28.62,NA,NA,98.61872146,"European Environment Agency (downloaded in 2021)",NA,2022,NA
"European Region","SVK","Slovakia","Malacky",2018,17.91,26.79,26.69,NA,NA,95.55936073,"European Environment Agency (downloaded in 2021)",NA,2022,NA
"European Region","SVK","Slovakia","Malacky",2019,15.73,22.84,21.54,NA,NA,95.63926941,"European Environment Agency (downloaded in 2021)",NA,2022,NA
"European Region","SVK","Slovakia","Martin",2017,22.06,28.3,25.67,NA,NA,97.11187215,"European Environment Agency (downloaded in 2021)",NA,2022,NA
"European Region","SVK","Slovakia","Martin",2018,17.64,28.44,25.74,NA,NA,95.2739726,"European Environment Agency (downloaded in 2021)",NA,2022,NA
"European Region","SVK","Slovakia","Martin",2019,15.01,18.62,23.96,NA,NA,95.73059361,"European Environment Agency (downloaded in 2021)",NA,2022,NA
"European Region","SVK","Slovakia","Nitra",2017,16.7,26.1,24.66,NA,NA,95.51369863,"European Environment Agency (downloaded in 2021)",NA,2022,NA
"European Region","SVK","Slovakia","Nitra",2018,17.32,26.27,22.72,NA,NA,97.6369863,"European Environment Agency (downloaded in 2021)",NA,2022,NA
"European Region","SVK","Slovakia","Nitra",2019,15.05,22,20.37,NA,NA,95.46232877,"European Environment Agency (downloaded in 2021)",NA,2022,NA
"European Region","SVK","Slovakia","Okoc",2017,16.43,23.61,7.94,NA,NA,97.69406393,"European Environment Agency (downloaded in 2021)",NA,2022,NA
"European Region","SVK","Slovakia","Okoc",2018,17.53,25.82,6.89,NA,NA,96.86073059,"European Environment Agency (downloaded in 2021)",NA,2022,NA
"European Region","SVK","Slovakia","Okoc",2019,14.38,21.45,7.51,NA,NA,95.90182648,"European Environment Agency (downloaded in 2021)",NA,2022,NA
"European Region","SVK","Slovakia","Presov",2017,24.32,33.81,38.39,NA,NA,94.71461187,"European Environment Agency (downloaded in 2021)",NA,2022,NA
"European Region","SVK","Slovakia","Presov",2018,20.12,29.66,40.63,NA,NA,97.70547945,"European Environment Agency (downloaded in 2021)",NA,2022,NA
"European Region","SVK","Slovakia","Presov",2019,18.2,27.63,38.98,NA,NA,96.47260274,"European Environment Agency (downloaded in 2021)",NA,2022,NA
"European Region","SVK","Slovakia","Prievidza",2017,18.39,26.12,19.25,NA,NA,96.66666667,"European Environment Agency (downloaded in 2021)",NA,2022,NA
"European Region","SVK","Slovakia","Prievidza",2018,17.78,23.39,16.3,NA,NA,95.85616438,"European Environment Agency (downloaded in 2021)",NA,2022,NA
"European Region","SVK","Slovakia","Prievidza",2019,14.5,19.7,15.77,NA,NA,95.3196347,"European Environment Agency (downloaded in 2021)",NA,2022,NA
"European Region","SVK","Slovakia","Ruzomberok",2017,24.42,29.52,21.06,NA,NA,97.2260274,"European Environment Agency (downloaded in 2021)",NA,2022,NA
"European Region","SVK","Slovakia","Ruzomberok",2018,20.55,26.53,20,NA,NA,96.43835616,"European Environment Agency (downloaded in 2021)",NA,2022,NA
"European Region","SVK","Slovakia","Ruzomberok",2019,18.25,23.76,18.36,NA,NA,94.26940639,"European Environment Agency (downloaded in 2021)",NA,2022,NA
"European Region","SVK","Slovakia","Stara Lesna",2017,11.09,12.86,4.49,NA,NA,95.89041096,"European Environment Agency (downloaded in 2021)",NA,2022,NA
"European Region","SVK","Slovakia","Stara Lesna",2018,12.49,15.44,4.29,NA,NA,97.78538813,"European Environment Agency (downloaded in 2021)",NA,2022,NA
"European Region","SVK","Slovakia","Stara Lesna",2019,11.21,13.82,4.54,NA,NA,96.33561644,"European Environment Agency (downloaded in 2021)",NA,2022,NA
"European Region","SVK","Slovakia","Trencin",2017,13.2,29.84,31.13,NA,NA,95.68493151,"European Environment Agency (downloaded in 2021)",NA,2022,NA
"European Region","SVK","Slovakia","Trencin",2018,19.69,29.46,26.71,NA,NA,97.88812785,"European Environment Agency (downloaded in 2021)",NA,2022,NA
"European Region","SVK","Slovakia","Trencin",2019,17.68,24.94,26.64,NA,NA,95.28538813,"European Environment Agency (downloaded in 2021)",NA,2022,NA
"European Region","SVK","Slovakia","Trnava",2017,16.8,24.43,36.54,NA,NA,97.83105023,"European Environment Agency (downloaded in 2021)",NA,2022,NA
"European Region","SVK","Slovakia","Trnava",2018,20.41,28.91,35.33,NA,NA,98.57305936,"European Environment Agency (downloaded in 2021)",NA,2022,NA
"European Region","SVK","Slovakia","Trnava",2019,16.19,23.86,33.83,NA,NA,95.65068493,"European Environment Agency (downloaded in 2021)",NA,2022,NA
"European Region","SVK","Slovakia","Zilina",2017,25.9,30.01,24.77,NA,NA,98.12785388,"European Environment Agency (downloaded in 2021)",NA,2022,NA
"European Region","SVK","Slovakia","Zilina",2018,21.7,26.9,25.24,NA,NA,95.86757991,"European Environment Agency (downloaded in 2021)",NA,2022,NA
"European Region","SVK","Slovakia","Zilina",2019,18.45,23.27,21.44,NA,NA,97.56849315,"European Environment Agency (downloaded in 2021)",NA,2022,NA
"European Region","SVN","Slovenia","Celje",2017,NA,31.46,27.82,NA,NA,95.33105023,"European Environment Agency (downloaded in 2021)",NA,2022,NA
"European Region","SVN","Slovenia","Celje",2018,NA,29.65,25.82,NA,NA,99.9543379,"European Environment Agency (downloaded in 2021)",NA,2022,NA
"European Region","SVN","Slovenia","Celje",2019,NA,27.39,25.22,NA,NA,95.53652968,"European Environment Agency (downloaded in 2021)",NA,2022,NA
"European Region","SVN","Slovenia","Koper",2017,NA,19.88,17.51,NA,NA,92.84246575,"European Environment Agency (downloaded in 2021)",NA,2022,NA
"European Region","SVN","Slovenia","Koper",2018,NA,18.38,18.17,NA,NA,97.7739726,"European Environment Agency (downloaded in 2021)",NA,2022,NA
"European Region","SVN","Slovenia","Koper",2019,NA,16.79,15.17,NA,NA,94.29223744,"European Environment Agency (downloaded in 2021)",NA,2022,NA
"European Region","SVN","Slovenia","Ljubljana",2017,20.48,26.32,30.46,NA,NA,94.89726027,"European Environment Agency (downloaded in 2021)",NA,2022,NA
"European Region","SVN","Slovenia","Ljubljana",2018,18.78,24.16,26.22,NA,NA,99.74885845,"European Environment Agency (downloaded in 2021)",NA,2022,NA
"European Region","SVN","Slovenia","Ljubljana",2019,16.22,21.47,24.99,NA,NA,94.9543379,"European Environment Agency (downloaded in 2021)",NA,2022,NA
"European Region","SVN","Slovenia","Maribor",2017,19.12,27.53,27.32,NA,NA,95.59360731,"European Environment Agency (downloaded in 2021)",NA,2022,NA
"European Region","SVN","Slovenia","Maribor",2018,16.94,27.89,22.3,NA,NA,90.74200913,"European Environment Agency (downloaded in 2021)",NA,2022,NA
"European Region","SVN","Slovenia","Maribor",2019,12.87,22.64,24.51,NA,NA,94.53196347,"European Environment Agency (downloaded in 2021)",NA,2022,NA
"European Region","SVN","Slovenia","Nova Gorica",2017,NA,23.61,30.18,NA,NA,95.17123288,"European Environment Agency (downloaded in 2021)",NA,2022,NA
"European Region","SVN","Slovenia","Nova Gorica",2018,14.38,21.88,24.62,NA,NA,91.65525114,"European Environment Agency (downloaded in 2021)",NA,2022,NA
"European Region","SVN","Slovenia","Nova Gorica",2019,12.84,21.45,25.92,NA,NA,86.66666667,"European Environment Agency (downloaded in 2021)",NA,2022,NA
"European Region","SVN","Slovenia","Rakican",2017,NA,28.79,20.94,NA,NA,86.25570776,"European Environment Agency (downloaded in 2021)",NA,2022,NA
"European Region","SVN","Slovenia","Rakican",2018,NA,28.16,12.37,NA,NA,95.10273973,"European Environment Agency (downloaded in 2021)",NA,2022,NA
"European Region","SVN","Slovenia","Rakican",2019,NA,23.52,12.51,NA,NA,93.25342466,"European Environment Agency (downloaded in 2021)",NA,2022,NA
"European Region","SVN","Slovenia","Stalcerji",2017,9.99,12.24,1.77,NA,NA,91.98630137,"European Environment Agency (downloaded in 2021)",NA,2022,NA
"European Region","SVN","Slovenia","Stalcerji",2018,11.37,14.09,2.2,NA,NA,99.48630137,"European Environment Agency (downloaded in 2021)",NA,2022,NA
"European Region","SVN","Slovenia","Stalcerji",2019,7.88,11.01,2.35,NA,NA,93.51598174,"European Environment Agency (downloaded in 2021)",NA,2022,NA
"European Region","SVN","Slovenia","Trbovlje",2017,NA,29.18,20.61,NA,NA,94.31506849,"European Environment Agency (downloaded in 2021)",NA,2022,NA
"European Region","SVN","Slovenia","Trbovlje",2018,NA,26.88,16.08,NA,NA,99.66894977,"European Environment Agency (downloaded in 2021)",NA,2022,NA
"European Region","SVN","Slovenia","Trbovlje",2019,NA,22.23,18.96,NA,NA,91.32420091,"European Environment Agency (downloaded in 2021)",NA,2022,NA
"European Region","SVN","Slovenia","Zagorje Ob Savi",2017,NA,29.17,24.85,NA,NA,95.55936073,"European Environment Agency (downloaded in 2021)",NA,2022,NA
"European Region","SVN","Slovenia","Zagorje Ob Savi",2018,NA,32.28,20.23,NA,NA,99.88584475,"European Environment Agency (downloaded in 2021)",NA,2022,NA
"European Region","SVN","Slovenia","Zagorje Ob Savi",2019,NA,25.31,20.38,NA,NA,95.37671233,"European Environment Agency (downloaded in 2021)",NA,2022,NA
"European Region","SWE","Sweden","Alvesta",2018,7.03,15.08,8.17,99.39497717,99.39497717,99.39497717,"European Environment Agency (downloaded in 2021)",NA,2022,NA
"European Region","SWE","Sweden","Arlov",2017,5.99,15.8,15.19,100,100,100,"European Environment Agency (downloaded in 2021)",NA,2022,NA
"European Region","SWE","Sweden","Arlov",2018,6.66,18.4,13.6,99.74885845,99.74885845,99.72031964,"European Environment Agency (downloaded in 2021)",NA,2022,NA
"European Region","SWE","Sweden","Arvika",2017,NA,16.28,16.62,NA,NA,92.6826484,"European Environment Agency (downloaded in 2021)",NA,2022,NA
"European Region","SWE","Sweden","Boras",2017,NA,14.23,21.02,NA,NA,99.7260274,"European Environment Agency (downloaded in 2021)",NA,2022,NA
"European Region","SWE","Sweden","Boras",2018,NA,18.08,26.73,NA,NA,93.19634703,"European Environment Agency (downloaded in 2021)",NA,2022,NA
"European Region","SWE","Sweden","Boras",2019,NA,16.64,25.03,NA,NA,97.8652968,"European Environment Agency (downloaded in 2021)",NA,2022,NA
"European Region","SWE","Sweden","Eskilstuna",2018,4.69,11.45,6.88,NA,NA,99.88584475,"European Environment Agency (downloaded in 2021)",NA,2022,NA
"European Region","SWE","Sweden","Gavle",2017,NA,13.6,16.87,NA,NA,99.32648402,"European Environment Agency (downloaded in 2021)",NA,2022,NA
"European Region","SWE","Sweden","Gavle",2018,NA,16.76,24.55,NA,NA,98.45890411,"European Environment Agency (downloaded in 2021)",NA,2022,NA
"European Region","SWE","Sweden","Gavle",2019,NA,16.2,23.7,NA,NA,97.11187215,"European Environment Agency (downloaded in 2021)",NA,2022,NA
"European Region","SWE","Sweden","Gävle",2017,NA,8.85,9.24,NA,NA,96.56392694,"European Environment Agency (downloaded in 2021)",NA,2022,NA
"European Region","SWE","Sweden","Gothenburg",2017,6.77,16.53,28.87,NA,NA,97.6826484,"European Environment Agency (downloaded in 2021)",NA,2022,NA
"European Region","SWE","Sweden","Gothenburg",2018,7.72,18.64,28.32,NA,NA,97.58751902,"European Environment Agency (downloaded in 2021)",NA,2022,NA
"European Region","SWE","Sweden","Gothenburg",2019,6.49,18.21,23.8,NA,NA,97.6065449,"European Environment Agency (downloaded in 2021)",NA,2022,NA
"European Region","SWE","Sweden","Halmstad",2017,NA,15.17,14.25,NA,NA,96.37557078,"European Environment Agency (downloaded in 2021)",NA,2022,NA
"European Region","SWE","Sweden","Halmstad",2018,NA,17.57,14.27,NA,NA,97.04908676,"European Environment Agency (downloaded in 2021)",NA,2022,NA
"European Region","SWE","Sweden","Halmstad",2019,NA,18.96,15.87,NA,NA,96.28424658,"European Environment Agency (downloaded in 2021)",NA,2022,NA
"European Region","SWE","Sweden","Helsingborg",2017,NA,16.38,19.62,NA,NA,91.30517504,"European Environment Agency (downloaded in 2021)",NA,2022,NA
"European Region","SWE","Sweden","Helsingborg",2019,NA,17.34,19.97,NA,NA,95.17123288,"European Environment Agency (downloaded in 2021)",NA,2022,NA
"European Region","SWE","Sweden","Jonkoping",2017,NA,10.67,20.22,NA,NA,99.76027397,"European Environment Agency (downloaded in 2021)",NA,2022,NA
"European Region","SWE","Sweden","Jonkoping",2018,NA,15.43,21.86,NA,NA,98.34474886,"European Environment Agency (downloaded in 2021)",NA,2022,NA
"European Region","SWE","Sweden","Jonkoping",2019,NA,13.61,22.3,NA,NA,98.02511416,"European Environment Agency (downloaded in 2021)",NA,2022,NA
"European Region","SWE","Sweden","Karlskrona",2018,NA,17.22,11.21,NA,NA,100,"European Environment Agency (downloaded in 2021)",NA,2022,NA
"European Region","SWE","Sweden","Karlskrona",2019,NA,17.05,9.38,NA,NA,98.55022831,"European Environment Agency (downloaded in 2021)",NA,2022,NA
"European Region","SWE","Sweden","Karlstad",2017,NA,15.81,16.71,NA,NA,95.7020548,"European Environment Agency (downloaded in 2021)",NA,2022,NA
"European Region","SWE","Sweden","Karlstad",2018,NA,17.85,16.67,NA,NA,93.03938356,"European Environment Agency (downloaded in 2021)",NA,2022,NA
"European Region","SWE","Sweden","Karlstad",2019,NA,17.2,14.38,NA,NA,96.54394977,"European Environment Agency (downloaded in 2021)",NA,2022,NA
"European Region","SWE","Sweden","Landskrona",2017,NA,14.72,11.51,NA,NA,97.043379,"European Environment Agency (downloaded in 2021)",NA,2022,NA
"European Region","SWE","Sweden","Landskrona",2018,NA,18.13,13.49,NA,NA,98.05936073,"European Environment Agency (downloaded in 2021)",NA,2022,NA
"European Region","SWE","Sweden","Landskrona",2019,NA,16.05,10.8,NA,NA,87.64269407,"European Environment Agency (downloaded in 2021)",NA,2022,NA
"European Region","SWE","Sweden","Ljungby",2017,5.51,14.74,7.2,97.85388128,97.85388128,97.85388128,"European Environment Agency (downloaded in 2021)",NA,2022,NA
"European Region","SWE","Sweden","Ljungby",2018,6.78,16.69,7.62,99.97716895,99.97716895,99.97716895,"European Environment Agency (downloaded in 2021)",NA,2022,NA
"European Region","SWE","Sweden","Ljungby",2019,4.85,11.08,6.55,95.66210046,95.66210046,95.66210046,"European Environment Agency (downloaded in 2021)",NA,2022,NA
"European Region","SWE","Sweden","Lulea",2017,NA,14.71,12.03,NA,NA,90.02283105,"European Environment Agency (downloaded in 2021)",NA,2022,NA
"European Region","SWE","Sweden","Lulea",2018,NA,15.48,11.67,NA,NA,85.47374429,"European Environment Agency (downloaded in 2021)",NA,2022,NA
"European Region","SWE","Sweden","Lund",2017,NA,10.63,10.74,NA,NA,97.20890411,"European Environment Agency (downloaded in 2021)",NA,2022,NA
"European Region","SWE","Sweden","Lund",2018,NA,15.48,11.42,NA,NA,95.2739726,"European Environment Agency (downloaded in 2021)",NA,2022,NA
"European Region","SWE","Sweden","Lund",2019,NA,12.67,10.84,NA,NA,97.11757991,"European Environment Agency (downloaded in 2021)",NA,2022,NA
"European Region","SWE","Sweden","Malmberget",2017,2.54,4.82,6.22,NA,NA,75.12557078,"European Environment Agency (downloaded in 2021)",NA,2022,NA
"European Region","SWE","Sweden","Malmo",2017,9.66,16.29,20.11,NA,NA,99.13622526,"European Environment Agency (downloaded in 2021)",NA,2022,NA
"European Region","SWE","Sweden","Malmo",2018,11.17,19.37,20.02,NA,NA,97.89193303,"European Environment Agency (downloaded in 2021)",NA,2022,NA
"European Region","SWE","Sweden","Malmo",2019,9.8,16.02,16.94,NA,NA,97.6065449,"European Environment Agency (downloaded in 2021)",NA,2022,NA
"European Region","SWE","Sweden","Olofström",2017,NA,4.23,6.84,NA,83.75570776,83.75570776,"European Environment Agency (downloaded in 2021)",NA,2022,NA
"European Region","SWE","Sweden","Olofström",2018,4.85,15.79,7.76,100,100,100,"European Environment Agency (downloaded in 2021)",NA,2022,NA
"European Region","SWE","Sweden","Onsala",2017,3.29,11.88,2.93,100,100,100,"European Environment Agency (downloaded in 2021)",NA,2022,NA
"European Region","SWE","Sweden","Onsala",2018,3.74,12.56,3.53,96.35844749,96.35844749,96.35844749,"European Environment Agency (downloaded in 2021)",NA,2022,NA
"European Region","SWE","Sweden","Onsala",2019,3.94,10.96,3.32,100,100,100,"European Environment Agency (downloaded in 2021)",NA,2022,NA
"European Region","SWE","Sweden","Orebro",2017,NA,9.78,12.63,NA,NA,100,"European Environment Agency (downloaded in 2021)",NA,2022,NA
"European Region","SWE","Sweden","Orebro",2018,NA,12.88,12.31,NA,NA,100,"European Environment Agency (downloaded in 2021)",NA,2022,NA
"European Region","SWE","Sweden","Orebro",2019,NA,11.99,10.48,NA,NA,97.81392694,"European Environment Agency (downloaded in 2021)",NA,2022,NA
"European Region","SWE","Sweden","Ornskoldsvik",2017,NA,18.22,25.1,NA,NA,89.94292237,"European Environment Agency (downloaded in 2021)",NA,2022,NA
"European Region","SWE","Sweden","Ornskoldsvik",2018,NA,18.38,29.05,NA,NA,98.02511416,"European Environment Agency (downloaded in 2021)",NA,2022,NA
"European Region","SWE","Sweden","Ornskoldsvik",2019,NA,20.7,28.15,NA,NA,92.37442922,"European Environment Agency (downloaded in 2021)",NA,2022,NA
"European Region","SWE","Sweden","Säffle",2019,NA,14.92,8.48,NA,NA,98.68150685,"European Environment Agency (downloaded in 2021)",NA,2022,NA
"European Region","SWE","Sweden","Skelleftea",2017,NA,15.08,25.65,NA,NA,90.52511416,"European Environment Agency (downloaded in 2021)",NA,2022,NA
"European Region","SWE","Sweden","Skelleftea",2019,NA,18.46,24.64,NA,NA,89.23515982,"European Environment Agency (downloaded in 2021)",NA,2022,NA
"European Region","SWE","Sweden","Sodertalje",2017,NA,20.54,28.77,NA,NA,98.85844749,"European Environment Agency (downloaded in 2021)",NA,2022,NA
"European Region","SWE","Sweden","Sodertalje",2018,NA,22.17,27.56,NA,NA,99.01826484,"European Environment Agency (downloaded in 2021)",NA,2022,NA
"European Region","SWE","Sweden","Sodertalje",2019,NA,19.77,24.35,NA,NA,99.71461187,"European Environment Agency (downloaded in 2021)",NA,2022,NA
"European Region","SWE","Sweden","Sollentuna",2017,4.68,12,30.88,NA,NA,98.49315068,"European Environment Agency (downloaded in 2021)",NA,2022,NA
"European Region","SWE","Sweden","Sollentuna",2018,5.9,16.09,27.52,NA,NA,98.08219178,"European Environment Agency (downloaded in 2021)",NA,2022,NA
"European Region","SWE","Sweden","Sollentuna",2019,5.49,15.15,23.77,NA,NA,97.34018265,"European Environment Agency (downloaded in 2021)",NA,2022,NA
"European Region","SWE","Sweden","Solna",2019,6.04,17.17,17.84,NA,NA,99.24657534,"European Environment Agency (downloaded in 2021)",NA,2022,NA
"European Region","SWE","Sweden","Stockholm",2017,4.82,18.17,23.71,NA,NA,99.17094749,"European Environment Agency (downloaded in 2021)",NA,2022,NA
"European Region","SWE","Sweden","Stockholm",2018,6.21,20.53,26.34,NA,NA,98.56449772,"European Environment Agency (downloaded in 2021)",NA,2022,NA
"European Region","SWE","Sweden","Stockholm",2019,5.9,17.89,21.58,NA,NA,98.25469305,"European Environment Agency (downloaded in 2021)",NA,2022,NA
"European Region","SWE","Sweden","Sundsvall",2017,5.39,20.44,20.93,NA,NA,91.15296804,"European Environment Agency (downloaded in 2021)",NA,2022,NA
"European Region","SWE","Sweden","Sundsvall",2018,6.24,15.47,20.07,NA,NA,92.84246575,"European Environment Agency (downloaded in 2021)",NA,2022,NA
"European Region","SWE","Sweden","Sundsvall",2019,5.81,17.23,20.09,NA,NA,98.37899543,"European Environment Agency (downloaded in 2021)",NA,2022,NA
"European Region","SWE","Sweden","Tingsryd",2018,9.59,13.33,6.38,99.42922374,99.42922374,99.42922374,"European Environment Agency (downloaded in 2021)",NA,2022,NA
"European Region","SWE","Sweden","Trelleborg",2017,NA,18.14,18.92,NA,NA,94.44063927,"European Environment Agency (downloaded in 2021)",NA,2022,NA
"European Region","SWE","Sweden","Trelleborg",2018,NA,18.92,20.35,NA,NA,97.6369863,"European Environment Agency (downloaded in 2021)",NA,2022,NA
"European Region","SWE","Sweden","Trelleborg",2019,NA,18.54,19.81,NA,NA,96.02739726,"European Environment Agency (downloaded in 2021)",NA,2022,NA
"European Region","SWE","Sweden","Tystberga",2017,NA,7.4,1.38,NA,NA,97.80821918,"European Environment Agency (downloaded in 2021)",NA,2022,NA
"European Region","SWE","Sweden","Umea",2017,3.54,11.59,29.98,NA,NA,99.97716895,"European Environment Agency (downloaded in 2021)",NA,2022,NA
"European Region","SWE","Sweden","Umea",2018,4.6,14.42,28.63,NA,NA,87.79680365,"European Environment Agency (downloaded in 2021)",NA,2022,NA
"European Region","SWE","Sweden","Umea",2019,4.26,16.12,25.85,NA,NA,98.27625571,"European Environment Agency (downloaded in 2021)",NA,2022,NA
"European Region","SWE","Sweden","Uppsala",2017,4.65,17.11,22.07,NA,NA,94.57762557,"European Environment Agency (downloaded in 2021)",NA,2022,NA
"European Region","SWE","Sweden","Uppsala",2018,6.63,19.89,36.24,NA,NA,99.7716895,"European Environment Agency (downloaded in 2021)",NA,2022,NA
"European Region","SWE","Sweden","Uppsala",2019,5.59,13.68,20.52,NA,NA,99.33219179,"European Environment Agency (downloaded in 2021)",NA,2022,NA
"European Region","SWE","Sweden","Västerås",2017,4.59,11.69,12.94,NA,NA,80.74200913,"European Environment Agency (downloaded in 2021)",NA,2022,NA
"European Region","SWE","Sweden","Västerås",2018,6.73,15.76,14.01,NA,NA,98.12785388,"European Environment Agency (downloaded in 2021)",NA,2022,NA
"European Region","SWE","Sweden","Västerås",2019,5.98,12.29,11.17,NA,NA,96.87214612,"European Environment Agency (downloaded in 2021)",NA,2022,NA
"European Region","SWE","Sweden","Vaxjo",2017,6.76,11.79,13.43,NA,NA,92.05479452,"European Environment Agency (downloaded in 2021)",NA,2022,NA
"European Region","SWE","Sweden","Vaxjo",2018,9.6,15.99,11.71,NA,NA,100,"European Environment Agency (downloaded in 2021)",NA,2022,NA
"European Region","SWE","Sweden","Vaxjo",2019,7.97,12.61,10.64,NA,NA,93.74429224,"European Environment Agency (downloaded in 2021)",NA,2022,NA
"European Region","SWE","Sweden","Växjö",2017,5.87,11.65,8.69,98.05936073,98.05936073,98.05936073,"European Environment Agency (downloaded in 2021)",NA,2022,NA
"European Region","SWE","Sweden","Växjö",2019,5.98,12.86,6.75,96.48401826,96.48401826,96.48401826,"European Environment Agency (downloaded in 2021)",NA,2022,NA
"European Region","TUR","Turkey","Adana",2017,NA,51.64,14.24,NA,NA,100,"European Environment Agency (downloaded in 2021)",NA,2022,NA
"European Region","TUR","Turkey","Adana",2018,NA,58.21,16.1,NA,NA,93.30669711,"European Environment Agency (downloaded in 2021)",NA,2022,NA
"European Region","TUR","Turkey","Adana",2019,NA,42.3,30.68,NA,NA,87.804414,"European Environment Agency (downloaded in 2021)",NA,2022,NA
"European Region","TUR","Turkey","Adnan Menderes",2019,14.25,34.83,22.54,99.00684932,99.00684932,99.00684932,"European Environment Agency (downloaded in 2021)",NA,2022,NA
"European Region","TUR","Turkey","Agri",2017,NA,57.5,7.13,NA,NA,100,"European Environment Agency (downloaded in 2021)",NA,2022,NA
"European Region","TUR","Turkey","Agri",2018,NA,56.47,8.15,NA,NA,97.30593607,"European Environment Agency (downloaded in 2021)",NA,2022,NA
"European Region","TUR","Turkey","Ahmet Vefik Paşa",2017,NA,48.66,23.74,NA,NA,100,"European Environment Agency (downloaded in 2021)",NA,2022,NA
"European Region","TUR","Turkey","Ahmet Vefik Paşa",2019,NA,42.87,30.42,NA,NA,95.19406393,"European Environment Agency (downloaded in 2021)",NA,2022,NA
"European Region","TUR","Turkey","Akıncılar",2018,NA,49.72,34.93,NA,NA,91.42694064,"European Environment Agency (downloaded in 2021)",NA,2022,NA
"European Region","TUR","Turkey","Akıncılar",2019,NA,55.89,40.22,NA,NA,78.26484018,"European Environment Agency (downloaded in 2021)",NA,2022,NA
"European Region","TUR","Turkey","Amasya",2017,33.38,54.43,45.32,NA,NA,100,"European Environment Agency (downloaded in 2021)",NA,2022,NA
"European Region","TUR","Turkey","Amasya",2018,33.69,48.71,42.37,NA,NA,92.1803653,"European Environment Agency (downloaded in 2021)",NA,2022,NA
"European Region","TUR","Turkey","Amasya",2019,34.09,53.38,23.62,NA,NA,84.5890411,"European Environment Agency (downloaded in 2021)",NA,2022,NA
"European Region","TUR","Turkey","Ankara",2017,22,66.72,49.61,NA,NA,100,"European Environment Agency (downloaded in 2021)",NA,2022,NA
"European Region","TUR","Turkey","Ankara",2018,NA,63.35,54.43,NA,NA,83.40182649,"European Environment Agency (downloaded in 2021)",NA,2022,NA
"European Region","TUR","Turkey","Ankara",2019,17.47,45.68,46.49,NA,NA,91.57914764,"European Environment Agency (downloaded in 2021)",NA,2022,NA
"European Region","TUR","Turkey","Aralık",2018,NA,47.49,7.6,NA,NA,94.7260274,"European Environment Agency (downloaded in 2021)",NA,2022,NA
"European Region","TUR","Turkey","Ardahan",2017,NA,23.16,24.62,NA,NA,99.97716895,"European Environment Agency (downloaded in 2021)",NA,2022,NA
"European Region","TUR","Turkey","Ardahan",2018,NA,18.23,25.58,NA,NA,93.00228311,"European Environment Agency (downloaded in 2021)",NA,2022,NA
"European Region","TUR","Turkey","Ardahan",2019,NA,40.13,23.4,NA,NA,83.45890411,"European Environment Agency (downloaded in 2021)",NA,2022,NA
"European Region","TUR","Turkey","Ardeşen",2018,12.67,22.94,5.03,NA,NA,98.05936073,"European Environment Agency (downloaded in 2021)",NA,2022,NA
"European Region","TUR","Turkey","Artvin",2017,NA,23.9,7,NA,NA,99.97716895,"European Environment Agency (downloaded in 2021)",NA,2022,NA
"European Region","TUR","Turkey","Artvin",2018,NA,23.52,8.84,NA,NA,96.49543379,"European Environment Agency (downloaded in 2021)",NA,2022,NA
"European Region","TUR","Turkey","Avcılar",2019,21.52,28.08,37.55,99.26940639,99.26940639,99.26940639,"European Environment Agency (downloaded in 2021)",NA,2022,NA
"European Region","TUR","Turkey","Bağcılar",2019,21.57,44.23,51.57,99.40639269,99.40639269,99.40639269,"European Environment Agency (downloaded in 2021)",NA,2022,NA
"European Region","TUR","Turkey","Bakırcı Mahallesi",2018,41.98,67.6,64.45,NA,NA,96.73515982,"European Environment Agency (downloaded in 2021)",NA,2022,NA
"European Region","TUR","Turkey","Bakırcı Mahallesi",2019,53.78,76.37,67.72,NA,NA,96.90639269,"European Environment Agency (downloaded in 2021)",NA,2022,NA
"European Region","TUR","Turkey","Balikesir",2019,17.82,33.78,23.05,NA,NA,95.76484018,"European Environment Agency (downloaded in 2021)",NA,2022,NA
"European Region","TUR","Turkey","Bandirma",2017,NA,52.58,44.94,NA,NA,100,"European Environment Agency (downloaded in 2021)",NA,2022,NA
"European Region","TUR","Turkey","Bandirma",2018,NA,47.55,26.96,NA,NA,98.89269406,"European Environment Agency (downloaded in 2021)",NA,2022,NA
"European Region","TUR","Turkey","Bandirma",2019,NA,43.05,29.01,NA,NA,99.7716895,"European Environment Agency (downloaded in 2021)",NA,2022,NA
"European Region","TUR","Turkey","Bartin",2019,26.9,49.3,28.3,NA,NA,88.51598174,"European Environment Agency (downloaded in 2021)",NA,2022,NA
"European Region","TUR","Turkey","Battalgazi",2019,NA,33.48,9.52,NA,NA,96.86073059,"European Environment Agency (downloaded in 2021)",NA,2022,NA
"European Region","TUR","Turkey","Bayburt",2017,NA,36.43,25.8,NA,NA,100,"European Environment Agency (downloaded in 2021)",NA,2022,NA
"European Region","TUR","Turkey","Bayburt",2018,NA,44.62,25.46,NA,NA,97.99086758,"European Environment Agency (downloaded in 2021)",NA,2022,NA
"European Region","TUR","Turkey","Bayburt",2019,NA,32.96,27.42,NA,NA,85.4109589,"European Environment Agency (downloaded in 2021)",NA,2022,NA
"European Region","TUR","Turkey","Bilecik",2017,NA,47.48,28.47,NA,NA,100,"European Environment Agency (downloaded in 2021)",NA,2022,NA
"European Region","TUR","Turkey","Bilecik",2018,NA,53.1,28.44,NA,NA,99.60045662,"European Environment Agency (downloaded in 2021)",NA,2022,NA
"European Region","TUR","Turkey","Bilecik",2019,17.52,48.42,20.88,NA,NA,97.18607306,"European Environment Agency (downloaded in 2021)",NA,2022,NA
"European Region","TUR","Turkey","Bursa",2017,26.69,78.52,44.81,NA,NA,100,"European Environment Agency (downloaded in 2021)",NA,2022,NA
"European Region","TUR","Turkey","Bursa",2018,27.13,74.58,34.26,NA,NA,96.83409437,"European Environment Agency (downloaded in 2021)",NA,2022,NA
"European Region","TUR","Turkey","Bursa",2019,28.16,56.29,51.43,NA,NA,94.93150685,"European Environment Agency (downloaded in 2021)",NA,2022,NA
"European Region","TUR","Turkey","Canakkale",2019,16.9,42.43,22.85,NA,NA,90.55936073,"European Environment Agency (downloaded in 2021)",NA,2022,NA
"European Region","TUR","Turkey","Cankiri",2019,NA,34.97,36.96,NA,NA,90.58219178,"European Environment Agency (downloaded in 2021)",NA,2022,NA
"European Region","TUR","Turkey","Cerkezkoy",2017,24.9,40.14,24.22,NA,NA,100,"European Environment Agency (downloaded in 2021)",NA,2022,NA
"European Region","TUR","Turkey","Cerkezkoy",2018,17.43,40.49,21.59,NA,NA,98.71004566,"European Environment Agency (downloaded in 2021)",NA,2022,NA
"European Region","TUR","Turkey","Cerkezkoy",2019,18.84,39.71,24.76,NA,NA,91.00456621,"European Environment Agency (downloaded in 2021)",NA,2022,NA
"European Region","TUR","Turkey","Cigli",2017,NA,35.56,12.2,NA,NA,99.99238965,"European Environment Agency (downloaded in 2021)",NA,2022,NA
"European Region","TUR","Turkey","Cigli",2019,NA,36.58,15.21,NA,NA,93.93550228,"European Environment Agency (downloaded in 2021)",NA,2022,NA
"European Region","TUR","Turkey","Corum",2017,29.34,64.57,55.67,NA,NA,100,"European Environment Agency (downloaded in 2021)",NA,2022,NA
"European Region","TUR","Turkey","Corum",2018,25.19,61.59,42.27,NA,NA,91.21004567,"European Environment Agency (downloaded in 2021)",NA,2022,NA
"European Region","TUR","Turkey","Cumhuriyet",2018,NA,53.92,37.93,NA,NA,92.8652968,"European Environment Agency (downloaded in 2021)",NA,2022,NA
"European Region","TUR","Turkey","Cumhuriyet Mh.",2017,NA,65.19,20.25,NA,NA,100,"European Environment Agency (downloaded in 2021)",NA,2022,NA
"European Region","TUR","Turkey","Cumhuriyet Mh.",2018,NA,54.19,15.44,NA,NA,97.52283105,"European Environment Agency (downloaded in 2021)",NA,2022,NA
"European Region","TUR","Turkey","Cumhuriyet Mh.",2019,NA,54.57,7.18,NA,NA,90.69634703,"European Environment Agency (downloaded in 2021)",NA,2022,NA
"European Region","TUR","Turkey","Dilovası",2019,NA,14,13.36,NA,97.70547945,97.70547945,"European Environment Agency (downloaded in 2021)",NA,2022,NA
"European Region","TUR","Turkey","Duzce",2019,44.62,65.57,17.38,NA,NA,95.34246575,"European Environment Agency (downloaded in 2021)",NA,2022,NA
"European Region","TUR","Turkey","Edirne",2017,43.21,52.14,18.33,NA,NA,100,"European Environment Agency (downloaded in 2021)",NA,2022,NA
"European Region","TUR","Turkey","Edirne",2018,27.27,49.93,13.63,NA,NA,98.26484019,"European Environment Agency (downloaded in 2021)",NA,2022,NA
"European Region","TUR","Turkey","Edirne",2019,21.54,48.78,13.68,NA,NA,96.22526636,"European Environment Agency (downloaded in 2021)",NA,2022,NA
"European Region","TUR","Turkey","Emek",2019,17.33,48.04,30.29,NA,NA,84.9543379,"European Environment Agency (downloaded in 2021)",NA,2022,NA
"European Region","TUR","Turkey","Erdek",2019,NA,24.11,7.59,NA,NA,95.26255708,"European Environment Agency (downloaded in 2021)",NA,2022,NA
"European Region","TUR","Turkey","Erzincan",2017,NA,74.61,24.2,NA,NA,100,"European Environment Agency (downloaded in 2021)",NA,2022,NA
"European Region","TUR","Turkey","Erzincan",2018,NA,75.2,28.19,NA,NA,91.15296804,"European Environment Agency (downloaded in 2021)",NA,2022,NA
"European Region","TUR","Turkey","Erzincan",2019,NA,69.15,34.55,NA,NA,94.7716895,"European Environment Agency (downloaded in 2021)",NA,2022,NA
"European Region","TUR","Turkey","Erzurum",2017,NA,42.97,52.97,NA,NA,100,"European Environment Agency (downloaded in 2021)",NA,2022,NA
"European Region","TUR","Turkey","Erzurum",2018,NA,40.98,59.4,NA,NA,99.14383562,"European Environment Agency (downloaded in 2021)",NA,2022,NA
"European Region","TUR","Turkey","Evliya Çelebi",2019,18.13,45.41,42.07,96.23287671,96.23287671,96.23287671,"European Environment Agency (downloaded in 2021)",NA,2022,NA
"European Region","TUR","Turkey","Fatih",2018,NA,41.92,42.91,NA,NA,98.43607306,"European Environment Agency (downloaded in 2021)",NA,2022,NA
"European Region","TUR","Turkey","Fatih",2019,NA,50.08,42.46,NA,NA,96.40410959,"European Environment Agency (downloaded in 2021)",NA,2022,NA
"European Region","TUR","Turkey","Fuatpaşa",2019,22.63,59.2,30.76,NA,NA,93.65296804,"European Environment Agency (downloaded in 2021)",NA,2022,NA
"European Region","TUR","Turkey","Gazicelal",2018,NA,40.99,18.76,NA,NA,82.15753425,"European Environment Agency (downloaded in 2021)",NA,2022,NA
"European Region","TUR","Turkey","Giresun",2017,17.42,35.6,42.93,NA,NA,100,"European Environment Agency (downloaded in 2021)",NA,2022,NA
"European Region","TUR","Turkey","Giresun",2018,NA,38.45,27.93,NA,NA,88.64155251,"European Environment Agency (downloaded in 2021)",NA,2022,NA
"European Region","TUR","Turkey","Gumushane",2017,NA,47.03,25.98,NA,NA,100,"European Environment Agency (downloaded in 2021)",NA,2022,NA
"European Region","TUR","Turkey","Gumushane",2018,NA,40.52,24,NA,NA,94.00684932,"European Environment Agency (downloaded in 2021)",NA,2022,NA
"European Region","TUR","Turkey","Gumushane",2019,NA,44.11,27.97,NA,NA,83.23059361,"European Environment Agency (downloaded in 2021)",NA,2022,NA
"European Region","TUR","Turkey","Guzeller",2018,NA,29.03,31.34,NA,NA,95.66210046,"European Environment Agency (downloaded in 2021)",NA,2022,NA
"European Region","TUR","Turkey","Hatay",2017,NA,72.41,14.16,NA,NA,100,"European Environment Agency (downloaded in 2021)",NA,2022,NA
"European Region","TUR","Turkey","Hilal",2018,NA,59.76,66.24,NA,NA,82.00913242,"European Environment Agency (downloaded in 2021)",NA,2022,NA
"European Region","TUR","Turkey","Hopa",2018,16.44,26.31,13.38,NA,NA,81.06164384,"European Environment Agency (downloaded in 2021)",NA,2022,NA
"European Region","TUR","Turkey","Igdir",2017,NA,114.24,26.2,NA,NA,100,"European Environment Agency (downloaded in 2021)",NA,2022,NA
"European Region","TUR","Turkey","Igdir",2018,NA,122.15,34.21,NA,NA,92.4543379,"European Environment Agency (downloaded in 2021)",NA,2022,NA
"European Region","TUR","Turkey","Igdir",2019,NA,118.31,26.51,NA,NA,83.86986301,"European Environment Agency (downloaded in 2021)",NA,2022,NA
"European Region","TUR","Turkey","Istanbul",2017,23.47,40.32,46.35,NA,NA,100,"European Environment Agency (downloaded in 2021)",NA,2022,NA
"European Region","TUR","Turkey","Istanbul",2018,23.66,42.03,43.21,NA,NA,91.97203196,"European Environment Agency (downloaded in 2021)",NA,2022,NA
"European Region","TUR","Turkey","Istanbul",2019,21.9,39.66,47.6,NA,NA,96.85257665,"European Environment Agency (downloaded in 2021)",NA,2022,NA
"European Region","TUR","Turkey","İstasyon Mahallesi",2018,NA,49.42,34.12,NA,NA,91.26712329,"European Environment Agency (downloaded in 2021)",NA,2022,NA
"European Region","TUR","Turkey","İstasyon Mahallesi",2019,NA,58.68,38.48,NA,NA,90.71917808,"European Environment Agency (downloaded in 2021)",NA,2022,NA
"European Region","TUR","Turkey","Karabuk",2019,22.14,49.12,15.86,NA,NA,92.06621005,"European Environment Agency (downloaded in 2021)",NA,2022,NA
"European Region","TUR","Turkey","Kars",2017,NA,56.07,23.72,NA,NA,100,"European Environment Agency (downloaded in 2021)",NA,2022,NA
"European Region","TUR","Turkey","Kars",2018,NA,42.68,24.26,NA,NA,97.7739726,"European Environment Agency (downloaded in 2021)",NA,2022,NA
"European Region","TUR","Turkey","Kars",2019,NA,45,22.68,NA,NA,98.57305936,"European Environment Agency (downloaded in 2021)",NA,2022,NA
"European Region","TUR","Turkey","Kastamonu",2019,29.24,56.36,30.07,NA,NA,84.34931507,"European Environment Agency (downloaded in 2021)",NA,2022,NA
"European Region","TUR","Turkey","Kayseri",2017,NA,66.28,93.67,NA,NA,100,"European Environment Agency (downloaded in 2021)",NA,2022,NA
"European Region","TUR","Turkey","Kayseri",2018,NA,63.02,68.16,NA,NA,94.82876712,"European Environment Agency (downloaded in 2021)",NA,2022,NA
"European Region","TUR","Turkey","Kayseri",2019,NA,61.79,83.39,NA,NA,81.16438356,"European Environment Agency (downloaded in 2021)",NA,2022,NA
"European Region","TUR","Turkey","Kirikkale",2019,16.54,50.04,49.06,NA,NA,91.59817352,"European Environment Agency (downloaded in 2021)",NA,2022,NA
"European Region","TUR","Turkey","Kirklareli",2019,13.06,46.49,13.06,NA,NA,90.17123288,"European Environment Agency (downloaded in 2021)",NA,2022,NA
"European Region","TUR","Turkey","Kirsehir",2019,15.99,30.68,32.4,NA,NA,95.50228311,"European Environment Agency (downloaded in 2021)",NA,2022,NA
"European Region","TUR","Turkey","Kocaeli",2017,19.41,46.31,34.19,NA,NA,100,"European Environment Agency (downloaded in 2021)",NA,2022,NA
"European Region","TUR","Turkey","Kocaeli",2018,17.54,42.18,28.38,NA,NA,96.43455099,"European Environment Agency (downloaded in 2021)",NA,2022,NA
"European Region","TUR","Turkey","Kocaeli",2019,19.05,39.57,29.31,NA,NA,93.97749511,"European Environment Agency (downloaded in 2021)",NA,2022,NA
"European Region","TUR","Turkey","Konya",2017,NA,58.11,63.03,NA,NA,100,"European Environment Agency (downloaded in 2021)",NA,2022,NA
"European Region","TUR","Turkey","Kumköy",2019,14.24,19.12,13.9,95.79908676,95.79908676,95.79908676,"European Environment Agency (downloaded in 2021)",NA,2022,NA
"European Region","TUR","Turkey","Limankoi",2017,NA,29.24,10.06,NA,NA,100,"European Environment Agency (downloaded in 2021)",NA,2022,NA
"European Region","TUR","Turkey","Limankoi",2018,NA,32.52,6.05,NA,NA,85.95319635,"European Environment Agency (downloaded in 2021)",NA,2022,NA
"European Region","TUR","Turkey","Limankoi",2019,NA,30.69,4.23,NA,NA,98.42465753,"European Environment Agency (downloaded in 2021)",NA,2022,NA
"European Region","TUR","Turkey","Manisa",2017,NA,65.09,30.32,NA,NA,100,"European Environment Agency (downloaded in 2021)",NA,2022,NA
"European Region","TUR","Turkey","Mimar Sinan",2017,NA,50.16,28,NA,NA,100,"European Environment Agency (downloaded in 2021)",NA,2022,NA
"European Region","TUR","Turkey","Mimar Sinan",2019,NA,47.84,21.29,NA,NA,99.22374429,"European Environment Agency (downloaded in 2021)",NA,2022,NA
"European Region","TUR","Turkey","Muhittin",2018,NA,36.94,31.44,NA,NA,88.16210046,"European Environment Agency (downloaded in 2021)",NA,2022,NA
"European Region","TUR","Turkey","Ordu",2017,18.41,49.19,78.9,NA,NA,100,"European Environment Agency (downloaded in 2021)",NA,2022,NA
"European Region","TUR","Turkey","Ordu",2018,16.41,52.32,39.89,NA,NA,86.31278539,"European Environment Agency (downloaded in 2021)",NA,2022,NA
"European Region","TUR","Turkey","Palandöken",2018,NA,26.6,13.53,NA,NA,89.60045662,"European Environment Agency (downloaded in 2021)",NA,2022,NA
"European Region","TUR","Turkey","Palandöken",2019,NA,29.94,10.24,NA,NA,81.71232877,"European Environment Agency (downloaded in 2021)",NA,2022,NA
"European Region","TUR","Turkey","Pasinler",2018,NA,18.72,5.03,NA,NA,94.25799087,"European Environment Agency (downloaded in 2021)",NA,2022,NA
"European Region","TUR","Turkey","Rize",2017,NA,27.94,9.07,NA,NA,100,"European Environment Agency (downloaded in 2021)",NA,2022,NA
"European Region","TUR","Turkey","Rize",2018,NA,32.31,15.16,NA,NA,96.05022831,"European Environment Agency (downloaded in 2021)",NA,2022,NA
"European Region","TUR","Turkey","Sakarya",2017,32.67,65.2,24.37,NA,NA,100,"European Environment Agency (downloaded in 2021)",NA,2022,NA
"European Region","TUR","Turkey","Sakarya",2018,28.56,65.43,26.07,NA,NA,96.67237443,"European Environment Agency (downloaded in 2021)",NA,2022,NA
"European Region","TUR","Turkey","Sakarya",2019,22.41,40.58,23.88,NA,NA,96.32705479,"European Environment Agency (downloaded in 2021)",NA,2022,NA
"European Region","TUR","Turkey","Samsun",2017,17.38,55.52,47.62,NA,NA,100,"European Environment Agency (downloaded in 2021)",NA,2022,NA
"European Region","TUR","Turkey","Samsun",2018,13.75,48.08,40.08,NA,NA,90.79908676,"European Environment Agency (downloaded in 2021)",NA,2022,NA
"European Region","TUR","Turkey","Sarıgul",2018,NA,63.61,30.79,NA,NA,96.54109589,"European Environment Agency (downloaded in 2021)",NA,2022,NA
"European Region","TUR","Turkey","Sarıyer",2019,20.3,34.99,30.68,98.18493151,98.18493151,98.18493151,"European Environment Agency (downloaded in 2021)",NA,2022,NA
"European Region","TUR","Turkey","Şerefiye",2017,NA,34.15,44.68,NA,NA,100,"European Environment Agency (downloaded in 2021)",NA,2022,NA
"European Region","TUR","Turkey","Sinop",2017,NA,55.9,35.67,NA,NA,100,"European Environment Agency (downloaded in 2021)",NA,2022,NA
"European Region","TUR","Turkey","Sinop",2018,NA,50.04,36.59,NA,NA,89.16666667,"European Environment Agency (downloaded in 2021)",NA,2022,NA
"European Region","TUR","Turkey","Sinop Merkez",2017,NA,8.67,4.69,NA,NA,99.97716895,"European Environment Agency (downloaded in 2021)",NA,2022,NA
"European Region","TUR","Turkey","Sinop Merkez",2018,NA,15.57,2.82,NA,NA,85.55936073,"European Environment Agency (downloaded in 2021)",NA,2022,NA
"European Region","TUR","Turkey","Sivas",2017,28.81,63.3,54.84,NA,NA,100,"European Environment Agency (downloaded in 2021)",NA,2022,NA
"European Region","TUR","Turkey","Sivas",2018,25.18,57.55,48.37,NA,NA,97.1347032,"European Environment Agency (downloaded in 2021)",NA,2022,NA
"European Region","TUR","Turkey","Sultan Ahmet",2019,21.42,32.31,62.73,98.63013699,98.63013699,98.63013699,"European Environment Agency (downloaded in 2021)",NA,2022,NA
"European Region","TUR","Turkey","Tekirdag",2017,NA,68.19,44.97,NA,NA,100,"European Environment Agency (downloaded in 2021)",NA,2022,NA
"European Region","TUR","Turkey","Tekirdag",2018,NA,41.72,45.8,NA,NA,95.89041096,"European Environment Agency (downloaded in 2021)",NA,2022,NA
"European Region","TUR","Turkey","Tekirdag",2019,18.91,32.28,19.19,NA,NA,95.66210046,"European Environment Agency (downloaded in 2021)",NA,2022,NA
"European Region","TUR","Turkey","Terakki",2019,19.63,33.94,39.57,NA,NA,85.51369863,"European Environment Agency (downloaded in 2021)",NA,2022,NA
"European Region","TUR","Turkey","Tokat",2017,27.43,67.44,37.22,NA,NA,100,"European Environment Agency (downloaded in 2021)",NA,2022,NA
"European Region","TUR","Turkey","Tokat",2018,24.13,51.63,34.23,NA,NA,93.07838661,"European Environment Agency (downloaded in 2021)",NA,2022,NA
"European Region","TUR","Turkey","Trabzon",2017,NA,40.49,27.27,NA,NA,100,"European Environment Agency (downloaded in 2021)",NA,2022,NA
"European Region","TUR","Turkey","Trabzon",2018,NA,28.5,24.41,NA,NA,93.40182649,"European Environment Agency (downloaded in 2021)",NA,2022,NA
"European Region","TUR","Turkey","Uğur Mumcu",2019,18,57.99,29.87,NA,NA,95.19406393,"European Environment Agency (downloaded in 2021)",NA,2022,NA
"European Region","TUR","Turkey","Üskudar",2019,17.27,30.52,64.24,96.67808219,96.67808219,96.67808219,"European Environment Agency (downloaded in 2021)",NA,2022,NA
"European Region","TUR","Turkey","Yalova",2017,18.91,46.76,16.71,NA,NA,100,"European Environment Agency (downloaded in 2021)",NA,2022,NA
"European Region","TUR","Turkey","Yalova",2018,17.36,31.16,16.37,NA,NA,98.93835617,"European Environment Agency (downloaded in 2021)",NA,2022,NA
"European Region","TUR","Turkey","Yalova",2019,18.01,33.74,23.73,NA,NA,96.09589041,"European Environment Agency (downloaded in 2021)",NA,2022,NA
"European Region","TUR","Turkey","Yaylacık",2018,NA,38.4,27.59,NA,NA,87.24885845,"European Environment Agency (downloaded in 2021)",NA,2022,NA
"European Region","TUR","Turkey","Yaylacık",2019,NA,37.67,31.52,NA,NA,94.73744292,"European Environment Agency (downloaded in 2021)",NA,2022,NA
"European Region","TUR","Turkey","Yozgat",2019,14.34,44.29,32.68,NA,NA,88.45890411,"European Environment Agency (downloaded in 2021)",NA,2022,NA
